0.000000
-0.150000
0.000000
-0.360620
-0.152812
-0.391687
-0.116676
-0.403774
-0.053163
-0.378880
-0.044191
-0.276428
0.000000
-0.110731
0.000000
0.034734
0.093989
0.159208
0.194757
0.227385
0.261615
0.297302
0.333330
0.368417
0.401315
0.430882
0.456123
0.476214
0.490530
0.498652
0.500381
0.495733
0.500244
0.518243
0.520510
0.513492
0.501351
0.486737
0.467952
0.363850
0.245591
0.130824
0.025761
0.000000
-0.053645
-0.247896
-0.381739
-0.501177
-0.612618
-0.714472
-0.803829
-0.868574
-0.883192
-0.867913
-0.835825
-0.795291
-0.751554
-0.707811
-0.665932
-0.626929
-0.591268
-0.559082
-0.530297
-0.504728
-0.433021
-0.343847
-0.253381
-0.167108
-0.088091
-0.018640
0.000000
0.004816
0.175732
0.285410
0.381011
0.469948
0.551533
0.623642
0.684170
0.708464
0.706291
0.688753
0.662991
0.633525
0.603153
0.573548
0.545654
0.519950
0.496620
0.416246
0.321427
0.226784
0.137541
0.056743
0.000000
0.000000
-0.061461
-0.196684
-0.294239
-0.382562
-0.465315
-0.541175
-0.608027
-0.663891
-0.691147
-0.691443
-0.675980
-0.651975
-0.624005
-0.594913
-0.566407
-0.539460
-0.514572
-0.491949
-0.433059
-0.341900
-0.246648
-0.155417
-0.071930
0.000000
0.000000
0.042780
0.187188
0.287433
0.377268
0.461427
0.538771
0.607179
0.664625
0.694077
0.695529
0.680568
0.656660
0.628547
0.599178
0.570328
0.543012
0.517758
0.494785
0.440686
0.351974
0.258327
0.168149
0.085211
0.012065
0.000000
-0.022583
-0.173518
-0.274965
-0.365191
-0.449861
-0.528008
-0.597519
-0.656335
-0.690452
-0.694784
-0.681536
-0.658587
-0.630952
-0.601759
-0.572902
-0.545472
-0.520046
-0.496876
-0.443517
-0.354917
-0.261192
-0.170845
-0.087672
-0.014235
0.000000
0.019625
0.170632
0.271812
0.361788
0.446303
0.524407
0.593988
0.652983
0.688678
0.694007
0.681375
0.658793
0.631363
0.602272
0.573453
0.546022
0.520572
0.497365
0.444820
0.356475
0.262847
0.172518
0.089304
0.015774
0.000000
-0.020472
-0.171016
-0.272052
-0.361947
-0.446392
-0.524431
-0.593951
-0.652888
-0.688602
-0.693946
-0.681325
-0.658751
-0.631327
-0.602242
-0.573428
-0.546000
-0.520553
-0.497349
-0.443901
-0.355474
-0.261955
-0.171792
-0.088765
-0.015432
0.000000
0.024078
0.173046
0.273646
0.363304
0.447523
0.525310
0.594555
0.653202
0.688407
0.693462
0.680693
0.658060
0.630631
0.601573
0.572802
0.545427
0.520035
0.496885
0.441896
0.353209
0.259750
0.169761
0.086976
0.013934
0.000000
-0.030508
-0.176939
-0.276906
-0.366249
-0.450144
-0.527545
-0.596341
-0.654489
-0.688537
-0.692909
-0.679766
-0.656953
-0.629467
-0.600425
-0.571713
-0.544418
-0.519116
-0.496058
-0.439099
-0.350049
-0.256637
-0.166852
-0.084365
-0.011694
0.000000
0.038222
0.181701
0.280954
0.369949
0.453481
0.530435
0.598702
0.656254
0.688821
0.692317
0.678686
0.655635
0.628067
0.599036
0.570389
0.543190
0.517996
0.495048
0.435782
0.346296
0.252929
0.163373
0.081228
0.008986
0.000000
-0.046709
-0.186986
-0.285478
-0.374106
-0.457251
-0.533722
-0.601410
-0.658307
-0.689196
-0.691695
-0.677510
-0.654185
-0.626518
-0.597495
-0.568920
-0.541825
-0.516750
-0.493925
-0.432188
-0.342226
-0.248896
-0.159576
-0.077791
-0.006004
0.000000
0.055720
0.192625
0.290323
0.378572
0.461313
0.537278
0.604356
0.660559
0.689638
0.691062
0.676276
0.652652
0.624877
0.595861
0.567359
0.540373
0.515424
0.492729
0.428448
0.337988
0.244691
0.155610
0.074193
0.002875
0.000000
-0.064927
-0.198404
-0.295298
-0.383166
-0.465499
-0.540948
-0.607406
-0.662900
-0.690115
-0.690430
-0.675023
-0.651090
-0.623201
-0.594190
-0.565762
-0.538888
-0.514067
-0.491505
-0.424405
-0.333407
-0.240158
-0.151349
-0.070344
0.000000
0.000000
0.074662
0.204607
0.300693
0.388184
0.470101
0.545015
0.610817
0.665556
0.690690
0.689765
0.673662
0.649382
0.621362
0.592353
0.564005
0.537252
0.512572
0.490156
0.419715
0.328061
0.234847
0.146341
0.065804
0.000000
0.000000
-0.082907
-0.210096
-0.305611
-0.392855
-0.474472
-0.548964
-0.614224
-0.668318
-0.691429
-0.689292
-0.672501
-0.647868
-0.619707
-0.590687
-0.562403
-0.535756
-0.511202
-0.488918
-0.415090
-0.322749
-0.229545
-0.141317
-0.061227
0.000000
0.000000
0.091104
0.215551
0.310494
0.397492
0.478809
0.552880
0.617599
0.671052
0.692154
0.688812
0.671338
0.646356
0.618055
0.589024
0.560805
0.534264
0.509835
0.487683
0.410592
0.317582
0.224378
0.136412
0.056749
0.000000
0.000000
-0.099126
-0.220902
-0.315295
-0.402057
-0.483084
-0.556748
-0.620941
-0.673767
-0.692894
-0.688367
-0.670220
-0.644892
-0.616452
-0.587408
-0.559250
-0.532811
-0.508504
-0.486480
-0.406231
-0.312573
-0.219370
-0.131659
-0.052411
0.000000
0.000000
0.106882
0.226080
0.319941
0.406476
0.487225
0.560494
0.624179
0.676399
0.693610
0.687934
0.669135
0.643472
0.614898
0.585841
0.557743
0.531403
0.507214
0.484102
0.401355
0.307253
0.214164
0.126802
0.048059
0.000000
0.000000
-0.114708
-0.231272
-0.324581
-0.410877
-0.491336
-0.564203
-0.627373
-0.678981
-0.694295
-0.687482
-0.668037
-0.642045
-0.613338
-0.584271
-0.556234
-0.529994
-0.505924
-0.478147
-0.394541
-0.300539
-0.207904
-0.121207
-0.043286
0.000000
0.000000
0.123707
0.237175
0.329820
0.415821
0.495936
0.568334
0.630911
0.680493
0.694281
0.686577
0.666651
0.640437
0.611669
0.582638
0.554691
0.528570
0.504629
0.472144
0.387675
0.293781
0.201611
0.115590
0.038504
0.000000
0.000000
-0.132973
-0.243326
-0.335329
-0.421063
-0.500856
-0.572798
-0.634786
-0.681966
-0.694288
-0.685728
-0.665337
-0.638909
-0.610081
-0.581082
-0.553220
-0.527212
-0.503395
-0.466405
-0.381128
-0.287356
-0.195648
-0.110287
-0.034010
0.000000
0.000000
0.141819
0.249224
0.340628
0.426117
0.505610
0.577124
0.638555
0.683421
0.694331
0.684944
0.664104
0.637465
0.608576
0.579606
0.551824
0.525922
0.502222
0.460886
0.374835
0.281184
0.189925
0.105203
0.029708
0.000000
0.000000
-0.150285
-0.254868
-0.345699
-0.430953
-0.510159
-0.581262
-0.642159
-0.684810
-0.694366
-0.684188
-0.662918
-0.636079
-0.607132
-0.578189
-0.550484
-0.524684
-0.501096
-0.455588
-0.368790
-0.275256
-0.184426
-0.100317
-0.025573
0.000000
0.001893
0.158358
0.260500
0.350797
0.435784
0.514656
0.585302
0.645622
0.686073
0.694291
0.683334
0.661646
0.634617
0.605621
0.576715
0.549093
0.523401
0.499932
0.450338
0.362808
0.269386
0.178976
0.095470
0.021463
0.000000
-0.013869
-0.166000
-0.267165
-0.357017
-0.441512
-0.519744
-0.589602
-0.649010
-0.686914
-0.693609
-0.681791
-0.659666
-0.632467
-0.603463
-0.574644
-0.547162
-0.521634
-0.498336
-0.445184
-0.356964
-0.263591
-0.173517
-0.090524
-0.017170
0.000000
0.026111
0.173789
0.273941
0.363326
0.447310
0.524881
0.593928
0.652401
0.687729
0.692884
0.680199
0.657635
0.630265
0.601257
0.572529
0.545191
0.519830
0.496707
0.440248
0.351373
0.258033
0.168263
0.085745
0.013000
0.000000
-0.037816
-0.181198
-0.280361
-0.369283
-0.452766
-0.529694
-0.597959
-0.655533
-0.688429
-0.692134
-0.678633
-0.655660
-0.628136
-0.599128
-0.570491
-0.543293
-0.518096
-0.495141
-0.435492
-0.345980
-0.252668
-0.163187
-0.081124
-0.008963
0.000000
0.049063
0.188300
0.286503
0.374975
0.457970
0.534278
0.601789
0.658498
0.689073
0.691395
0.677118
0.653757
0.626087
0.597081
0.568533
0.541470
0.516429
0.493638
0.430934
0.340813
0.247527
0.158322
0.076693
0.005093
0.000000
-0.059850
-0.195113
-0.292397
-0.380437
-0.462966
-0.538679
-0.605467
-0.661348
-0.689696
-0.690690
-0.675668
-0.651934
-0.624124
-0.595120
-0.566656
-0.539723
-0.514833
-0.492197
-0.426516
-0.335804
-0.242547
-0.153614
-0.072411
-0.001357
0.000000
0.070322
0.201737
0.298134
0.385758
0.467836
0.542972
0.609058
0.664133
0.690305
0.690003
0.674253
0.650154
0.622207
0.593204
0.564824
0.538017
0.513273
0.490790
0.421696
0.330334
0.237136
0.148533
0.067826
0.000000
0.000000
-0.079767
-0.207954
-0.303660
-0.390980
-0.472698
-0.547341
-0.612802
-0.667140
-0.691076
-0.689435
-0.672928
-0.648443
-0.620343
-0.591332
-0.563025
-0.536339
-0.511737
-0.489402
-0.416697
-0.324602
-0.231413
-0.143108
-0.062881
0.000000
0.000000
0.088500
0.213779
0.308885
0.395948
0.477351
0.551549
0.616436
0.670091
0.691871
0.688937
0.671696
0.646835
0.618584
0.589560
0.561321
0.534747
0.510279
0.488084
0.411925
0.319118
0.225926
0.137896
0.058119
0.000000
0.000000
-0.096921
-0.219405
-0.313937
-0.400754
-0.481855
-0.555626
-0.619962
-0.672959
-0.692655
-0.688471
-0.670520
-0.645294
-0.616896
-0.587857
-0.559684
-0.533217
-0.508877
-0.486816
-0.407363
-0.313877
-0.220683
-0.132915
-0.053567
0.000000
0.000000
0.104985
0.224796
0.318778
0.405362
0.486175
0.559538
0.623345
0.675713
0.693411
0.688028
0.669395
0.643819
0.615280
0.586228
0.558115
0.531752
0.507534
0.485464
0.402918
0.308802
0.215618
0.128114
0.049190
0.000000
0.000000
-0.112747
-0.229980
-0.323431
-0.409789
-0.490323
-0.563291
-0.626590
-0.678351
-0.694131
-0.687597
-0.668310
-0.642399
-0.613724
-0.584659
-0.556606
-0.530342
-0.506242
-0.479583
-0.396183
-0.302156
-0.209412
-0.122555
-0.044437
0.000000
0.000000
0.121559
0.235735
0.328522
0.414581
0.494769
0.567272
0.629985
0.680141
0.694280
0.686781
0.666965
0.640803
0.612049
0.583010
0.555043
0.528895
0.504925
0.473472
0.389195
0.295279
0.203009
0.116841
0.039573
0.000000
0.000000
-0.130967
-0.241982
-0.334118
-0.419905
-0.499765
-0.571804
-0.633917
-0.681626
-0.694272
-0.685902
-0.665615
-0.639235
-0.610421
-0.581416
-0.553537
-0.527504
-0.503661
-0.467615
-0.382509
-0.288713
-0.196909
-0.111411
-0.034965
0.000000
0.000000
0.139983
0.247992
0.339516
0.425053
0.504606
0.576208
0.637753
0.683107
0.694314
0.685102
0.664357
0.637763
0.608888
0.579912
0.552114
0.526190
0.502466
0.462012
0.376119
0.282446
0.191096
0.106246
0.030593
0.000000
0.000000
-0.148578
-0.253724
-0.344669
-0.429968
-0.509230
-0.580415
-0.641419
-0.684522
-0.694354
-0.684337
-0.663156
-0.636357
-0.607423
-0.578475
-0.550754
-0.524934
-0.501324
-0.456642
-0.369993
-0.276437
-0.185522
-0.101293
-0.026400
0.000000
0.000000
0.156814
0.259217
0.349605
0.434677
0.513659
0.584445
0.644930
0.685876
0.694392
0.683604
0.662003
0.635010
0.606019
0.577097
0.549451
0.523730
0.500229
0.451498
0.364126
0.270681
0.180184
0.096549
0.022384
0.000000
-0.011263
-0.164345
-0.265728
-0.355679
-0.440284
-0.518657
-0.588688
-0.648295
-0.686746
-0.693767
-0.682133
-0.660102
-0.632937
-0.603935
-0.575096
-0.547583
-0.522019
-0.498684
-0.446233
-0.358154
-0.264775
-0.174638
-0.091546
-0.018064
0.000000
0.023603
0.172191
0.272550
0.362030
0.446119
0.523825
0.593038
0.651702
0.687560
0.693032
0.680524
0.658051
0.630717
0.601709
0.572963
0.545595
0.520200
0.497041
0.441255
0.352513
0.259167
0.169335
0.086721
0.013852
0.000000
-0.035451
-0.179702
-0.279066
-0.368082
-0.451666
-0.528725
-0.597148
-0.654904
-0.688290
-0.692288
-0.678951
-0.656061
-0.628568
-0.599559
-0.570904
-0.543677
-0.518447
-0.495458
-0.436452
-0.347070
-0.253752
-0.164213
-0.082059
-0.009781
0.000000
0.046800
0.186870
0.285266
0.373829
0.456922
0.533354
0.601016
0.657900
0.688942
0.691543
0.677422
0.654139
0.626499
0.597493
0.568927
0.541837
0.516765
0.493940
0.431848
0.341850
0.248559
0.159298
0.077583
0.005870
0.000000
-0.057692
-0.193749
-0.291216
-0.379343
-0.461965
-0.537797
-0.604729
-0.660776
-0.689570
-0.690831
-0.675958
-0.652298
-0.624516
-0.595512
-0.567032
-0.540073
-0.515152
-0.492485
-0.427440
-0.336852
-0.243586
-0.154594
-0.073299
-0.002128
0.000000
0.068122
0.200337
0.296916
0.384626
0.466797
0.542054
0.608287
0.663533
0.690173
0.690150
0.674556
0.650536
0.622618
0.593616
0.565217
0.538384
0.513608
0.491092
0.422730
0.331512
0.238306
0.149635
0.068825
0.000000
0.000000
-0.077977
-0.206754
-0.302581
-0.389953
-0.471734
-0.546468
-0.612045
-0.666524
-0.690906
-0.689533
-0.673177
-0.648770
-0.620703
-0.591694
-0.563374
-0.536665
-0.512036
-0.489672
-0.417694
-0.325747
-0.232558
-0.144194
-0.063872
0.000000
0.000000
0.086757
0.212617
0.307843
0.394957
0.476423
0.550710
0.615711
0.669503
0.691713
0.689038
0.671943
0.647157
0.618936
0.589914
0.561662
0.535065
0.510570
0.488347
0.412872
0.320207
0.227017
0.138933
0.059067
0.000000
0.000000
-0.095244
-0.218284
-0.312930
-0.399796
-0.480956
-0.554812
-0.619257
-0.672386
-0.692497
-0.688563
-0.670753
-0.645600
-0.617231
-0.588196
-0.560009
-0.533521
-0.509155
-0.487068
-0.408269
-0.314917
-0.221724
-0.133904
-0.054471
0.000000
0.000000
0.103385
0.223726
0.317817
0.404448
0.485318
0.558762
0.622674
0.675166
0.693261
0.688116
0.669618
0.644112
0.615601
0.586551
0.558427
0.532043
0.507800
0.485843
0.403860
0.309852
0.216656
0.129090
0.050072
0.000000
0.000000
-0.111175
-0.228933
-0.322494
-0.408898
-0.489489
-0.562538
-0.625940
-0.677824
-0.693989
-0.687686
-0.668530
-0.642686
-0.614038
-0.584976
-0.556911
-0.530626
-0.506502
-0.480774
-0.397546
-0.303501
-0.210667
-0.123679
-0.045397
0.000000
0.000000
0.119769
0.234563
0.327483
0.413602
0.493859
0.566456
0.629287
0.679902
0.694319
0.686981
0.667251
0.641126
0.612381
0.583332
0.555345
0.529173
0.505177
0.474627
0.390516
0.296581
0.204224
0.117927
0.040499
0.000000
0.000000
-0.129185
-0.240800
-0.333058
-0.418897
-0.498818
-0.570944
-0.633170
-0.681340
-0.694267
-0.686061
-0.665864
-0.639525
-0.610723
-0.581712
-0.553817
-0.527763
-0.503896
-0.468705
-0.383751
-0.289931
-0.198039
-0.112415
-0.035815
0.000000
0.000000
0.138307
0.246872
0.338509
0.424092
0.503701
0.575384
0.637035
0.682828
0.694304
0.685249
0.664590
0.638036
0.609173
0.580192
0.552378
0.526434
0.502688
0.463059
0.377313
0.283617
0.192182
0.107210
0.031409
0.000000
0.000000
-0.146974
-0.252656
-0.343708
-0.429052
-0.508369
-0.579632
-0.640737
-0.684259
-0.694348
-0.684481
-0.663380
-0.636620
-0.607697
-0.578743
-0.551008
-0.525168
-0.501537
-0.457644
-0.371137
-0.277559
-0.186563
-0.102218
-0.027184
0.000000
0.000000
0.155275
0.258191
0.348683
0.433797
0.512832
0.583692
0.644274
0.685623
0.694384
0.683741
0.662218
0.635261
0.606281
0.577355
0.549695
0.523954
0.500433
0.452458
0.365221
0.271756
0.181180
0.097434
0.023133
0.000000
-0.009070
-0.162943
-0.264502
-0.354535
-0.439229
-0.517718
-0.587893
-0.647667
-0.686587
-0.693889
-0.682414
-0.660463
-0.633330
-0.604330
-0.575475
-0.547937
-0.522343
-0.498976
-0.447106
-0.359143
-0.265760
-0.175572
-0.092398
-0.018809
0.000000
0.021474
0.170831
0.271364
0.360923
0.445099
0.522919
0.592273
0.651099
0.687409
0.693152
0.680797
0.658402
0.631098
0.602092
0.573330
0.545937
0.520514
0.497324
0.442110
0.353481
0.260129
0.170244
0.087547
0.014573
0.000000
-0.033437
-0.178430
-0.277965
-0.367062
-0.450733
-0.527903
-0.596462
-0.654372
-0.688176
-0.692421
-0.679224
-0.656403
-0.628936
-0.599927
-0.571256
-0.544005
-0.518746
-0.495729
-0.437275
-0.348002
-0.254681
-0.165092
-0.082859
-0.010480
0.000000
0.044855
0.185643
0.284205
0.372846
0.456023
0.532563
0.600356
0.657388
0.688832
0.691671
0.677684
0.654468
0.626853
0.597846
0.569265
0.542152
0.517052
0.494200
0.432635
0.342741
0.249445
0.160138
0.078347
0.006538
0.000000
-0.055831
-0.192573
-0.290199
-0.378400
-0.461103
-0.537037
-0.604094
-0.660284
-0.689462
-0.690952
-0.676208
-0.652613
-0.624855
-0.595850
-0.567356
-0.540374
-0.515428
-0.492734
-0.428193
-0.337706
-0.244436
-0.155397
-0.074030
-0.002767
0.000000
0.066340
0.199211
0.295942
0.383723
0.465971
0.541327
0.607679
0.663062
0.690070
0.690266
0.674796
0.650837
0.622942
0.593940
0.565527
0.538672
0.513872
0.491330
0.423546
0.332436
0.239219
0.150492
0.069597
0.000000
0.000000
-0.076575
-0.205814
-0.301735
-0.389146
-0.470976
-0.545780
-0.611449
-0.666038
-0.690770
-0.689608
-0.673373
-0.649027
-0.620985
-0.591979
-0.563648
-0.536921
-0.512270
-0.489884
-0.418485
-0.326657
-0.233467
-0.145056
-0.064658
0.000000
0.000000
0.085376
0.211696
0.307018
0.394173
0.475689
0.550047
0.615139
0.669039
0.691590
0.689119
0.672140
0.647413
0.619216
0.590195
0.561933
0.535318
0.510802
0.488556
0.413625
0.321072
0.227882
0.139756
0.059819
0.000000
0.000000
-0.093911
-0.217393
-0.312129
-0.399034
-0.480242
-0.554165
-0.618697
-0.671929
-0.692371
-0.688635
-0.670938
-0.645842
-0.617498
-0.588464
-0.560268
-0.533763
-0.509377
-0.487269
-0.408989
-0.315744
-0.222551
-0.134689
-0.055188
0.000000
0.000000
0.102113
0.222876
0.317054
0.403721
0.484636
0.558145
0.622140
0.674732
0.693142
0.688186
0.669796
0.644345
0.615856
0.586808
0.558674
0.532274
0.508012
0.486035
0.404550
0.310645
0.217450
0.129844
0.050761
0.000000
0.000000
-0.109956
-0.228118
-0.321762
-0.408202
-0.488837
-0.561947
-0.625429
-0.677408
-0.693875
-0.687753
-0.668700
-0.642909
-0.614283
-0.585222
-0.557148
-0.530848
-0.506706
-0.481698
-0.398604
-0.304545
-0.211642
-0.124552
-0.046144
0.000000
0.000000
0.118386
0.233660
0.326685
0.412851
0.493163
0.565832
0.628756
0.679724
0.694354
0.687139
0.667474
0.641378
0.612639
0.583582
0.555581
0.529390
0.505373
0.475521
0.391539
0.297590
0.205165
0.118769
0.041218
0.000000
0.000000
-0.127805
-0.239883
-0.332238
-0.418116
-0.498085
-0.570278
-0.632592
-0.681118
-0.694263
-0.686185
-0.666056
-0.639750
-0.610957
-0.581942
-0.554034
-0.527963
-0.504078
-0.469548
-0.384712
-0.290874
-0.198914
-0.113192
-0.036473
0.000000
0.000000
0.137009
0.246006
0.337730
0.423348
0.503001
0.574746
0.636478
0.682612
0.694296
0.685363
0.664770
0.638248
0.609393
0.580408
0.552583
0.526623
0.502860
0.463870
0.378238
0.284524
0.193023
0.107957
0.032041
0.000000
0.000000
-0.145733
-0.251828
-0.342965
-0.428343
-0.507702
-0.579025
-0.640208
-0.684055
-0.694343
-0.684592
-0.663554
-0.636824
-0.607908
-0.578951
-0.551205
-0.525350
-0.501702
-0.458421
-0.372022
-0.278428
-0.187369
-0.102935
-0.027790
0.000000
0.000000
0.154084
0.257397
0.347969
0.433116
0.512191
0.583109
0.643766
0.685427
0.694379
0.683847
0.662385
0.635456
0.606484
0.577554
0.549883
0.524128
0.500592
0.453201
0.366069
0.272587
0.181952
0.098120
0.023714
0.000000
-0.007371
-0.161856
-0.263554
-0.353648
-0.438411
-0.516991
-0.587277
-0.647180
-0.686464
-0.693983
-0.682631
-0.660743
-0.633635
-0.604635
-0.575769
-0.548211
-0.522594
-0.499202
-0.447781
-0.359909
-0.266523
-0.176295
-0.093057
-0.019386
0.000000
0.019825
0.169778
0.270445
0.360066
0.444310
0.522218
0.591680
0.650632
0.687293
0.693245
0.681009
0.658673
0.631393
0.602388
0.573614
0.546203
0.520756
0.497543
0.442772
0.354231
0.260874
0.170948
0.088187
0.015131
0.000000
-0.031877
-0.177445
-0.277113
-0.366272
-0.450011
-0.527267
-0.595930
-0.653961
-0.688087
-0.692525
-0.679435
-0.656669
-0.629222
-0.600212
-0.571529
-0.544259
-0.518978
-0.495938
-0.437911
-0.348724
-0.255400
-0.165772
-0.083479
-0.011021
0.000000
0.043349
0.184693
0.283383
0.372084
0.455327
0.531950
0.599844
0.656992
0.688746
0.691770
0.677887
0.654723
0.627127
0.598120
0.569527
0.542396
0.517275
0.494401
0.433244
0.343431
0.250132
0.160788
0.078939
0.007055
0.000000
-0.054389
-0.191663
-0.289411
-0.377670
-0.460435
-0.536448
-0.603602
-0.659902
-0.689378
-0.691046
-0.676401
-0.652856
-0.625117
-0.596112
-0.567606
-0.540607
-0.515641
-0.492926
-0.428776
-0.338367
-0.245094
-0.156020
-0.074597
-0.003262
0.000000
0.064960
0.198340
0.295188
0.383024
0.465332
0.540763
0.607209
0.662697
0.689990
0.690356
0.674981
0.651070
0.623194
0.594191
0.565768
0.538896
0.514076
0.491515
0.424177
0.333152
0.239927
0.151156
0.070196
0.000000
0.000000
-0.075489
-0.205086
-0.301079
-0.388520
-0.470389
-0.545248
-0.610988
-0.665661
-0.690666
-0.689667
-0.673524
-0.649227
-0.621203
-0.592199
-0.563861
-0.537120
-0.512452
-0.490049
-0.419098
-0.327361
-0.234171
-0.145724
-0.065267
0.000000
0.000000
0.084305
0.210983
0.306378
0.393565
0.475120
0.549533
0.614696
0.668680
0.691494
0.689181
0.672292
0.647611
0.619432
0.590414
0.562142
0.535514
0.510981
0.488718
0.414207
0.321741
0.228553
0.140393
0.060402
0.000000
0.000000
-0.092879
-0.216703
-0.311509
-0.398443
-0.479688
-0.553663
-0.618263
-0.671576
-0.692274
-0.688691
-0.671081
-0.646030
-0.617704
-0.588672
-0.560468
-0.533950
-0.509548
-0.487424
-0.409546
-0.316385
-0.223191
-0.135298
-0.055744
0.000000
0.000000
0.101128
0.222217
0.316462
0.403158
0.484108
0.557667
0.621727
0.674395
0.693050
0.688240
0.669933
0.644525
0.616053
0.587008
0.558866
0.532453
0.508177
0.486183
0.405085
0.311260
0.218065
0.130428
0.051295
0.000000
0.000000
-0.109011
-0.227487
-0.321195
-0.407663
-0.488331
-0.561490
-0.625034
-0.677087
-0.693787
-0.687805
-0.668832
-0.643082
-0.614472
-0.585413
-0.557332
-0.531020
-0.506863
-0.482413
-0.399423
-0.305353
-0.212398
-0.125229
-0.046722
0.000000
0.000000
0.117315
0.232961
0.326067
0.412269
0.492623
0.565350
0.628344
0.679585
0.694381
0.687262
0.667647
0.641573
0.612838
0.583776
0.555763
0.529557
0.505525
0.476213
0.392332
0.298371
0.205894
0.119421
0.041775
0.000000
0.000000
-0.126735
-0.239174
-0.331602
-0.417511
-0.497517
-0.569762
-0.632144
-0.680946
-0.694260
-0.686280
-0.666206
-0.639924
-0.611138
-0.582119
-0.554202
-0.528118
-0.504219
-0.470201
-0.385457
-0.291604
-0.199591
-0.113793
-0.036982
0.000000
0.000000
0.136004
0.245335
0.337126
0.422772
0.502459
0.574252
0.636047
0.682445
0.694290
0.685451
0.664910
0.638411
0.609564
0.580575
0.552742
0.526770
0.502993
0.464498
0.378954
0.285226
0.193674
0.108536
0.032530
0.000000
0.000000
-0.144772
-0.251187
-0.342389
-0.427794
-0.507185
-0.578555
-0.639799
-0.683898
-0.694339
-0.684678
-0.663689
-0.636981
-0.608073
-0.579112
-0.551357
-0.525490
-0.501830
-0.459022
-0.372708
-0.279101
-0.187994
-0.103489
-0.028260
0.000000
0.000000
0.153161
0.256781
0.347416
0.432589
0.511695
0.582658
0.643373
0.685275
0.694375
0.683929
0.662514
0.635607
0.606641
0.577708
0.550029
0.524263
0.500714
0.453777
0.366725
0.273232
0.182549
0.098651
0.024163
0.000000
-0.006055
-0.161015
-0.262819
-0.352961
-0.437778
-0.516428
-0.586800
-0.646804
-0.686369
-0.694057
-0.682800
-0.660960
-0.633871
-0.604872
-0.575996
-0.548423
-0.522788
-0.499378
-0.448305
-0.360502
-0.267114
-0.176855
-0.093568
-0.019833
0.000000
0.018548
0.168962
0.269733
0.359401
0.443698
0.521675
0.591221
0.650271
0.687202
0.693317
0.681173
0.658884
0.631621
0.602618
0.573834
0.546408
0.520944
0.497713
0.443285
0.354812
0.261451
0.171493
0.088683
0.015563
0.000000
-0.030669
-0.176681
-0.276452
-0.365660
-0.449451
-0.526774
-0.595518
-0.653642
-0.688018
-0.692605
-0.679599
-0.656874
-0.629443
-0.600433
-0.571740
-0.544455
-0.519158
-0.496100
-0.438405
-0.349284
-0.255956
-0.166300
-0.083959
-0.011441
0.000000
0.042183
0.183956
0.282747
0.371494
0.454788
0.531475
0.599447
0.656685
0.688679
0.691847
0.678044
0.654921
0.627340
0.598333
0.569730
0.542585
0.517448
0.494557
0.433715
0.343966
0.250665
0.161291
0.079397
0.007456
0.000000
-0.053273
-0.190957
-0.288801
-0.377104
-0.459917
-0.535992
-0.603221
-0.659607
-0.689314
-0.691118
-0.676551
-0.653045
-0.625320
-0.596315
-0.567800
-0.540788
-0.515806
-0.493076
-0.429228
-0.338880
-0.245604
-0.156502
-0.075036
-0.003646
0.000000
0.063891
0.197665
0.294604
0.382483
0.464837
0.540327
0.606844
0.662415
0.689928
0.690426
0.675125
0.651251
0.623388
0.594385
0.565954
0.539069
0.514235
0.491657
0.424666
0.333707
0.240475
0.151670
0.070659
0.000000
0.000000
-0.074647
-0.204521
-0.300571
-0.388036
-0.469934
-0.544836
-0.610630
-0.665369
-0.690584
-0.689712
-0.673641
-0.649381
-0.621372
-0.592370
-0.564025
-0.537273
-0.512593
-0.490176
-0.419573
-0.327907
-0.234716
-0.146241
-0.065738
0.000000
0.000000
0.083476
0.210430
0.305883
0.393095
0.474679
0.549135
0.614352
0.668401
0.691420
0.689230
0.672410
0.647764
0.619600
0.590582
0.562305
0.535665
0.511120
0.488844
0.414659
0.322260
0.229072
0.140887
0.060854
0.000000
0.000000
-0.092079
-0.216168
-0.311028
-0.397986
-0.479259
-0.553275
-0.617927
-0.671302
-0.692198
-0.688734
-0.671192
-0.646176
-0.617864
-0.588834
-0.560623
-0.534095
-0.509681
-0.487544
-0.409978
-0.316881
-0.223688
-0.135769
-0.056175
0.000000
0.000000
0.100364
0.221707
0.316004
0.402722
0.483699
0.557296
0.621406
0.674135
0.692978
0.688282
0.670040
0.644665
0.616207
0.587162
0.559015
0.532592
0.508304
0.486298
0.405499
0.311736
0.218541
0.130880
0.051708
0.000000
0.000000
-0.108280
-0.226998
-0.320756
-0.407245
-0.487939
-0.561135
-0.624727
-0.676837
-0.693719
-0.687846
-0.668935
-0.643216
-0.614619
-0.585561
-0.557474
-0.531153
-0.506985
-0.482968
-0.400058
-0.305980
-0.212983
-0.125753
-0.047171
0.000000
0.000000
0.116486
0.232420
0.325588
0.411818
0.492205
0.564976
0.628026
0.679478
0.694402
0.687357
0.667781
0.641724
0.612993
0.583927
0.555904
0.529687
0.505643
0.476750
0.392946
0.298977
0.206459
0.119926
0.042206
0.000000
0.000000
-0.125907
-0.238624
-0.331110
-0.417042
-0.497077
-0.569363
-0.631796
-0.680813
-0.694258
-0.686354
-0.666321
-0.640059
-0.611279
-0.582257
-0.554332
-0.528239
-0.504329
-0.470707
-0.386033
-0.292169
-0.200115
-0.114259
-0.037377
0.000000
0.000000
0.135226
0.244815
0.336658
0.422325
0.502038
0.573869
0.635714
0.682315
0.694285
0.685520
0.665018
0.638538
0.609696
0.580705
0.552864
0.526883
0.503097
0.464984
0.379509
0.285770
0.194179
0.108984
0.032910
0.000000
0.000000
-0.144028
-0.250691
-0.341943
-0.427369
-0.506785
-0.578191
-0.639482
-0.683776
-0.694336
-0.684744
-0.663794
-0.637103
-0.608200
-0.579237
-0.551475
-0.525599
-0.501929
-0.459488
-0.373240
-0.279622
-0.188477
-0.103919
-0.028624
0.000000
0.000000
0.152447
0.256305
0.346987
0.432180
0.511311
0.582308
0.643068
0.685158
0.694371
0.683992
0.662614
0.635724
0.606763
0.577828
0.550142
0.524368
0.500809
0.454223
0.367234
0.273731
0.183012
0.099062
0.024512
0.000000
-0.005036
-0.160363
-0.262249
-0.352430
-0.437288
-0.515992
-0.586431
-0.646512
-0.686295
-0.694113
-0.682930
-0.661128
-0.634053
-0.605056
-0.576172
-0.548587
-0.522938
-0.499514
-0.448731
-0.360985
-0.267594
-0.177308
-0.093979
-0.020191
0.000000
0.017525
0.168310
0.269165
0.358872
0.443211
0.521243
0.590856
0.649984
0.687132
0.693376
0.681305
0.659053
0.631805
0.602802
0.574011
0.546573
0.521095
0.497849
0.443697
0.355278
0.261914
0.171931
0.089081
0.015910
0.000000
-0.029695
-0.176066
-0.275919
-0.365165
-0.448998
-0.526375
-0.595184
-0.653382
-0.687960
-0.692668
-0.679730
-0.657039
-0.629620
-0.600611
-0.571910
-0.544613
-0.519302
-0.496230
-0.438801
-0.349733
-0.256403
-0.166723
-0.084344
-0.011778
0.000000
0.041246
0.183365
0.282235
0.371020
0.454354
0.531094
0.599128
0.656439
0.688626
0.691908
0.678171
0.655079
0.627510
0.598503
0.569893
0.542737
0.517587
0.494682
0.434095
0.344396
0.251092
0.161696
0.079766
0.007778
0.000000
-0.052375
-0.190390
-0.288311
-0.376650
-0.459501
-0.535626
-0.602914
-0.659370
-0.689262
-0.691177
-0.676672
-0.653196
-0.625483
-0.596479
-0.567957
-0.540934
-0.515939
-0.493195
-0.429592
-0.339291
-0.246013
-0.156890
-0.075389
-0.003954
0.000000
0.063032
0.197122
0.294134
0.382048
0.464439
0.539977
0.606551
0.662188
0.689879
0.690482
0.675241
0.651396
0.623545
0.594541
0.566103
0.539208
0.514362
0.491772
0.425059
0.334153
0.240915
0.152084
0.071032
0.000167
0.000000
-0.073831
-0.203988
-0.300099
-0.387592
-0.469522
-0.544467
-0.610316
-0.665118
-0.690523
-0.689763
-0.673756
-0.649528
-0.621532
-0.592531
-0.564179
-0.537417
-0.512725
-0.490295
-0.419995
-0.328390
-0.235198
-0.146698
-0.066154
0.000000
0.000000
0.082740
0.209939
0.305442
0.392676
0.474287
0.548780
0.614045
0.668152
0.691353
0.689271
0.672513
0.647900
0.619748
0.590732
0.562448
0.535800
0.511243
0.488955
0.415062
0.322723
0.229535
0.141327
0.061255
0.000000
0.000000
-0.091369
-0.215694
-0.310603
-0.397581
-0.478880
-0.552932
-0.617630
-0.671061
-0.692132
-0.688774
-0.671291
-0.646306
-0.618006
-0.588977
-0.560761
-0.534224
-0.509799
-0.487651
-0.410363
-0.317323
-0.224130
-0.136189
-0.056559
0.000000
0.000000
0.099684
0.221252
0.315595
0.402333
0.483335
0.556966
0.621121
0.673902
0.692914
0.688320
0.670135
0.644789
0.616343
0.587300
0.559147
0.532716
0.508417
0.486401
0.405868
0.312159
0.218965
0.131283
0.052076
0.000000
0.000000
-0.107628
-0.226563
-0.320365
-0.406873
-0.487591
-0.560820
-0.624454
-0.676615
-0.693658
-0.687882
-0.669026
-0.643335
-0.614750
-0.585693
-0.557601
-0.531271
-0.507093
-0.483461
-0.400624
-0.306537
-0.213504
-0.126219
-0.047570
0.000000
0.000000
0.115747
0.231937
0.325162
0.411417
0.491833
0.564643
0.627742
0.679269
0.694356
0.687408
0.667887
0.641858
0.613137
0.584070
0.556042
0.529815
0.505760
0.477301
0.393576
0.299596
0.207034
0.120438
0.042641
0.000000
0.000000
-0.125061
-0.238062
-0.330606
-0.416563
-0.496627
-0.568956
-0.631444
-0.680682
-0.694261
-0.686437
-0.666446
-0.640203
-0.611428
-0.582403
-0.554470
-0.528366
-0.504444
-0.471243
-0.386646
-0.292772
-0.200676
-0.114759
-0.037802
0.000000
0.000000
0.134400
0.244265
0.336166
0.421856
0.501597
0.573468
0.635365
0.682181
0.694283
0.685594
0.665134
0.638673
0.609837
0.580843
0.552995
0.527004
0.503206
0.465495
0.380091
0.286341
0.194709
0.109455
0.033308
0.000000
0.000000
-0.143243
-0.250167
-0.341472
-0.426920
-0.506363
-0.577807
-0.639147
-0.683646
-0.694331
-0.684814
-0.663903
-0.637231
-0.608333
-0.579368
-0.551599
-0.525714
-0.502033
-0.459978
-0.373799
-0.280170
-0.188986
-0.104371
-0.029006
0.000000
0.000000
0.151696
0.255804
0.346537
0.431751
0.510907
0.581941
0.642748
0.685034
0.694368
0.684059
0.662719
0.635847
0.606891
0.577953
0.550261
0.524477
0.500909
0.454692
0.367769
0.274256
0.183499
0.099495
0.024878
0.000000
-0.003963
-0.159678
-0.261651
-0.351870
-0.436772
-0.515533
-0.586043
-0.646205
-0.686217
-0.694173
-0.683067
-0.661304
-0.634246
-0.605249
-0.576357
-0.548760
-0.523096
-0.499657
-0.449276
-0.361604
-0.268202
-0.177874
-0.094486
-0.020624
0.000000
0.016292
0.167530
0.268489
0.358244
0.442636
0.520735
0.590431
0.649653
0.687057
0.693454
0.681468
0.659260
0.632028
0.603025
0.574225
0.546772
0.521277
0.498014
0.444197
0.355845
0.262478
0.172465
0.089567
0.016335
0.000000
-0.028495
-0.175303
-0.275256
-0.364548
-0.448432
-0.525873
-0.594762
-0.653052
-0.687882
-0.692740
-0.679886
-0.657238
-0.629836
-0.600827
-0.572117
-0.544807
-0.519479
-0.496390
-0.439284
-0.350281
-0.256948
-0.167237
-0.084812
-0.012186
0.000000
0.040104
0.182643
0.281611
0.370441
0.453825
0.530627
0.598738
0.656136
0.688560
0.691983
0.678324
0.655273
0.627719
0.598711
0.570093
0.542922
0.517756
0.494835
0.434559
0.344923
0.251616
0.162192
0.080218
0.008172
0.000000
-0.051277
-0.189697
-0.287711
-0.376094
-0.458993
-0.535179
-0.602540
-0.659080
-0.689199
-0.691249
-0.676820
-0.653382
-0.625683
-0.596678
-0.568148
-0.541112
-0.516102
-0.493342
-0.430036
-0.339795
-0.246515
-0.157364
-0.075821
-0.004331
0.000000
0.061980
0.196458
0.293560
0.381515
0.463952
0.539547
0.606192
0.661910
0.689818
0.690551
0.675382
0.651574
0.623736
0.594733
0.566286
0.539378
0.514518
0.491913
0.425540
0.334698
0.241454
0.152589
0.071487
0.000560
0.000000
-0.072673
-0.203245
-0.299451
-0.386987
-0.468966
-0.543973
-0.609900
-0.664793
-0.690451
-0.689842
-0.673920
-0.649734
-0.621755
-0.592753
-0.564392
-0.537615
-0.512906
-0.490458
-0.420555
-0.329031
-0.235837
-0.147303
-0.066705
0.000000
0.000000
0.081761
0.209285
0.304855
0.392117
0.473763
0.548305
0.613635
0.667818
0.691262
0.689325
0.672650
0.648079
0.619944
0.590929
0.562638
0.535977
0.511405
0.489102
0.415600
0.323342
0.230154
0.141913
0.061791
0.000000
0.000000
-0.090425
-0.215064
-0.310038
-0.397044
-0.478376
-0.552477
-0.617237
-0.670742
-0.692046
-0.688827
-0.671424
-0.646480
-0.618196
-0.589169
-0.560946
-0.534396
-0.509957
-0.487793
-0.410877
-0.317913
-0.224721
-0.136751
-0.057072
0.000000
0.000000
0.098775
0.220645
0.315050
0.401814
0.482848
0.556526
0.620740
0.673592
0.692829
0.688370
0.670261
0.644955
0.616525
0.587483
0.559323
0.532880
0.508568
0.486538
0.406360
0.312724
0.219529
0.131819
0.052566
0.000000
0.000000
-0.106760
-0.225982
-0.319844
-0.406376
-0.487125
-0.560398
-0.624090
-0.676318
-0.693577
-0.687930
-0.669147
-0.643494
-0.614924
-0.585869
-0.557770
-0.531429
-0.507238
-0.484119
-0.401377
-0.307281
-0.214198
-0.126842
-0.048102
0.000000
0.000000
0.114762
0.231294
0.324593
0.410882
0.491337
0.564199
0.627364
0.678967
0.694282
0.687470
0.668026
0.642035
0.613330
0.584264
0.556227
0.529988
0.505918
0.478050
0.394432
0.300436
0.207815
0.121134
0.043231
0.000000
0.000000
-0.123911
-0.237298
-0.329922
-0.415912
-0.496017
-0.568403
-0.630964
-0.680504
-0.694267
-0.686550
-0.666616
-0.640400
-0.611632
-0.582602
-0.554658
-0.528539
-0.504602
-0.471975
-0.387483
-0.293595
-0.201442
-0.115443
-0.038383
0.000000
0.000000
0.133273
0.243516
0.335493
0.421215
0.500996
0.572922
0.634890
0.681999
0.694279
0.685695
0.665292
0.638858
0.610029
0.581031
0.553173
0.527168
0.503356
0.466191
0.380885
0.287120
0.195431
0.110097
0.033852
0.000000
0.000000
-0.142173
-0.249453
-0.340830
-0.426307
-0.505786
-0.577282
-0.638689
-0.683469
-0.694326
-0.684908
-0.664052
-0.637406
-0.608515
-0.579547
-0.551768
-0.525870
-0.502175
-0.460645
-0.374560
-0.280917
-0.189678
-0.104986
-0.029527
0.000000
0.000000
0.150672
0.255121
0.345924
0.431166
0.510357
0.581440
0.642312
0.684866
0.694363
0.684150
0.662862
0.636014
0.607065
0.578124
0.550423
0.524627
0.501045
0.455332
0.368499
0.274971
0.184163
0.100085
0.025378
0.000000
-0.002502
-0.158743
-0.260834
-0.351108
-0.436069
-0.514907
-0.585513
-0.645786
-0.686112
-0.694254
-0.683254
-0.661545
-0.634508
-0.605512
-0.576610
-0.548996
-0.523312
-0.499852
-0.450020
-0.362447
-0.269032
-0.178647
-0.095177
-0.021214
0.000000
0.014611
0.166466
0.267568
0.357389
0.441852
0.520043
0.589851
0.649202
0.686955
0.693560
0.681691
0.659542
0.632332
0.603329
0.574516
0.547043
0.521525
0.498238
0.444879
0.356618
0.263247
0.173193
0.090230
0.016914
0.000000
-0.026859
-0.174263
-0.274352
-0.363707
-0.447660
-0.525190
-0.594187
-0.652602
-0.687775
-0.692838
-0.680100
-0.657510
-0.630131
-0.601122
-0.572400
-0.545070
-0.519720
-0.496608
-0.439943
-0.351027
-0.257690
-0.167939
-0.085451
-0.012744
0.000000
0.038547
0.181659
0.280759
0.369652
0.453103
0.529991
0.598206
0.655724
0.688469
0.692085
0.678534
0.655536
0.628003
0.598995
0.570364
0.543175
0.517987
0.495044
0.435192
0.345641
0.252331
0.162868
0.080833
0.008710
0.000000
-0.049780
-0.188752
-0.286893
-0.375336
-0.458300
-0.534568
-0.602031
-0.658685
-0.689113
-0.691347
-0.677021
-0.653635
-0.625956
-0.596951
-0.568408
-0.541354
-0.516323
-0.493542
-0.430642
-0.340482
-0.247198
-0.158011
-0.076410
-0.004846
0.000000
0.060546
0.195552
0.292776
0.380789
0.463287
0.538962
0.605703
0.661530
0.689735
0.690644
0.675575
0.651816
0.623997
0.594993
0.566536
0.539611
0.514730
0.492104
0.426196
0.335442
0.242189
0.153279
0.072109
0.001096
0.000000
-0.071095
-0.202233
-0.298566
-0.386162
-0.468207
-0.543301
-0.609334
-0.664349
-0.690352
-0.689950
-0.674144
-0.650016
-0.622058
-0.593056
-0.564682
-0.537885
-0.513152
-0.490681
-0.421320
-0.329905
-0.236708
-0.148128
-0.067457
0.000000
0.000000
0.080426
0.208393
0.304054
0.391355
0.473049
0.547659
0.613076
0.667364
0.691137
0.689399
0.672836
0.648322
0.620211
0.591199
0.562898
0.536219
0.511627
0.489303
0.416334
0.324185
0.230996
0.142713
0.062520
0.000000
0.000000
-0.089138
-0.214205
-0.309267
-0.396311
-0.477690
-0.551856
-0.616701
-0.670306
-0.691929
-0.688901
-0.671606
-0.646717
-0.618456
-0.589430
-0.561197
-0.534631
-0.510172
-0.487988
-0.411577
-0.318718
-0.225526
-0.137516
-0.057772
0.000000
0.000000
0.097537
0.219817
0.314306
0.401106
0.482185
0.555925
0.620220
0.673169
0.692713
0.688437
0.670434
0.645181
0.616773
0.587733
0.559564
0.533105
0.508774
0.486724
0.407030
0.313494
0.220300
0.132551
0.053235
0.000000
0.000000
-0.105575
-0.225191
-0.319133
-0.405700
-0.486491
-0.559824
-0.623593
-0.675914
-0.693466
-0.687995
-0.669312
-0.643711
-0.615161
-0.586108
-0.558000
-0.531644
-0.507435
-0.485016
-0.402405
-0.308295
-0.215146
-0.127690
-0.048828
0.000000
0.000000
0.113419
0.230418
0.323818
0.410153
0.490661
0.563594
0.626848
0.678556
0.694181
0.687554
0.668215
0.642277
0.613593
0.584527
0.556480
0.530224
0.506134
0.479072
0.395599
0.301583
0.208880
0.122081
0.044035
0.000000
0.000000
-0.122344
-0.236256
-0.328989
-0.415025
-0.495185
-0.567649
-0.630311
-0.680262
-0.694276
-0.686704
-0.666849
-0.640668
-0.611910
-0.582874
-0.554914
-0.528776
-0.504817
-0.472973
-0.388624
-0.294717
-0.202487
-0.116374
-0.039176
0.000000
0.000000
0.131736
0.242494
0.334577
0.420343
0.500175
0.572177
0.634242
0.681751
0.694275
0.685833
0.665507
0.639109
0.610290
0.581288
0.553415
0.527392
0.503559
0.467140
0.381967
0.288181
0.196416
0.110972
0.034594
0.000000
0.000000
-0.140714
-0.248479
-0.339955
-0.425472
-0.505000
-0.576566
-0.638066
-0.683228
-0.694318
-0.685037
-0.664255
-0.637644
-0.608763
-0.579790
-0.551998
-0.526083
-0.502369
-0.461556
-0.375599
-0.281935
-0.190623
-0.105825
-0.030237
0.000000
0.000000
0.149277
0.254191
0.345088
0.430368
0.509606
0.580758
0.641717
0.684637
0.694357
0.684275
0.663058
0.636243
0.607303
0.578358
0.550644
0.524831
0.501231
0.456204
0.369494
0.275947
0.185068
0.100890
0.026059
0.000000
-0.000509
-0.157469
-0.259721
-0.350068
-0.435110
-0.514054
-0.584791
-0.645216
-0.685967
-0.694365
-0.683509
-0.661873
-0.634865
-0.605871
-0.576954
-0.549317
-0.523606
-0.500117
-0.451034
-0.363597
-0.270163
-0.179701
-0.096119
-0.022018
0.000000
0.012319
0.165016
0.266311
0.356223
0.440784
0.519100
0.589061
0.648587
0.686816
0.693704
0.681996
0.659926
0.632747
0.603744
0.574913
0.547413
0.521863
0.498543
0.445809
0.357672
0.264296
0.174185
0.091133
0.017703
0.000000
-0.024629
-0.172845
-0.273120
-0.362560
-0.446606
-0.524257
-0.593403
-0.651988
-0.687629
-0.692972
-0.680391
-0.657881
-0.630532
-0.601524
-0.572785
-0.545430
-0.520049
-0.496905
-0.440842
-0.352045
-0.258702
-0.168896
-0.086321
-0.013503
0.000000
0.036425
0.180318
0.279598
0.368576
0.452118
0.529123
0.597481
0.655161
0.688347
0.692224
0.678820
0.655896
0.628390
0.599382
0.570734
0.543519
0.518302
0.495328
0.436055
0.346620
0.253305
0.163790
0.081672
0.009443
0.000000
-0.047738
-0.187463
-0.285779
-0.374303
-0.457356
-0.533737
-0.601336
-0.658147
-0.688996
-0.691481
-0.677296
-0.653981
-0.626328
-0.597322
-0.568764
-0.541685
-0.516626
-0.493815
-0.431469
-0.341419
-0.248130
-0.158893
-0.077213
-0.005548
0.000000
0.058591
0.194317
0.291708
0.379798
0.462382
0.538164
0.605036
0.661014
0.689622
0.690772
0.675837
0.652146
0.624353
0.595349
0.566876
0.539927
0.515019
0.492365
0.427076
0.336439
0.243176
0.154205
0.072945
0.001819
0.000000
-0.068982
-0.200880
-0.297386
-0.385061
-0.467195
-0.542405
-0.608580
-0.663760
-0.690222
-0.690093
-0.674441
-0.650390
-0.622461
-0.593459
-0.565068
-0.538244
-0.513481
-0.490977
-0.422337
-0.331066
-0.237864
-0.149221
-0.068452
0.000000
0.000000
0.078654
0.207209
0.302990
0.390343
0.472100
0.546800
0.612333
0.666759
0.690971
0.689496
0.673083
0.648646
0.620566
0.591557
0.563242
0.536541
0.511922
0.489569
0.417311
0.325308
0.232119
0.143778
0.063492
0.000000
0.000000
-0.087425
-0.213062
-0.308242
-0.395336
-0.476777
-0.551030
-0.615988
-0.669727
-0.691773
-0.688999
-0.671848
-0.647033
-0.618801
-0.589778
-0.561531
-0.534943
-0.510458
-0.488246
-0.412509
-0.319789
-0.226598
-0.138535
-0.058703
0.000000
0.000000
0.095888
0.218715
0.313316
0.400164
0.481302
0.555125
0.619528
0.672606
0.692558
0.688528
0.670663
0.645482
0.617103
0.588066
0.559884
0.533404
0.509048
0.486972
0.407922
0.314518
0.221324
0.133524
0.054124
0.000000
0.000000
-0.103999
-0.224137
-0.318186
-0.404799
-0.485647
-0.559060
-0.622932
-0.675376
-0.693319
-0.688082
-0.669532
-0.643999
-0.615477
-0.586427
-0.558307
-0.531931
-0.507698
-0.485751
-0.403526
-0.309469
-0.216273
-0.128725
-0.049739
0.000000
0.000000
0.111764
0.229327
0.322847
0.409234
0.489804
0.562824
0.626187
0.678025
0.694044
0.687653
0.668448
0.642578
0.613920
0.584856
0.556796
0.530519
0.506404
0.480328
0.397035
0.302997
0.210196
0.123257
0.045036
0.000000
0.000000
-0.120437
-0.234999
-0.327869
-0.413964
-0.494196
-0.566757
-0.629543
-0.679988
-0.694302
-0.686904
-0.667143
-0.641004
-0.612256
-0.583211
-0.555232
-0.529069
-0.505082
-0.474195
-0.390021
-0.296094
-0.203769
-0.117520
-0.040152
0.000000
0.000000
0.129852
0.241242
0.333455
0.419274
0.499172
0.571265
0.633449
0.681447
0.694269
0.686002
0.665771
0.639416
0.610610
0.581602
0.553712
0.527666
0.503808
0.468297
0.383287
0.289476
0.197617
0.112040
0.035498
0.000000
0.000000
-0.138933
-0.247291
-0.338886
-0.424451
-0.504040
-0.575692
-0.637303
-0.682932
-0.694308
-0.685194
-0.664503
-0.637934
-0.609066
-0.580087
-0.552280
-0.526343
-0.502605
-0.462668
-0.376867
-0.283179
-0.191776
-0.106850
-0.031104
0.000000
0.000000
0.147574
0.253055
0.344067
0.429395
0.508691
0.579925
0.640992
0.684357
0.694350
0.684427
0.663296
0.636522
0.607594
0.578643
0.550913
0.525080
0.501457
0.457269
0.370709
0.277139
0.186174
0.101872
0.026891
0.000000
0.000000
-0.155851
-0.258575
-0.349028
-0.434126
-0.513142
-0.583974
-0.644519
-0.685718
-0.694387
-0.683689
-0.662138
-0.635167
-0.606183
-0.577258
-0.549604
-0.523870
-0.500357
-0.452099
-0.364811
-0.271354
-0.180807
-0.097103
-0.022853
0.000000
0.009890
0.163467
0.264961
0.354963
0.439624
0.518070
0.588191
0.647902
0.686647
0.693844
0.682309
0.660328
0.633183
0.604182
0.575333
0.547805
0.522222
0.498867
0.446779
0.358773
0.265392
0.175223
0.092079
0.018530
0.000000
-0.022270
-0.171340
-0.271808
-0.361337
-0.445481
-0.523258
-0.592559
-0.651325
-0.687466
-0.693107
-0.680695
-0.658271
-0.630955
-0.601949
-0.573192
-0.545809
-0.520396
-0.497218
-0.441790
-0.353119
-0.259769
-0.169904
-0.087238
-0.014303
0.000000
0.034190
0.178906
0.278377
0.367444
0.451082
0.528211
0.596718
0.654571
0.688219
0.692371
0.679122
0.656275
0.628798
0.599790
0.571124
0.543882
0.518634
0.495628
0.436967
0.347653
0.254333
0.164763
0.082559
0.010218
0.000000
-0.045583
-0.186102
-0.284602
-0.373213
-0.456359
-0.532859
-0.600603
-0.657580
-0.688873
-0.691623
-0.677586
-0.654345
-0.626720
-0.597714
-0.569139
-0.542034
-0.516945
-0.494103
-0.432340
-0.342407
-0.249114
-0.159824
-0.078061
-0.006288
0.000000
0.056527
0.193013
0.290580
0.378753
0.461425
0.537321
0.604331
0.660468
0.689502
0.690906
0.676114
0.652495
0.624728
0.595724
0.567234
0.540261
0.515325
0.492641
0.427911
0.337386
0.244118
0.155097
0.073757
0.002528
0.000000
-0.067007
-0.199633
-0.296306
-0.384061
-0.466280
-0.541599
-0.607907
-0.663238
-0.690108
-0.690222
-0.674706
-0.650724
-0.622821
-0.593818
-0.565411
-0.538564
-0.513773
-0.491241
-0.423241
-0.332091
-0.238877
-0.150172
-0.069308
0.000000
0.000000
0.077099
0.206166
0.302052
0.389448
0.471260
0.546038
0.611672
0.666220
0.690821
0.689580
0.673300
0.648931
0.620879
0.591872
0.563546
0.536825
0.512183
0.489805
0.418189
0.326316
0.233126
0.144733
0.064364
0.000000
0.000000
-0.085893
-0.212041
-0.307326
-0.394466
-0.475963
-0.550295
-0.615353
-0.669213
-0.691636
-0.689088
-0.672066
-0.647317
-0.619111
-0.590090
-0.561831
-0.535224
-0.510715
-0.488478
-0.413343
-0.320748
-0.227558
-0.139448
-0.059538
0.000000
0.000000
0.094410
0.217727
0.312429
0.399319
0.480509
0.554407
0.618907
0.672100
0.692418
0.688608
0.670868
0.645752
0.617398
0.588364
0.560171
0.533672
0.509294
0.487194
0.408720
0.315435
0.222241
0.134395
0.054920
0.000000
0.000000
-0.102589
-0.223194
-0.317339
-0.403993
-0.484891
-0.558375
-0.622340
-0.674894
-0.693187
-0.688160
-0.669729
-0.644258
-0.615760
-0.586712
-0.558582
-0.532187
-0.507933
-0.485963
-0.404292
-0.310348
-0.217153
-0.129561
-0.050503
0.000000
0.000000
0.110412
0.228423
0.322036
0.408462
0.489081
0.562169
0.625621
0.677564
0.693918
0.687728
0.668637
0.642825
0.614191
0.585130
0.557059
0.530765
0.506630
0.481352
0.398208
0.304154
0.211278
0.124225
0.045864
0.000000
0.000000
-0.118904
-0.233998
-0.326984
-0.413132
-0.493423
-0.566066
-0.628955
-0.679790
-0.694341
-0.687080
-0.667391
-0.641283
-0.612542
-0.583489
-0.555493
-0.529309
-0.505300
-0.475186
-0.391156
-0.297212
-0.204813
-0.118454
-0.040949
0.000000
0.000000
0.128321
0.240226
0.332545
0.418408
0.498359
0.570527
0.632808
0.681201
0.694265
0.686139
0.665984
0.639666
0.610870
0.581856
0.553953
0.527888
0.504010
0.469232
0.384353
0.290521
0.198586
0.112901
0.036227
0.000000
0.000000
-0.137495
-0.246330
-0.338022
-0.423626
-0.503263
-0.574985
-0.636687
-0.682693
-0.694299
-0.685320
-0.664703
-0.638169
-0.609311
-0.580327
-0.552506
-0.526552
-0.502796
-0.463567
-0.377892
-0.284184
-0.192708
-0.107678
-0.031805
0.000000
0.000000
0.146198
0.252138
0.343243
0.428609
0.507952
0.579252
0.640406
0.684132
0.694344
0.684550
0.663489
0.636748
0.607829
0.578873
0.551131
0.525282
0.501640
0.458130
0.371691
0.278103
0.187068
0.102666
0.027563
0.000000
0.000000
-0.154530
-0.257694
-0.348236
-0.433371
-0.512431
-0.583328
-0.643956
-0.685500
-0.694381
-0.683807
-0.662323
-0.635383
-0.606408
-0.577479
-0.549813
-0.524063
-0.500532
-0.452923
-0.365751
-0.272276
-0.181663
-0.097863
-0.023497
0.000000
0.008007
0.162263
0.263909
0.353980
0.438717
0.517263
0.587508
0.647362
0.686510
0.693948
0.682550
0.660638
0.633521
0.604521
0.575659
0.548109
0.522500
0.499118
0.447528
0.359622
0.266238
0.176024
0.092810
0.019170
0.000000
-0.020442
-0.170172
-0.270789
-0.360386
-0.444605
-0.522480
-0.591902
-0.650807
-0.687336
-0.693210
-0.680930
-0.658572
-0.631282
-0.602277
-0.573508
-0.546103
-0.520666
-0.497461
-0.442524
-0.353950
-0.260595
-0.170685
-0.087948
-0.014922
0.000000
0.032461
0.177813
0.277432
0.366568
0.450281
0.527505
0.596129
0.654115
0.688120
0.692486
0.679356
0.656569
0.629115
0.600106
0.571427
0.544164
0.518891
0.495860
0.437673
0.348454
0.255131
0.165518
0.083247
0.010819
0.000000
-0.043913
-0.185048
-0.283691
-0.372369
-0.455587
-0.532179
-0.600035
-0.657141
-0.688778
-0.691733
-0.677811
-0.654628
-0.627025
-0.598018
-0.569429
-0.542304
-0.517192
-0.494326
-0.433016
-0.343173
-0.249875
-0.160544
-0.078717
-0.006861
0.000000
0.054929
0.192003
0.289706
0.377943
0.460685
0.536669
0.603786
0.660045
0.689410
0.691011
0.676329
0.652765
0.625019
0.596014
0.567512
0.540520
0.515561
0.492854
0.428558
0.338120
0.244848
0.155787
0.074385
0.003077
0.000000
-0.065477
-0.198666
-0.295470
-0.383286
-0.465571
-0.540974
-0.607385
-0.662834
-0.690020
-0.690322
-0.674912
-0.650983
-0.623100
-0.594097
-0.565678
-0.538812
-0.514000
-0.491446
-0.423941
-0.332884
-0.239662
-0.150908
-0.069972
0.000000
0.000000
0.075895
0.205358
0.301324
0.388754
0.470609
0.545447
0.611161
0.665802
0.690705
0.689645
0.673468
0.649152
0.621121
0.592117
0.563781
0.537045
0.512384
0.489987
0.418869
0.327098
0.233907
0.145474
0.065039
0.000000
0.000000
-0.084706
-0.211250
-0.306617
-0.393793
-0.475333
-0.549725
-0.614862
-0.668814
-0.691530
-0.689158
-0.672235
-0.647537
-0.619351
-0.590332
-0.562064
-0.535441
-0.510914
-0.488658
-0.413989
-0.321491
-0.228302
-0.140154
-0.060184
0.000000
0.000000
0.093265
0.216961
0.311741
0.398664
0.479895
0.553851
0.618425
0.671708
0.692310
0.688670
0.671027
0.645960
0.617627
0.588594
0.560393
0.533880
0.509484
0.487366
0.409338
0.316145
0.222952
0.135070
0.055536
0.000000
0.000000
-0.101496
-0.222464
-0.316683
-0.403369
-0.484306
-0.557845
-0.621881
-0.674521
-0.693084
-0.688220
-0.669882
-0.644458
-0.615979
-0.586933
-0.558794
-0.532386
-0.508115
-0.486128
-0.404885
-0.311030
-0.217834
-0.130209
-0.051095
0.000000
0.000000
0.109365
0.227723
0.321407
0.407864
0.488520
0.561661
0.625182
0.677207
0.693820
0.687786
0.668783
0.643017
0.614401
0.585342
0.557263
0.530955
0.506804
0.482146
0.399117
0.305051
0.212115
0.124975
0.046506
0.000000
0.000000
-0.117716
-0.233223
-0.326298
-0.412487
-0.492825
-0.565530
-0.628498
-0.679637
-0.694371
-0.687216
-0.667583
-0.641500
-0.612764
-0.583704
-0.555695
-0.529494
-0.505468
-0.475954
-0.392035
-0.298079
-0.205621
-0.119177
-0.041567
0.000000
0.000000
0.127135
0.239439
0.331840
0.417737
0.497729
0.569955
0.632311
0.681011
0.694261
0.686245
0.666150
0.639859
0.611071
0.582053
0.554139
0.528060
0.504167
0.469956
0.385178
0.291331
0.199337
0.113568
0.036791
0.000000
0.000000
-0.136380
-0.245586
-0.337352
-0.422987
-0.502662
-0.574437
-0.636209
-0.682507
-0.694292
-0.685418
-0.664858
-0.638350
-0.609500
-0.580513
-0.552682
-0.526715
-0.502943
-0.464263
-0.378686
-0.284963
-0.193431
-0.108319
-0.032347
0.000000
0.000000
0.145132
0.251427
0.342605
0.428000
0.507379
0.578731
0.639952
0.683957
0.694340
0.684645
0.663639
0.636922
0.608011
0.579052
0.551300
0.525438
0.501782
0.458797
0.372452
0.278849
0.187760
0.103282
0.028084
0.000000
0.000000
-0.153507
-0.257012
-0.347623
-0.432786
-0.511881
-0.582827
-0.643520
-0.685332
-0.694376
-0.683898
-0.662466
-0.635551
-0.606582
-0.577650
-0.549974
-0.524213
-0.500668
-0.453562
-0.366480
-0.272990
-0.182325
-0.098452
-0.023995
0.000000
0.006547
0.161330
0.263094
0.353218
0.438015
0.516639
0.586979
0.646945
0.686405
0.694029
0.682737
0.660879
0.633783
0.604784
0.575911
0.548344
0.522715
0.499312
0.448109
0.360280
0.266893
0.176645
0.093376
0.019666
0.000000
-0.019026
-0.169267
-0.270000
-0.359650
-0.443927
-0.521878
-0.591393
-0.650406
-0.687236
-0.693290
-0.681111
-0.658805
-0.631536
-0.602532
-0.573752
-0.546331
-0.520874
-0.497650
-0.443093
-0.354594
-0.261235
-0.171289
-0.088497
-0.015401
0.000000
0.031121
0.176967
0.276699
0.365889
0.449661
0.526958
0.595672
0.653761
0.688043
0.692575
0.679538
0.656797
0.629360
0.600351
0.571661
0.544382
0.519091
0.496039
0.438220
0.349075
0.255748
0.166102
0.083779
0.011284
0.000000
-0.042619
-0.184232
-0.282985
-0.371715
-0.454989
-0.531653
-0.599595
-0.656800
-0.688704
-0.691818
-0.677986
-0.654847
-0.627260
-0.598253
-0.569654
-0.542514
-0.517383
-0.494499
-0.433539
-0.343766
-0.250465
-0.161103
-0.079226
-0.007306
0.000000
0.053690
0.191221
0.289029
0.377316
0.460111
0.536163
0.603363
0.659717
0.689338
0.691091
0.676495
0.652974
0.625244
0.596239
0.567728
0.540721
0.515744
0.493020
0.429059
0.338688
0.245413
0.156322
0.074872
0.003502
0.000000
-0.064291
-0.197917
-0.294823
-0.382686
-0.465022
-0.540491
-0.606980
-0.662520
-0.689951
-0.690400
-0.675071
-0.651183
-0.623315
-0.594312
-0.565884
-0.539004
-0.514175
-0.491604
-0.424483
-0.333499
-0.240270
-0.151478
-0.070486
0.000000
0.000000
0.074962
0.204732
0.300761
0.388217
0.470105
0.544990
0.610764
0.665478
0.690615
0.689695
0.673598
0.649323
0.621309
0.592306
0.563964
0.537216
0.512540
0.490128
0.419395
0.327703
0.234512
0.146047
0.065562
0.000000
0.000000
-0.083787
-0.210637
-0.306068
-0.393271
-0.474844
-0.549284
-0.614481
-0.668505
-0.691448
-0.689212
-0.672366
-0.647707
-0.619537
-0.590519
-0.562244
-0.535609
-0.511068
-0.488797
-0.414490
-0.322066
-0.228878
-0.140702
-0.060685
0.000000
0.000000
0.092378
0.216368
0.311208
0.398157
0.479419
0.553420
0.618053
0.671405
0.692226
0.688718
0.671150
0.646122
0.617804
0.588773
0.560565
0.534041
0.509631
0.487499
0.409817
0.316695
0.223502
0.135593
0.056014
0.000000
0.000000
-0.100650
-0.221898
-0.316175
-0.402885
-0.483852
-0.557435
-0.621526
-0.674232
-0.693005
-0.688267
-0.670000
-0.644612
-0.616149
-0.587104
-0.558959
-0.532540
-0.508256
-0.486255
-0.405344
-0.311557
-0.218363
-0.130711
-0.051553
0.000000
0.000000
0.108553
0.227181
0.320920
0.407401
0.488086
0.561268
0.624842
0.676930
0.693744
0.687831
0.668896
0.643166
0.614564
0.585506
0.557421
0.531103
0.506939
0.482760
0.399821
0.305745
0.212764
0.125556
0.047003
0.000000
0.000000
-0.116796
-0.232622
-0.325767
-0.411987
-0.492362
-0.565116
-0.628145
-0.679518
-0.694394
-0.687321
-0.667731
-0.641668
-0.612935
-0.583870
-0.555851
-0.529639
-0.505599
-0.476549
-0.392716
-0.298750
-0.206247
-0.119737
-0.042045
0.000000
0.000000
0.126217
0.238830
0.331294
0.417217
0.497241
0.569512
0.631926
0.680863
0.694259
0.686327
0.666278
0.640008
0.611226
0.582205
0.554283
0.528194
0.504288
0.470517
0.385818
0.291958
0.199919
0.114085
0.037229
0.000000
0.000000
-0.135517
-0.245009
-0.336833
-0.422492
-0.502196
-0.574012
-0.635839
-0.682364
-0.694287
-0.685494
-0.664978
-0.638491
-0.609647
-0.580657
-0.552819
-0.526841
-0.503058
-0.464802
-0.379301
-0.285566
-0.193990
-0.108816
-0.032768
0.000000
0.000000
0.144306
0.250877
0.342110
0.427528
0.506935
0.578327
0.639601
0.683821
0.694337
0.684719
0.663755
0.637058
0.608152
0.579190
0.551431
0.525559
0.501892
0.459314
0.373041
0.279427
0.188296
0.103758
0.028488
0.000000
0.000000
-0.152714
-0.256483
-0.347148
-0.432333
-0.511454
-0.582439
-0.643182
-0.685202
-0.694372
-0.683968
-0.662576
-0.635680
-0.606717
-0.577783
-0.550100
-0.524329
-0.500774
-0.454056
-0.367044
-0.273544
-0.182839
-0.098908
-0.024381
0.000000
0.005417
0.160607
0.262462
0.352629
0.437471
0.516155
0.586569
0.646621
0.686323
0.694092
0.682881
0.661065
0.633985
0.604987
0.576106
0.548526
0.522882
0.499463
0.448558
0.360790
0.267401
0.177126
0.093815
0.020050
0.000000
-0.017928
-0.168567
-0.269388
-0.359079
-0.443401
-0.521411
-0.590998
-0.650095
-0.687159
-0.693352
-0.681252
-0.658986
-0.631732
-0.602729
-0.573941
-0.546508
-0.521036
-0.497796
-0.443534
-0.355093
-0.261731
-0.171758
-0.088923
-0.015773
0.000000
0.030083
0.176311
0.276132
0.365363
0.449180
0.526535
0.595318
0.653487
0.687984
0.692643
0.679678
0.656974
0.629550
0.600540
0.571842
0.544551
0.519245
0.496179
0.438644
0.349555
0.256226
0.166555
0.084191
0.011644
0.000000
-0.041617
-0.183599
-0.282438
-0.371208
-0.454526
-0.531245
-0.599255
-0.656537
-0.688647
-0.691884
-0.678121
-0.655016
-0.627443
-0.598436
-0.569829
-0.542676
-0.517532
-0.494633
-0.433944
-0.344225
-0.250922
-0.161535
-0.079620
-0.007650
0.000000
0.052731
0.190615
0.288505
0.376830
0.459666
0.535771
0.603036
0.659464
0.689282
0.691154
0.676624
0.653136
0.625419
0.596414
0.567895
0.540876
0.515886
0.493148
0.429448
0.339128
0.245851
0.156736
0.075249
0.003832
0.000000
-0.063373
-0.197337
-0.294321
-0.382221
-0.464597
-0.540116
-0.606667
-0.662278
-0.689898
-0.690460
-0.675195
-0.651338
-0.623482
-0.594479
-0.566044
-0.539153
-0.514311
-0.491727
-0.424903
-0.333976
-0.240740
-0.151920
-0.070884
-0.000040
0.000000
0.074206
0.204229
0.300310
0.387788
0.469703
0.544627
0.610451
0.665224
0.690546
0.689737
0.673703
0.649461
0.621460
0.592459
0.564110
0.537353
0.512666
0.490242
0.419813
0.328182
0.234991
0.146501
0.065976
0.000000
0.000000
-0.083058
-0.210151
-0.305632
-0.392857
-0.474457
-0.548933
-0.614178
-0.668260
-0.691383
-0.689254
-0.672469
-0.647842
-0.619685
-0.590668
-0.562387
-0.535742
-0.511190
-0.488907
-0.414887
-0.322523
-0.229335
-0.141136
-0.061082
0.000000
0.000000
0.091675
0.215898
0.310786
0.397755
0.479043
0.553079
0.617758
0.671164
0.692160
0.688756
0.671248
0.646250
0.617944
0.588915
0.560701
0.534168
0.509748
0.487604
0.410197
0.317131
0.223939
0.136007
0.056393
0.000000
0.000000
-0.099978
-0.221449
-0.315772
-0.402501
-0.483493
-0.557109
-0.621244
-0.674003
-0.692942
-0.688304
-0.670094
-0.644735
-0.616284
-0.587240
-0.559090
-0.532662
-0.508368
-0.486357
-0.405709
-0.311976
-0.218781
-0.131109
-0.051917
0.000000
0.000000
0.107910
0.226751
0.320534
0.407034
0.487742
0.560956
0.624572
0.676711
0.693684
0.687866
0.668986
0.643284
0.614693
0.585636
0.557546
0.531220
0.507046
0.483248
0.400379
0.306296
0.213278
0.126018
0.047397
0.000000
0.000000
-0.116066
-0.232146
-0.325346
-0.411591
-0.491994
-0.564787
-0.627865
-0.679367
-0.694380
-0.687388
-0.667842
-0.641800
-0.613074
-0.584007
-0.555981
-0.529759
-0.505709
-0.477058
-0.393298
-0.299323
-0.206780
-0.120213
-0.042450
0.000000
0.000000
0.125433
0.238310
0.330828
0.416774
0.496825
0.569135
0.631599
0.680740
0.694260
0.686400
0.666390
0.640139
0.611362
0.582338
0.554408
0.528309
0.504393
0.471005
0.386375
0.292505
0.200427
0.114538
0.037613
0.000000
0.000000
-0.134766
-0.244508
-0.336384
-0.422063
-0.501792
-0.573645
-0.635519
-0.682241
-0.694284
-0.685561
-0.665083
-0.638613
-0.609774
-0.580782
-0.552937
-0.526950
-0.503158
-0.465269
-0.379834
-0.286089
-0.194474
-0.109246
-0.033132
0.000000
0.000000
0.143590
0.250399
0.341680
0.427118
0.506550
0.577977
0.639295
0.683703
0.694333
0.684783
0.663855
0.637175
0.608274
0.579310
0.551544
0.525663
0.501987
0.459761
0.373552
0.279928
0.188761
0.104171
0.028837
0.000000
0.000000
-0.152028
-0.256025
-0.346736
-0.431940
-0.511085
-0.582103
-0.642889
-0.685089
-0.694369
-0.684029
-0.662672
-0.635793
-0.606834
-0.577898
-0.550208
-0.524429
-0.500865
-0.454485
-0.367533
-0.274023
-0.183284
-0.099304
-0.024716
0.000000
0.004438
0.159981
0.261915
0.352118
0.437000
0.515736
0.586214
0.646341
0.686252
0.694146
0.683007
0.661226
0.634161
0.605164
0.576276
0.548684
0.523027
0.499593
0.449035
0.361330
0.267933
0.177624
0.094262
0.020432
0.000000
-0.016837
-0.167875
-0.268788
-0.358522
-0.442890
-0.520959
-0.590619
-0.649799
-0.687091
-0.693419
-0.681396
-0.659168
-0.631929
-0.602926
-0.574130
-0.546684
-0.521197
-0.497941
-0.443976
-0.355594
-0.262229
-0.172229
-0.089352
-0.016147
0.000000
0.029026
0.175640
0.275549
0.364821
0.448682
0.526095
0.594949
0.653198
0.687917
0.692708
0.679817
0.657150
0.629741
0.600731
0.572025
0.544721
0.519401
0.496319
0.439071
0.350039
0.256707
0.167010
0.084605
0.012006
0.000000
-0.040609
-0.182962
-0.281887
-0.370697
-0.454059
-0.530833
-0.598911
-0.656270
-0.688589
-0.691950
-0.678256
-0.655187
-0.627627
-0.598619
-0.570004
-0.542840
-0.517681
-0.494768
-0.434354
-0.344690
-0.251385
-0.161973
-0.080018
-0.007998
0.000000
0.051762
0.190003
0.287976
0.376340
0.459218
0.535376
0.602706
0.659208
0.689227
0.691217
0.676754
0.653300
0.625595
0.596590
0.568063
0.541033
0.516030
0.493277
0.429840
0.339573
0.246293
0.157155
0.075630
0.004165
0.000000
-0.062445
-0.196751
-0.293814
-0.381751
-0.464167
-0.539737
-0.606351
-0.662033
-0.689845
-0.690520
-0.675320
-0.651495
-0.623651
-0.594648
-0.566205
-0.539303
-0.514449
-0.491851
-0.425327
-0.334457
-0.241216
-0.152366
-0.071286
-0.000387
0.000000
0.073185
0.203574
0.299738
0.387254
0.469212
0.544191
0.610084
0.664937
0.690482
0.689807
0.673848
0.649643
0.621656
0.592655
0.564298
0.537527
0.512826
0.490386
0.420307
0.328748
0.235554
0.147035
0.066462
0.000000
0.000000
-0.082194
-0.209574
-0.305114
-0.392364
-0.473995
-0.548515
-0.613817
-0.667966
-0.691302
-0.689301
-0.672590
-0.647999
-0.619857
-0.590842
-0.562554
-0.535899
-0.511333
-0.489037
-0.415362
-0.323068
-0.229880
-0.141654
-0.061554
0.000000
0.000000
0.090842
0.215342
0.310287
0.397281
0.478599
0.552678
0.617411
0.670883
0.692084
0.688804
0.671365
0.646403
0.618112
0.589084
0.560864
0.534320
0.509887
0.487730
0.410650
0.317652
0.224460
0.136503
0.056845
0.000000
0.000000
-0.099177
-0.220913
-0.315291
-0.402043
-0.483063
-0.556720
-0.620908
-0.673729
-0.692867
-0.688348
-0.670205
-0.644882
-0.616444
-0.587402
-0.559245
-0.532807
-0.508501
-0.486477
-0.406142
-0.312474
-0.219280
-0.131582
-0.052349
0.000000
0.000000
0.107144
0.226239
0.320074
0.406596
0.487331
0.560585
0.624251
0.676450
0.693613
0.687909
0.669093
0.643424
0.614847
0.585791
0.557695
0.531359
0.507174
0.483828
0.401044
0.306952
0.213891
0.126566
0.047867
0.000000
0.000000
-0.115197
-0.231579
-0.324845
-0.411119
-0.491556
-0.564395
-0.627531
-0.679101
-0.694315
-0.687442
-0.667965
-0.641957
-0.613244
-0.584178
-0.556145
-0.529912
-0.505848
-0.477719
-0.394053
-0.300065
-0.207470
-0.120826
-0.042970
0.000000
0.000000
0.124419
0.237636
0.330224
0.416200
0.496287
0.568647
0.631176
0.680583
0.694265
0.686500
0.666541
0.640313
0.611542
0.582514
0.554574
0.528463
0.504532
0.471651
0.387113
0.293231
0.201103
0.115141
0.038126
0.000000
0.000000
-0.133771
-0.243847
-0.335791
-0.421499
-0.501262
-0.573163
-0.635100
-0.682080
-0.694281
-0.685650
-0.665222
-0.638776
-0.609944
-0.580948
-0.553094
-0.527095
-0.503289
-0.465883
-0.380534
-0.286775
-0.195112
-0.109813
-0.033612
0.000000
0.000000
0.142646
0.249769
0.341114
0.426578
0.506041
0.577514
0.638892
0.683547
0.694328
0.684866
0.663986
0.637329
0.608435
0.579468
0.551693
0.525801
0.502112
0.460350
0.374223
0.280587
0.189372
0.104714
0.029296
0.000000
0.000000
-0.151125
-0.255423
-0.346195
-0.431424
-0.510600
-0.581662
-0.642505
-0.684940
-0.694365
-0.684110
-0.662799
-0.635940
-0.606988
-0.578049
-0.550351
-0.524561
-0.500985
-0.455049
-0.368176
-0.274655
-0.183869
-0.099824
-0.025157
0.000000
0.003148
0.159156
0.261195
0.351445
0.436380
0.515184
0.585747
0.645971
0.686158
0.694218
0.683172
0.661439
0.634392
0.605396
0.576498
0.548892
0.523217
0.499765
0.449691
0.362074
0.268665
0.178306
0.094871
0.020953
0.000000
-0.015354
-0.166937
-0.267975
-0.357767
-0.442199
-0.520349
-0.590108
-0.649401
-0.687000
-0.693513
-0.681593
-0.659417
-0.632198
-0.603195
-0.574387
-0.546923
-0.521415
-0.498139
-0.444578
-0.356276
-0.262907
-0.172871
-0.089937
-0.016658
0.000000
0.027583
0.174723
0.274752
0.364079
0.448001
0.525492
0.594441
0.652801
0.687822
0.692794
0.680006
0.657390
0.630000
0.600992
0.572275
0.544954
0.519614
0.496512
0.439652
0.350697
0.257362
0.167629
0.085168
0.012497
0.000000
-0.039236
-0.182094
-0.281136
-0.370001
-0.453422
-0.530272
-0.598441
-0.655906
-0.688509
-0.692040
-0.678441
-0.655420
-0.627877
-0.598869
-0.570244
-0.543063
-0.517885
-0.494952
-0.434912
-0.345323
-0.252015
-0.162569
-0.080561
-0.008472
0.000000
0.050442
0.189170
0.287255
0.375671
0.458607
0.534838
0.602256
0.658860
0.689151
0.691304
0.676932
0.653523
0.625836
0.596830
0.568293
0.541247
0.516225
0.493454
0.430374
0.340179
0.246896
0.157725
0.076150
0.004618
0.000000
-0.061180
-0.195952
-0.293123
-0.381110
-0.463581
-0.539221
-0.605919
-0.661698
-0.689772
-0.690603
-0.675489
-0.651709
-0.623882
-0.594878
-0.566425
-0.539508
-0.514636
-0.492020
-0.425906
-0.335113
-0.241864
-0.152974
-0.071834
-0.000859
0.000000
0.071793
0.202681
0.298957
0.386527
0.468542
0.543598
0.609584
0.664546
0.690396
0.689902
0.674045
0.649891
0.621924
0.592922
0.564554
0.537766
0.513043
0.490582
0.420982
0.329518
0.236323
0.147763
0.067125
0.000000
0.000000
-0.081016
-0.208787
-0.304408
-0.391692
-0.473365
-0.547945
-0.613324
-0.667565
-0.691192
-0.689366
-0.672754
-0.648215
-0.620093
-0.591080
-0.562783
-0.536112
-0.511529
-0.489214
-0.416010
-0.323812
-0.230624
-0.142359
-0.062198
0.000000
0.000000
0.089707
0.214585
0.309608
0.396635
0.477994
0.552130
0.616938
0.670499
0.691981
0.688868
0.671526
0.646612
0.618341
0.589315
0.561086
0.534527
0.510077
0.487902
0.411267
0.318362
0.225170
0.137178
0.057462
0.000000
0.000000
-0.098084
-0.220183
-0.314635
-0.401419
-0.482478
-0.556191
-0.620450
-0.673356
-0.692764
-0.688407
-0.670358
-0.645081
-0.616663
-0.587623
-0.559458
-0.533006
-0.508683
-0.486641
-0.406733
-0.313153
-0.219959
-0.132227
-0.052939
0.000000
0.000000
0.106099
0.225541
0.319447
0.405999
0.486772
0.560078
0.623813
0.676093
0.693515
0.687966
0.669239
0.643615
0.615056
0.586002
0.557899
0.531549
0.507348
0.484620
0.401951
0.307847
0.214727
0.127315
0.048507
0.000000
0.000000
-0.114013
-0.230805
-0.324161
-0.410476
-0.490960
-0.563861
-0.627076
-0.678738
-0.694226
-0.687517
-0.668132
-0.642170
-0.613476
-0.584411
-0.556368
-0.530120
-0.506039
-0.478620
-0.395083
-0.301076
-0.208409
-0.121662
-0.043680
0.000000
0.000000
0.123037
0.236717
0.329401
0.415417
0.495553
0.567982
0.630600
0.680369
0.694272
0.686636
0.666746
0.640550
0.611787
0.582754
0.554801
0.528671
0.504722
0.472531
0.388119
0.294221
0.202025
0.115962
0.038825
0.000000
0.000000
-0.132416
-0.242946
-0.334982
-0.420729
-0.500538
-0.572506
-0.634528
-0.681861
-0.694277
-0.685772
-0.665412
-0.638998
-0.610175
-0.581174
-0.553308
-0.527293
-0.503469
-0.466720
-0.381488
-0.287712
-0.195980
-0.110585
-0.034266
0.000000
0.000000
0.141359
0.248910
0.340342
0.425841
0.505348
0.576883
0.638341
0.683334
0.694321
0.684980
0.664165
0.637539
0.608654
0.579682
0.551897
0.525989
0.502283
0.461153
0.375139
0.281485
0.190205
0.105454
0.029923
0.000000
0.000000
-0.149894
-0.254602
-0.345458
-0.430721
-0.509938
-0.581059
-0.641980
-0.684738
-0.694360
-0.684220
-0.662971
-0.636142
-0.607198
-0.578255
-0.550546
-0.524741
-0.501148
-0.455819
-0.369054
-0.275516
-0.184668
-0.100534
-0.025757
0.000000
0.001390
0.158032
0.260213
0.350528
0.435534
0.514432
0.585110
0.645468
0.686031
0.694316
0.683397
0.661728
0.634707
0.605712
0.576802
0.549175
0.523476
0.500000
0.450585
0.363089
0.269662
0.179235
0.095702
0.021662
0.000000
-0.013332
-0.165658
-0.266867
-0.356738
-0.441256
-0.519517
-0.589410
-0.648859
-0.686877
-0.693640
-0.681861
-0.659756
-0.632564
-0.603561
-0.574738
-0.547250
-0.521714
-0.498408
-0.445398
-0.357206
-0.263832
-0.173746
-0.090734
-0.017354
0.000000
0.025615
0.173472
0.273665
0.363068
0.447072
0.524670
0.593749
0.652260
0.687694
0.692912
0.680263
0.657717
0.630355
0.601347
0.572615
0.545271
0.519904
0.496773
0.440445
0.351595
0.258255
0.168473
0.085936
0.013167
0.000000
-0.037363
-0.180911
-0.280112
-0.369052
-0.452553
-0.529507
-0.597801
-0.655410
-0.688401
-0.692162
-0.678694
-0.655737
-0.628219
-0.599211
-0.570570
-0.543367
-0.518163
-0.495202
-0.435674
-0.346187
-0.252874
-0.163382
-0.081301
-0.009119
0.000000
0.048641
0.188033
0.286272
0.374760
0.457774
0.534104
0.601643
0.658385
0.689048
0.691422
0.677175
0.653828
0.626163
0.597158
0.568606
0.541539
0.516492
0.493694
0.431103
0.341005
0.247718
0.158503
0.076858
0.005237
0.000000
-0.059455
-0.194863
-0.292180
-0.380236
-0.462782
-0.538517
-0.605331
-0.661242
-0.689672
-0.690716
-0.675721
-0.652000
-0.624195
-0.595192
-0.566725
-0.539787
-0.514891
-0.492250
-0.426695
-0.336007
-0.242748
-0.153803
-0.072581
-0.001504
0.000000
0.069895
0.201463
0.297894
0.385534
0.467630
0.542789
0.608903
0.664012
0.690278
0.690032
0.674313
0.650230
0.622289
0.593287
0.564902
0.538090
0.513340
0.490850
0.421901
0.330569
0.237371
0.148755
0.068028
0.000000
0.000000
-0.079411
-0.207715
-0.303445
-0.390776
-0.472506
-0.547168
-0.612651
-0.667018
-0.691042
-0.689455
-0.672978
-0.648508
-0.620415
-0.591404
-0.563095
-0.536404
-0.511796
-0.489455
-0.416892
-0.324826
-0.231637
-0.143321
-0.063075
0.000000
0.000000
0.088159
0.213552
0.308681
0.395754
0.477168
0.551384
0.616293
0.669975
0.691840
0.688957
0.671744
0.646898
0.618653
0.589629
0.561388
0.534809
0.510336
0.488135
0.412110
0.319330
0.226139
0.138098
0.058304
0.000000
0.000000
-0.096595
-0.219187
-0.313741
-0.400568
-0.481680
-0.555468
-0.619825
-0.672848
-0.692625
-0.688489
-0.670565
-0.645353
-0.616961
-0.587923
-0.559747
-0.533276
-0.508931
-0.486865
-0.407539
-0.314079
-0.220885
-0.133107
-0.053743
0.000000
0.000000
0.104675
0.224589
0.318592
0.405185
0.486009
0.559387
0.623215
0.675607
0.693382
0.688045
0.669438
0.643876
0.615342
0.586290
0.558176
0.531808
0.507585
0.485649
0.403160
0.309047
0.215851
0.128325
0.049374
0.000000
0.000000
-0.112412
-0.229759
-0.323235
-0.409604
-0.490151
-0.563137
-0.626458
-0.678246
-0.694104
-0.687617
-0.668357
-0.642459
-0.613790
-0.584726
-0.556670
-0.530401
-0.506296
-0.479838
-0.396474
-0.302443
-0.209679
-0.122793
-0.044639
0.000000
0.000000
0.121171
0.235478
0.328292
0.414363
0.494565
0.567087
0.629825
0.680083
0.694283
0.686820
0.667024
0.640870
0.612119
0.583078
0.555107
0.528954
0.504978
0.473720
0.389478
0.295558
0.203269
0.117073
0.039770
0.000000
0.000000
-0.130585
-0.241729
-0.333891
-0.419689
-0.499561
-0.571619
-0.633757
-0.681565
-0.694271
-0.685936
-0.665669
-0.639297
-0.610486
-0.581480
-0.553597
-0.527560
-0.503712
-0.467850
-0.382777
-0.288976
-0.197153
-0.111627
-0.035148
0.000000
0.000000
0.139622
0.247751
0.339300
0.424846
0.504412
0.576031
0.637599
0.683047
0.694312
0.685133
0.664407
0.637822
0.608949
0.579972
0.552171
0.526242
0.502514
0.462237
0.376376
0.282698
0.191330
0.106453
0.030769
0.000000
0.000000
-0.148233
-0.253495
-0.344462
-0.429771
-0.509045
-0.580247
-0.641272
-0.684465
-0.694353
-0.684368
-0.663204
-0.636414
-0.607482
-0.578533
-0.550809
-0.524984
-0.501369
-0.456857
-0.370239
-0.276678
-0.185746
-0.101492
-0.026569
0.000000
0.000000
0.156483
0.258997
0.349407
0.434488
0.513482
0.584284
0.644789
0.685822
0.694390
0.683633
0.662049
0.635064
0.606075
0.577153
0.549504
0.523778
0.500273
0.451704
0.364361
0.270912
0.180398
0.096739
0.022545
0.000000
-0.010792
-0.164044
-0.265465
-0.355433
-0.440058
-0.518456
-0.588517
-0.648160
-0.686712
-0.693793
-0.682194
-0.660179
-0.633022
-0.604020
-0.575177
-0.547659
-0.522089
-0.498746
-0.446421
-0.358366
-0.264987
-0.174839
-0.091729
-0.018224
0.000000
0.023146
0.171899
0.272296
0.361792
0.445900
0.523631
0.592874
0.651573
0.687528
0.693057
0.680583
0.658126
0.630798
0.601791
0.573042
0.545669
0.520267
0.497102
0.441438
0.352721
0.259373
0.169530
0.086898
0.014007
0.000000
-0.035018
-0.179429
-0.278830
-0.367863
-0.451466
-0.528549
-0.597001
-0.654790
-0.688266
-0.692317
-0.679010
-0.656134
-0.628647
-0.599638
-0.570980
-0.543748
-0.518511
-0.495516
-0.436629
-0.347270
-0.253952
-0.164402
-0.082230
-0.009931
0.000000
0.046383
0.186607
0.285039
0.373618
0.456729
0.533185
0.600875
0.657790
0.688919
0.691570
0.677479
0.654210
0.626575
0.597569
0.568999
0.541904
0.516826
0.493996
0.432017
0.342041
0.248749
0.159479
0.077747
0.006013
0.000000
-0.057293
-0.193497
-0.290998
-0.379141
-0.461780
-0.537634
-0.604593
-0.660670
-0.689547
-0.690857
-0.676012
-0.652366
-0.624589
-0.595585
-0.567101
-0.540137
-0.515211
-0.492539
-0.427601
-0.337035
-0.243769
-0.154766
-0.073456
-0.002265
0.000000
0.067739
0.200095
0.296707
0.384432
0.466620
0.541898
0.608156
0.663432
0.690150
0.690175
0.674608
0.650600
0.622688
0.593685
0.565284
0.538445
0.513665
0.491143
0.422905
0.331710
0.238502
0.149819
0.068991
0.000000
0.000000
-0.077676
-0.206553
-0.302400
-0.389780
-0.471571
-0.546320
-0.611918
-0.666420
-0.690877
-0.689549
-0.673219
-0.648826
-0.620763
-0.591755
-0.563433
-0.536720
-0.512086
-0.489717
-0.417863
-0.325942
-0.232753
-0.144379
-0.064040
0.000000
0.000000
0.086461
0.212420
0.307666
0.394789
0.476265
0.550568
0.615589
0.669404
0.691687
0.689055
0.671985
0.647212
0.618996
0.589974
0.561720
0.535120
0.510620
0.488392
0.413034
0.320392
0.227202
0.139109
0.059228
0.000000
0.000000
-0.094958
-0.218093
-0.312758
-0.399632
-0.480803
-0.554673
-0.619137
-0.672288
-0.692470
-0.688578
-0.670792
-0.645652
-0.617288
-0.588253
-0.560065
-0.533573
-0.509203
-0.487111
-0.408424
-0.315095
-0.221901
-0.134072
-0.054625
0.000000
0.000000
0.103112
0.223544
0.317654
0.404292
0.485172
0.558629
0.622559
0.675073
0.693236
0.688131
0.669656
0.644162
0.615655
0.586606
0.558480
0.532092
0.507846
0.485885
0.404008
0.310022
0.216826
0.129251
0.050220
0.000000
0.000000
-0.110914
-0.228758
-0.322337
-0.408749
-0.489349
-0.562412
-0.625831
-0.677735
-0.693964
-0.687700
-0.668566
-0.642734
-0.614091
-0.585028
-0.556962
-0.530674
-0.506546
-0.480973
-0.397773
-0.303725
-0.210877
-0.123866
-0.045557
0.000000
0.000000
0.119473
0.234369
0.327312
0.413441
0.493710
0.566322
0.629173
0.679864
0.694326
0.687015
0.667299
0.641180
0.612436
0.583386
0.555396
0.529220
0.505219
0.474818
0.390735
0.296798
0.204425
0.118107
0.040653
0.000000
0.000000
-0.128889
-0.240603
-0.332882
-0.418729
-0.498661
-0.570801
-0.633046
-0.681292
-0.694266
-0.686088
-0.665905
-0.639573
-0.610774
-0.581762
-0.553863
-0.527806
-0.503935
-0.468886
-0.383957
-0.290134
-0.198227
-0.112581
-0.035956
0.000000
0.000000
0.138028
0.246686
0.338342
0.423932
0.503551
0.575247
0.636915
0.682782
0.694302
0.685273
0.664629
0.638082
0.609220
0.580238
0.552422
0.526475
0.502725
0.463233
0.377512
0.283811
0.192363
0.107371
0.031545
0.000000
0.000000
-0.146708
-0.252478
-0.343549
-0.428900
-0.508226
-0.579502
-0.640623
-0.684215
-0.694346
-0.684504
-0.663418
-0.636664
-0.607742
-0.578788
-0.551051
-0.525207
-0.501572
-0.457811
-0.371327
-0.277745
-0.186736
-0.102372
-0.027314
0.000000
0.000000
0.155020
0.258021
0.348530
0.433651
0.512695
0.583567
0.644165
0.685581
0.694383
0.683763
0.662254
0.635303
0.606324
0.577397
0.549735
0.523992
0.500467
0.452618
0.365402
0.271934
0.181346
0.097581
0.023258
0.000000
-0.008705
-0.162710
-0.264299
-0.354344
-0.439053
-0.517562
-0.587761
-0.647562
-0.686561
-0.693909
-0.682461
-0.660523
-0.633396
-0.604395
-0.575538
-0.547996
-0.522397
-0.499025
-0.447251
-0.359307
-0.265924
-0.175727
-0.092539
-0.018933
0.000000
0.021120
0.170605
0.271167
0.360739
0.444930
0.522769
0.592146
0.650999
0.687384
0.693172
0.680843
0.658460
0.631161
0.602155
0.573391
0.545994
0.520566
0.497371
0.442252
0.353642
0.260289
0.170395
0.087684
0.014692
0.000000
-0.033102
-0.178219
-0.277782
-0.366892
-0.450578
-0.527767
-0.596348
-0.654284
-0.688157
-0.692443
-0.679269
-0.656460
-0.628997
-0.599989
-0.571315
-0.544060
-0.518796
-0.495774
-0.437411
-0.348157
-0.254835
-0.165238
-0.082992
-0.010596
0.000000
0.044532
0.185439
0.284029
0.372682
0.455874
0.532432
0.600246
0.657304
0.688813
0.691692
0.677728
0.654523
0.626912
0.597905
0.569321
0.542204
0.517100
0.494243
0.432765
0.342889
0.249593
0.160277
0.078474
0.006649
0.000000
-0.055522
-0.192378
-0.290030
-0.378244
-0.460959
-0.536911
-0.603988
-0.660202
-0.689444
-0.690972
-0.676249
-0.652665
-0.624911
-0.595907
-0.567409
-0.540424
-0.515473
-0.492775
-0.428318
-0.337848
-0.244577
-0.155531
-0.074152
-0.002873
0.000000
0.066044
0.199024
0.295780
0.383573
0.465834
0.541206
0.607578
0.662984
0.690053
0.690285
0.674836
0.650887
0.622996
0.593994
0.565579
0.538720
0.513916
0.491370
0.423681
0.332590
0.239371
0.150635
0.069726
0.000000
0.000000
-0.076342
-0.205658
-0.301594
-0.389012
-0.470850
-0.545666
-0.611350
-0.665957
-0.690748
-0.689621
-0.673405
-0.649070
-0.621032
-0.592026
-0.563694
-0.536964
-0.512309
-0.489920
-0.418617
-0.326808
-0.233618
-0.145199
-0.064788
0.000000
0.000000
0.085146
0.211543
0.306880
0.394043
0.475567
0.549936
0.615044
0.668962
0.691570
0.689132
0.672172
0.647455
0.619262
0.590242
0.561978
0.535360
0.510840
0.488591
0.413750
0.321215
0.228026
0.139892
0.059944
0.000000
0.000000
-0.093690
-0.217245
-0.311996
-0.398907
-0.480123
-0.554057
-0.618604
-0.671853
-0.692350
-0.688647
-0.670968
-0.645883
-0.617542
-0.588509
-0.560311
-0.533803
-0.509414
-0.487302
-0.409108
-0.315882
-0.222688
-0.134820
-0.055308
0.000000
0.000000
0.101902
0.222735
0.316927
0.403600
0.484523
0.558042
0.622051
0.674660
0.693122
0.688198
0.669825
0.644383
0.615898
0.586851
0.558715
0.532312
0.508048
0.486067
0.404665
0.310777
0.217582
0.129969
0.050875
0.000000
0.000000
-0.109753
-0.227983
-0.321640
-0.408086
-0.488728
-0.561849
-0.625345
-0.677339
-0.693856
-0.687764
-0.668729
-0.642946
-0.614323
-0.585263
-0.557188
-0.530885
-0.506739
-0.481851
-0.398780
-0.304718
-0.211804
-0.124697
-0.046268
0.000000
0.000000
0.118157
0.233510
0.326552
0.412726
0.493047
0.565729
0.628667
0.679694
0.694360
0.687165
0.667511
0.641420
0.612681
0.583624
0.555620
0.529426
0.505406
0.475669
0.391709
0.297758
0.205321
0.118909
0.041338
0.000000
0.000000
-0.127575
-0.239731
-0.332101
-0.417986
-0.497963
-0.570167
-0.632495
-0.681081
-0.694263
-0.686205
-0.666088
-0.639787
-0.610996
-0.581980
-0.554070
-0.527997
-0.504109
-0.469688
-0.384872
-0.291030
-0.199059
-0.113321
-0.036582
0.000000
0.000000
0.136794
0.245862
0.337600
0.423224
0.502885
0.574640
0.636386
0.682576
0.694295
0.685382
0.664800
0.638283
0.609430
0.580444
0.552617
0.526655
0.502889
0.464005
0.378392
0.284674
0.193163
0.108081
0.032146
0.000000
0.000000
-0.145527
-0.251691
-0.342841
-0.428226
-0.507591
-0.578924
-0.640121
-0.684022
-0.694342
-0.684610
-0.663583
-0.636857
-0.607944
-0.578986
-0.551238
-0.525380
-0.501729
-0.458550
-0.372170
-0.278572
-0.187503
-0.103054
-0.027891
0.000000
0.000000
0.153886
0.257265
0.347850
0.433003
0.512085
0.583013
0.643682
0.685395
0.694378
0.683864
0.662413
0.635489
0.606517
0.577587
0.549914
0.524157
0.500618
0.453325
0.366209
0.272725
0.182080
0.098234
0.023810
0.000000
-0.007089
-0.161676
-0.263396
-0.353501
-0.438276
-0.516870
-0.587175
-0.647100
-0.686444
-0.693999
-0.682668
-0.660789
-0.633686
-0.604686
-0.575817
-0.548257
-0.522635
-0.499240
-0.447893
-0.360036
-0.266650
-0.176415
-0.093166
-0.019482
0.000000
0.019551
0.169603
0.270292
0.359923
0.444178
0.522101
0.591582
0.650555
0.687273
0.693260
0.681044
0.658719
0.631442
0.602437
0.573661
0.546247
0.520797
0.497580
0.442882
0.354356
0.260997
0.171065
0.088294
0.015223
0.000000
-0.031618
-0.177281
-0.276971
-0.366141
-0.449891
-0.527161
-0.595842
-0.653892
-0.688072
-0.692542
-0.679470
-0.656713
-0.629269
-0.600260
-0.571574
-0.544301
-0.519017
-0.495973
-0.438017
-0.348845
-0.255519
-0.165885
-0.083582
-0.011111
0.000000
0.043099
0.184535
0.283247
0.371958
0.455211
0.531848
0.599759
0.656926
0.688732
0.691786
0.677921
0.654766
0.627173
0.598166
0.569571
0.542436
0.517312
0.494435
0.433345
0.343546
0.250247
0.160896
0.079037
0.007141
0.000000
-0.054150
-0.191511
-0.289280
-0.377549
-0.460324
-0.536351
-0.603520
-0.659839
-0.689365
-0.691061
-0.676434
-0.652896
-0.625161
-0.596156
-0.567648
-0.540646
-0.515676
-0.492958
-0.428873
-0.338477
-0.245203
-0.156124
-0.074692
-0.003344
0.000000
0.064731
0.198195
0.295063
0.382908
0.465226
0.540670
0.607130
0.662637
0.689977
0.690371
0.675012
0.651109
0.623235
0.594232
0.565807
0.538933
0.514110
0.491545
0.424282
0.333271
0.240044
0.151266
0.070295
0.000000
0.000000
-0.075308
-0.204965
-0.300970
-0.388417
-0.470292
-0.545160
-0.610911
-0.665598
-0.690648
-0.689676
-0.673549
-0.649260
-0.621239
-0.592236
-0.563896
-0.537153
-0.512483
-0.490076
-0.419200
-0.327478
-0.234288
-0.145835
-0.065368
0.000000
0.000000
0.084128
0.210864
0.306272
0.393464
0.475025
0.549447
0.614622
0.668620
0.691479
0.689192
0.672317
0.647644
0.619468
0.590450
0.562177
0.535546
0.511011
0.488745
0.414304
0.321853
0.228664
0.140499
0.060499
0.000000
0.000000
-0.092707
-0.216588
-0.311406
-0.398345
-0.479596
-0.553580
-0.618191
-0.671517
-0.692257
-0.688700
-0.671105
-0.646062
-0.617738
-0.588707
-0.560501
-0.533981
-0.509577
-0.487449
-0.409639
-0.316491
-0.223298
-0.135399
-0.055837
0.000000
0.000000
0.100964
0.222108
0.316364
0.403064
0.484021
0.557587
0.621658
0.674340
0.693034
0.688249
0.669956
0.644555
0.616086
0.587041
0.558898
0.532483
0.508204
0.486208
0.405174
0.311362
0.218167
0.130525
0.051383
0.000000
0.000000
-0.108854
-0.227382
-0.321101
-0.407573
-0.488247
-0.561414
-0.624968
-0.677033
-0.693773
-0.687814
-0.668854
-0.643111
-0.614504
-0.585445
-0.557362
-0.531048
-0.506889
-0.482532
-0.399560
-0.305488
-0.212523
-0.125341
-0.046818
0.000000
0.000000
0.117137
0.232845
0.325964
0.412172
0.492533
0.565269
0.628276
0.679562
0.694386
0.687282
0.667676
0.641605
0.612872
0.583809
0.555793
0.529585
0.505551
0.476328
0.392463
0.298501
0.206015
0.119529
0.041867
0.000000
0.000000
-0.126558
-0.239056
-0.331496
-0.417410
-0.497422
-0.569676
-0.632069
-0.680918
-0.694260
-0.686296
-0.666230
-0.639953
-0.611168
-0.582149
-0.554229
-0.528144
-0.504243
-0.470309
-0.385580
-0.291725
-0.199703
-0.113893
-0.037067
0.000000
0.000000
0.135837
0.245223
0.337026
0.422676
0.502368
0.574170
0.635976
0.682417
0.694289
0.685466
0.664933
0.638438
0.609592
0.580603
0.552768
0.526794
0.503015
0.464602
0.379073
0.285343
0.193782
0.108632
0.032612
0.000000
0.000000
-0.144612
-0.251081
-0.342293
-0.427703
-0.507100
-0.578477
-0.639731
-0.683872
-0.694338
-0.684692
-0.663712
-0.637007
-0.608100
-0.579139
-0.551383
-0.525514
-0.501851
-0.459122
-0.372822
-0.279213
-0.188098
-0.103582
-0.028338
0.000000
0.000000
0.153008
0.256679
0.347324
0.432501
0.511613
0.582583
0.643307
0.685250
0.694374
0.683942
0.662535
0.635632
0.606667
0.577734
0.550053
0.524286
0.500734
0.453873
0.366834
0.273339
0.182648
0.098739
0.024238
0.000000
-0.005836
-0.160875
-0.262697
-0.352847
-0.437673
-0.516334
-0.586721
-0.646741
-0.686353
-0.694069
-0.682828
-0.660996
-0.633910
-0.604912
-0.576034
-0.548458
-0.522820
-0.499407
-0.448392
-0.360601
-0.267212
-0.176948
-0.093652
-0.019907
0.000000
0.018335
0.168827
0.269615
0.359291
0.443596
0.521584
0.591145
0.650210
0.687187
0.693329
0.681200
0.658919
0.631659
0.602656
0.573871
0.546442
0.520976
0.497741
0.443371
0.354908
0.261547
0.171584
0.088765
0.015635
0.000000
-0.030468
-0.176554
-0.276343
-0.365558
-0.449358
-0.526692
-0.595450
-0.653589
-0.688006
-0.692618
-0.679626
-0.656908
-0.629479
-0.600470
-0.571775
-0.544488
-0.519188
-0.496127
-0.438487
-0.349377
-0.256049
-0.166387
-0.084038
-0.011511
0.000000
0.041989
0.183834
0.282641
0.371396
0.454698
0.531396
0.599381
0.656634
0.688668
0.691860
0.678071
0.654953
0.627375
0.598368
0.569764
0.542616
0.517477
0.494583
0.433794
0.344055
0.250753
0.161375
0.079474
0.007522
0.000000
-0.053087
-0.190840
-0.288700
-0.377010
-0.459831
-0.535917
-0.603157
-0.659558
-0.689303
-0.691131
-0.676576
-0.653076
-0.625354
-0.596349
-0.567833
-0.540818
-0.515834
-0.493100
-0.429304
-0.338965
-0.245688
-0.156582
-0.075109
-0.003709
0.000000
0.063713
0.197552
0.294507
0.382393
0.464755
0.540255
0.606783
0.662368
0.689918
0.690438
0.675149
0.651281
0.623420
0.594417
0.565984
0.539098
0.514261
0.491681
0.424747
0.333799
0.240566
0.151756
0.070736
0.000000
0.000000
-0.074508
-0.204428
-0.300487
-0.387956
-0.469859
-0.544767
-0.610571
-0.665321
-0.690571
-0.689720
-0.673661
-0.649407
-0.621401
-0.592399
-0.564053
-0.537299
-0.512617
-0.490197
-0.419652
-0.327998
-0.234807
-0.146327
-0.065817
0.000000
0.000000
0.083339
0.210338
0.305800
0.393016
0.474606
0.549068
0.614295
0.668355
0.691408
0.689238
0.672430
0.647790
0.619628
0.590611
0.562332
0.535691
0.511143
0.488865
0.414734
0.322347
0.229159
0.140969
0.060929
0.000000
0.000000
-0.091946
-0.216079
-0.310948
-0.397910
-0.479188
-0.553210
-0.617871
-0.671257
-0.692185
-0.688741
-0.671210
-0.646200
-0.617890
-0.588860
-0.560649
-0.534119
-0.509703
-0.487564
-0.410050
-0.316963
-0.223770
-0.135847
-0.056246
0.000000
0.000000
0.100238
0.221622
0.315928
0.402649
0.483631
0.557235
0.621353
0.674091
0.692966
0.688289
0.670058
0.644688
0.616232
0.587188
0.559039
0.532615
0.508325
0.486318
0.405568
0.311815
0.218620
0.130955
0.051777
0.000000
0.000000
-0.108158
-0.226917
-0.320683
-0.407175
-0.487874
-0.561076
-0.624676
-0.676796
-0.693708
-0.687853
-0.668952
-0.643238
-0.614643
-0.585586
-0.557498
-0.531175
-0.507005
-0.483060
-0.400164
-0.306084
-0.213080
-0.125840
-0.047245
0.000000
0.000000
0.116348
0.232330
0.325509
0.411744
0.492136
0.564914
0.627973
0.679453
0.694401
0.687370
0.667803
0.641749
0.613019
0.583952
0.555928
0.529710
0.505663
0.476844
0.393053
0.299083
0.206557
0.120014
0.042281
0.000000
0.000000
-0.125762
-0.238528
-0.331023
-0.416960
-0.497000
-0.569293
-0.631736
-0.680790
-0.694258
-0.686368
-0.666342
-0.640083
-0.611304
-0.582281
-0.554355
-0.528260
-0.504348
-0.470796
-0.386136
-0.292270
-0.200209
-0.114342
-0.037447
0.000000
0.000000
0.135088
0.244722
0.336576
0.422246
0.501964
0.573802
0.635655
0.682293
0.694285
0.685532
0.665038
0.638561
0.609720
0.580728
0.552886
0.526903
0.503115
0.465070
0.379607
0.285866
0.194268
0.109063
0.032977
0.000000
0.000000
-0.143896
-0.250603
-0.341864
-0.427293
-0.506714
-0.578127
-0.639426
-0.683754
-0.694335
-0.684756
-0.663812
-0.637125
-0.608222
-0.579259
-0.551496
-0.525619
-0.501947
-0.459570
-0.373334
-0.279714
-0.188563
-0.103995
-0.028688
0.000000
0.000000
0.152320
0.256220
0.346911
0.432108
0.511243
0.582246
0.643014
0.685137
0.694371
0.684003
0.662631
0.635745
0.606784
0.577849
0.550162
0.524386
0.500826
0.454302
0.367324
0.273819
0.183094
0.099135
0.024573
0.000000
-0.004855
-0.160248
-0.262149
-0.352335
-0.437201
-0.515914
-0.586366
-0.646460
-0.686282
-0.694123
-0.682953
-0.661157
-0.634086
-0.605088
-0.576203
-0.548617
-0.522965
-0.499538
-0.448822
-0.361089
-0.267696
-0.177403
-0.094064
-0.020264
0.000000
0.017317
0.168179
0.269052
0.358766
0.443114
0.521157
0.590785
0.649928
0.687120
0.693389
0.681332
0.659088
0.631842
0.602839
0.574047
0.546606
0.521126
0.497877
0.443781
0.355373
0.262009
0.172021
0.089163
0.015982
0.000000
-0.029493
-0.175937
-0.275808
-0.365061
-0.448903
-0.526290
-0.595113
-0.653327
-0.687947
-0.692680
-0.679756
-0.657072
-0.629656
-0.600647
-0.571945
-0.544646
-0.519332
-0.496257
-0.438882
-0.349825
-0.256495
-0.166809
-0.084423
-0.011846
0.000000
0.041054
0.183243
0.282130
0.370923
0.454265
0.531015
0.599063
0.656388
0.688615
0.691921
0.678197
0.655112
0.627545
0.598538
0.569927
0.542768
0.517615
0.494708
0.434173
0.344485
0.251181
0.161780
0.079842
0.007844
0.000000
-0.052190
-0.190274
-0.288210
-0.376556
-0.459416
-0.535551
-0.602851
-0.659321
-0.689251
-0.691189
-0.676697
-0.653228
-0.625517
-0.596512
-0.567989
-0.540964
-0.515966
-0.493220
-0.429667
-0.339376
-0.246098
-0.156970
-0.075462
-0.004018
0.000000
0.062855
0.197010
0.294038
0.381958
0.464357
0.539904
0.606491
0.662141
0.689869
0.690494
0.675264
0.651426
0.623577
0.594574
0.566134
0.539237
0.514388
0.491796
0.425140
0.334244
0.241006
0.152169
0.071108
0.000233
0.000000
-0.073636
-0.203863
-0.299990
-0.387490
-0.469429
-0.544384
-0.610246
-0.665063
-0.690510
-0.689776
-0.673784
-0.649563
-0.621570
-0.592568
-0.564215
-0.537450
-0.512755
-0.490322
-0.420089
-0.328498
-0.235305
-0.146799
-0.066247
0.000000
0.000000
0.082575
0.209829
0.305343
0.392581
0.474199
0.548700
0.613976
0.668096
0.691338
0.689280
0.672536
0.647930
0.619781
0.590765
0.562480
0.535829
0.511270
0.488980
0.415152
0.322827
0.229640
0.141425
0.061345
0.000000
0.000000
-0.091210
-0.215588
-0.310508
-0.397491
-0.478795
-0.552855
-0.617564
-0.671007
-0.692118
-0.688783
-0.671314
-0.646336
-0.618038
-0.589009
-0.560792
-0.534253
-0.509826
-0.487675
-0.410450
-0.317422
-0.224230
-0.136284
-0.056645
0.000000
0.000000
0.099531
0.221150
0.315503
0.402245
0.483253
0.556892
0.621057
0.673850
0.692900
0.688328
0.670156
0.644817
0.616374
0.587331
0.559177
0.532743
0.508442
0.486424
0.405951
0.312254
0.219060
0.131373
0.052158
0.000000
0.000000
-0.107482
-0.226465
-0.320277
-0.406789
-0.487512
-0.560749
-0.624393
-0.676565
-0.693644
-0.687890
-0.669046
-0.643362
-0.614779
-0.585723
-0.557630
-0.531298
-0.507118
-0.483572
-0.400750
-0.306663
-0.213621
-0.126324
-0.047659
0.000000
0.000000
0.115581
0.231829
0.325066
0.411327
0.491750
0.564568
0.627678
0.679218
0.694344
0.687418
0.667911
0.641887
0.613169
0.584103
0.556073
0.529844
0.505787
0.477427
0.393720
0.299737
0.207165
0.120555
0.042740
0.000000
0.000000
-0.124867
-0.237933
-0.330491
-0.416453
-0.496525
-0.568862
-0.631363
-0.680652
-0.694262
-0.686456
-0.666474
-0.640236
-0.611462
-0.582436
-0.554501
-0.528395
-0.504471
-0.471366
-0.386787
-0.292911
-0.200805
-0.114874
-0.037900
0.000000
0.000000
0.134210
0.244139
0.336052
0.421748
0.501496
0.573376
0.635285
0.682151
0.694282
0.685611
0.665161
0.638704
0.609869
0.580875
0.553025
0.527031
0.503231
0.465612
0.380225
0.286472
0.194830
0.109563
0.033400
0.000000
0.000000
-0.143063
-0.250047
-0.341364
-0.426817
-0.506266
-0.577718
-0.639070
-0.683616
-0.694330
-0.684829
-0.663928
-0.637261
-0.608364
-0.579398
-0.551628
-0.525740
-0.502057
-0.460090
-0.373927
-0.280296
-0.189102
-0.104474
-0.029094
0.000000
0.000000
0.151524
0.255689
0.346434
0.431652
0.510814
0.581857
0.642675
0.685006
0.694367
0.684074
0.662743
0.635875
0.606920
0.577982
0.550288
0.524503
0.500932
0.454800
0.367892
0.274376
0.183611
0.099594
0.024962
0.000000
-0.003717
-0.159520
-0.261513
-0.351742
-0.436653
-0.515427
-0.585953
-0.646134
-0.686200
-0.694186
-0.683099
-0.661345
-0.634290
-0.605293
-0.576400
-0.548800
-0.523133
-0.499689
-0.449401
-0.361746
-0.268342
-0.178005
-0.094602
-0.020723
0.000000
0.016009
0.167351
0.268334
0.358101
0.442504
0.520619
0.590333
0.649577
0.687040
0.693472
0.681506
0.659307
0.632079
0.603076
0.574274
0.546817
0.521319
0.498051
0.444312
0.355975
0.262608
0.172587
0.089679
0.016432
0.000000
-0.028220
-0.175128
-0.275104
-0.364407
-0.448302
-0.525758
-0.594665
-0.652976
-0.687864
-0.692756
-0.679922
-0.657284
-0.629886
-0.600877
-0.572165
-0.544851
-0.519520
-0.496427
-0.439395
-0.350407
-0.257073
-0.167355
-0.084920
-0.012280
0.000000
0.039842
0.182478
0.281467
0.370309
0.453703
0.530520
0.598648
0.656067
0.688544
0.692000
0.678360
0.655317
0.627767
0.598759
0.570138
0.542964
0.517795
0.494870
0.434666
0.345044
0.251737
0.162306
0.080321
0.008263
0.000000
-0.051025
-0.189538
-0.287573
-0.375966
-0.458877
-0.535076
-0.602455
-0.659014
-0.689184
-0.691266
-0.676854
-0.653425
-0.625729
-0.596724
-0.568192
-0.541152
-0.516139
-0.493376
-0.430138
-0.339911
-0.246630
-0.157473
-0.075921
-0.004418
0.000000
0.061739
0.196305
0.293428
0.381393
0.463840
0.539449
0.606110
0.661846
0.689804
0.690567
0.675414
0.651615
0.623780
0.594776
0.566328
0.539417
0.514553
0.491945
0.425650
0.334823
0.241578
0.152705
0.071592
0.000651
0.000000
-0.072408
-0.203075
-0.299302
-0.386848
-0.468838
-0.543860
-0.609805
-0.664718
-0.690434
-0.689860
-0.673958
-0.649782
-0.621806
-0.592804
-0.564441
-0.537660
-0.512947
-0.490496
-0.420684
-0.329178
-0.235984
-0.147442
-0.066832
0.000000
0.000000
0.081536
0.209135
0.304720
0.391989
0.473643
0.548197
0.613541
0.667742
0.691241
0.689338
0.672681
0.648120
0.619989
0.590975
0.562682
0.536018
0.511443
0.489136
0.415724
0.323484
0.230295
0.142048
0.061913
0.000000
0.000000
-0.090208
-0.214919
-0.309908
-0.396920
-0.478261
-0.552372
-0.617147
-0.670668
-0.692026
-0.688840
-0.671455
-0.646520
-0.618240
-0.589213
-0.560988
-0.534436
-0.509993
-0.487826
-0.410995
-0.318049
-0.224857
-0.136880
-0.057190
0.000000
0.000000
0.098567
0.220505
0.314925
0.401695
0.482737
0.556424
0.620652
0.673521
0.692810
0.688381
0.670290
0.644993
0.616566
0.587525
0.559364
0.532918
0.508603
0.486569
0.406472
0.312853
0.219659
0.131942
0.052679
0.000000
0.000000
-0.106560
-0.225849
-0.319724
-0.406262
-0.487019
-0.560302
-0.624006
-0.676250
-0.693558
-0.687941
-0.669175
-0.643531
-0.614964
-0.585909
-0.557809
-0.531465
-0.507271
-0.484270
-0.401550
-0.307452
-0.214358
-0.126984
-0.048224
0.000000
0.000000
0.114536
0.231147
0.324463
0.410760
0.491223
0.564097
0.627277
0.678898
0.694265
0.687484
0.668058
0.642076
0.613374
0.584308
0.556270
0.530028
0.505955
0.478222
0.394628
0.300629
0.207994
0.121293
0.043366
0.000000
0.000000
-0.123647
-0.237122
-0.329764
-0.415763
-0.495877
-0.568276
-0.630854
-0.680464
-0.694269
-0.686576
-0.666656
-0.640445
-0.611679
-0.582648
-0.554701
-0.528579
-0.504638
-0.472143
-0.387675
-0.293784
-0.201618
-0.115600
-0.038517
0.000000
0.000000
0.133014
0.243344
0.335339
0.421069
0.500858
0.572796
0.634781
0.681957
0.694278
0.685718
0.665328
0.638900
0.610073
0.581074
0.553214
0.527206
0.503390
0.466351
0.381067
0.287298
0.195597
0.110244
0.033977
0.000000
0.000000
-0.141927
-0.249289
-0.340683
-0.426166
-0.505654
-0.577161
-0.638584
-0.683428
-0.694324
-0.684930
-0.664086
-0.637446
-0.608557
-0.579588
-0.551807
-0.525906
-0.502208
-0.460799
-0.374735
-0.281088
-0.189837
-0.105127
-0.029646
0.000000
0.000000
0.150438
0.254965
0.345783
0.431032
0.510230
0.581325
0.642212
0.684827
0.694362
0.684171
0.662895
0.636053
0.607105
0.578164
0.550460
0.524661
0.501076
0.455479
0.368666
0.275136
0.184315
0.100221
0.025492
0.000000
-0.002166
-0.158529
-0.260647
-0.350933
-0.435907
-0.514764
-0.585391
-0.645690
-0.686087
-0.694273
-0.683297
-0.661600
-0.634568
-0.605572
-0.576668
-0.549050
-0.523362
-0.499896
-0.450190
-0.362641
-0.269222
-0.178825
-0.095335
-0.021349
0.000000
0.014225
0.166222
0.267356
0.357193
0.441672
0.519884
0.589718
0.649098
0.686932
0.693584
0.681743
0.659606
0.632402
0.603399
0.574583
0.547105
0.521582
0.498289
0.445036
0.356796
0.263424
0.173360
0.090382
0.017046
0.000000
-0.026484
-0.174024
-0.274145
-0.363514
-0.447482
-0.525033
-0.594055
-0.652499
-0.687751
-0.692860
-0.680149
-0.657573
-0.630198
-0.601190
-0.572465
-0.545131
-0.519776
-0.496658
-0.440095
-0.351199
-0.257860
-0.168100
-0.085597
-0.012871
0.000000
0.038190
0.181434
0.280564
0.369471
0.452937
0.529845
0.598084
0.655629
0.688449
0.692108
0.678582
0.655597
0.628068
0.599060
0.570426
0.543233
0.518040
0.495092
0.435338
0.345805
0.252495
0.163023
0.080974
0.008833
0.000000
-0.049436
-0.188535
-0.286706
-0.375162
-0.458141
-0.534428
-0.601914
-0.658595
-0.689093
-0.691370
-0.677067
-0.653693
-0.626019
-0.597013
-0.568468
-0.541410
-0.516374
-0.493588
-0.430781
-0.340640
-0.247355
-0.158160
-0.076546
-0.004964
0.000000
0.060217
0.195344
0.292596
0.380622
0.463135
0.538828
0.605591
0.661444
0.689716
0.690666
0.675619
0.651872
0.624057
0.595053
0.566593
0.539664
0.514778
0.492148
0.426346
0.335612
0.242358
0.153437
0.072251
0.001219
0.000000
-0.070733
-0.202001
-0.298363
-0.385973
-0.468033
-0.543146
-0.609204
-0.664248
-0.690330
-0.689975
-0.674195
-0.650080
-0.622128
-0.593126
-0.564748
-0.537947
-0.513209
-0.490732
-0.421495
-0.330105
-0.236908
-0.148317
-0.067629
0.000000
0.000000
0.080120
0.208188
0.303870
0.391180
0.472885
0.547511
0.612948
0.667259
0.691109
0.689416
0.672879
0.648378
0.620273
0.591261
0.562957
0.536275
0.511678
0.489349
0.416502
0.324378
0.231190
0.142896
0.062688
0.000000
0.000000
-0.088842
-0.214008
-0.309090
-0.396143
-0.477533
-0.551714
-0.616578
-0.670206
-0.691902
-0.688918
-0.671648
-0.646772
-0.618515
-0.589490
-0.561254
-0.534685
-0.510221
-0.488032
-0.411738
-0.318903
-0.225711
-0.137692
-0.057932
0.000000
0.000000
0.097253
0.219627
0.314136
0.400944
0.482033
0.555787
0.620101
0.673072
0.692686
0.688453
0.670473
0.645233
0.616830
0.587790
0.559619
0.533157
0.508821
0.486766
0.407183
0.313670
0.220476
0.132719
0.053388
0.000000
0.000000
-0.105304
-0.225009
-0.318969
-0.405544
-0.486346
-0.559692
-0.623479
-0.675821
-0.693441
-0.688010
-0.669350
-0.643761
-0.615216
-0.586163
-0.558053
-0.531694
-0.507481
-0.485222
-0.402641
-0.308528
-0.215363
-0.127885
-0.048994
0.000000
0.000000
0.113110
0.230217
0.323640
0.409986
0.490505
0.563455
0.626729
0.678462
0.694158
0.687574
0.668259
0.642333
0.613653
0.584588
0.556538
0.530278
0.506184
0.479307
0.395867
0.301846
0.209124
0.122299
0.044220
0.000000
0.000000
-0.121984
-0.236017
-0.328774
-0.414821
-0.494994
-0.567476
-0.630161
-0.680207
-0.694277
-0.686739
-0.666902
-0.640730
-0.611974
-0.582936
-0.554973
-0.528830
-0.504866
-0.473201
-0.388885
-0.294975
-0.202726
-0.116588
-0.039358
0.000000
0.000000
0.131384
0.242260
0.334367
0.420142
0.499987
0.572006
0.634093
0.681694
0.694274
0.685865
0.665557
0.639167
0.610350
0.581347
0.553471
0.527444
0.503606
0.467357
0.382215
0.288425
0.196642
0.111173
0.034764
0.000000
0.000000
-0.140379
-0.248256
-0.339754
-0.425280
-0.504820
-0.576402
-0.637923
-0.683172
-0.694316
-0.685066
-0.664302
-0.637699
-0.608820
-0.579846
-0.552051
-0.526132
-0.502413
-0.461765
-0.375837
-0.282169
-0.190840
-0.106018
-0.030400
0.000000
0.000000
0.148957
0.253978
0.344896
0.430185
0.509434
0.580601
0.641581
0.684584
0.694356
0.684303
0.663102
0.636295
0.607358
0.578411
0.550694
0.524878
0.501273
0.456404
0.369722
0.276171
0.185276
0.101074
0.026215
0.000000
-0.000051
-0.157176
-0.259466
-0.349829
-0.434890
-0.513859
-0.584625
-0.645085
-0.685934
-0.694390
-0.683568
-0.661949
-0.634947
-0.605953
-0.577033
-0.549391
-0.523674
-0.500178
-0.451266
-0.363861
-0.270422
-0.179943
-0.096335
-0.022202
0.000000
0.011793
0.164684
0.266023
0.355955
0.440538
0.518883
0.588879
0.648446
0.686784
0.693737
0.682065
0.660014
0.632842
0.603839
0.575005
0.547498
0.521941
0.498613
0.446022
0.357914
0.264537
0.174413
0.091340
0.017884
0.000000
-0.024117
-0.172520
-0.272837
-0.362297
-0.446365
-0.524043
-0.593223
-0.651847
-0.687596
-0.693002
-0.680458
-0.657966
-0.630624
-0.601617
-0.572874
-0.545512
-0.520124
-0.496973
-0.441048
-0.352279
-0.258934
-0.169115
-0.086521
-0.013678
0.000000
0.035938
0.180010
0.279332
0.368329
0.451892
0.528924
0.597314
0.655032
0.688318
0.692256
0.678886
0.655978
0.628479
0.599470
0.570819
0.543598
0.518374
0.495393
0.436254
0.346844
0.253528
0.164001
0.081865
0.009611
0.000000
-0.047270
-0.187167
-0.285523
-0.374066
-0.457139
-0.533546
-0.601176
-0.658024
-0.688969
-0.691512
-0.677359
-0.654060
-0.626413
-0.597407
-0.568845
-0.541761
-0.516695
-0.493878
-0.431658
-0.341634
-0.248344
-0.159095
-0.077398
-0.005709
0.000000
0.058142
0.194033
0.291462
0.379571
0.462174
0.537981
0.604883
0.660895
0.689596
0.690801
0.675898
0.652222
0.624434
0.595430
0.566954
0.540000
0.515086
0.492425
0.427257
0.336645
0.243381
0.154399
0.073122
0.001973
0.000000
-0.068553
-0.200609
-0.297151
-0.384844
-0.466996
-0.542229
-0.608434
-0.663646
-0.690197
-0.690121
-0.674498
-0.650463
-0.622540
-0.593537
-0.565142
-0.538314
-0.513544
-0.491035
-0.422533
-0.331289
-0.238085
-0.149428
-0.068638
0.000000
0.000000
0.078316
0.206982
0.302786
0.390148
0.471917
0.546634
0.612190
0.666642
0.690938
0.689514
0.673130
0.648708
0.620634
0.591625
0.563308
0.536603
0.511979
0.489621
0.417502
0.325527
0.232338
0.143986
0.063682
0.000000
0.000000
-0.087092
-0.212840
-0.308043
-0.395147
-0.476600
-0.550871
-0.615850
-0.669616
-0.691743
-0.689018
-0.671895
-0.647095
-0.618868
-0.589846
-0.561597
-0.535004
-0.510514
-0.488297
-0.412690
-0.319998
-0.226807
-0.138733
-0.058885
0.000000
0.000000
0.095567
0.218500
0.313123
0.399980
0.481129
0.554969
0.619393
0.672496
0.692528
0.688545
0.670708
0.645541
0.617167
0.588131
0.559947
0.533463
0.509102
0.487020
0.408095
0.314717
0.221524
0.133714
0.054297
0.000000
0.000000
-0.103693
-0.223932
-0.318002
-0.404624
-0.485483
-0.558911
-0.622803
-0.675271
-0.693290
-0.688099
-0.669575
-0.644055
-0.615539
-0.586489
-0.558367
-0.531987
-0.507749
-0.485797
-0.403693
-0.309660
-0.216464
-0.128907
-0.049905
0.000000
0.000000
0.111470
0.229130
0.322671
0.409067
0.489647
0.562681
0.626064
0.677925
0.694016
0.687669
0.668489
0.642632
0.613979
0.584916
0.556853
0.530572
0.506453
0.480551
0.397290
0.303248
0.210431
0.123467
0.045216
0.000000
0.000000
-0.120104
-0.234781
-0.327676
-0.413783
-0.494028
-0.566606
-0.629415
-0.679945
-0.694310
-0.686942
-0.667197
-0.641065
-0.612318
-0.583271
-0.555288
-0.529121
-0.505130
-0.474410
-0.390268
-0.296337
-0.203996
-0.117723
-0.040325
0.000000
0.000000
0.129519
0.241021
0.333257
0.419086
0.498995
0.571105
0.633310
0.681394
0.694268
0.686032
0.665817
0.639471
0.610667
0.581657
0.553764
0.527715
0.503852
0.468501
0.383519
0.289703
0.197828
0.112227
0.035656
0.000000
0.000000
-0.138621
-0.247082
-0.338698
-0.424272
-0.503871
-0.575538
-0.637169
-0.682880
-0.694306
-0.685221
-0.664547
-0.637985
-0.609119
-0.580139
-0.552329
-0.526388
-0.502646
-0.462863
-0.377090
-0.283398
-0.191979
-0.107030
-0.031256
0.000000
0.000000
0.147275
0.252856
0.343888
0.429224
0.508530
0.579778
0.640864
0.684308
0.694349
0.684454
0.663338
0.636571
0.607645
0.578693
0.550961
0.525124
0.501497
0.457456
0.370922
0.277349
0.186368
0.102045
0.027037
0.000000
0.000000
-0.155564
-0.258384
-0.348856
-0.433962
-0.512987
-0.583834
-0.644397
-0.685671
-0.694386
-0.683715
-0.662178
-0.635214
-0.606232
-0.577306
-0.549649
-0.523912
-0.500395
-0.452278
-0.365015
-0.271554
-0.180993
-0.097269
-0.022993
0.000000
0.009481
0.163206
0.264732
0.354749
0.439427
0.517894
0.588042
0.647785
0.686617
0.693866
0.682362
0.660395
0.633257
0.604256
0.575404
0.547871
0.522282
0.498921
0.446942
0.358957
0.265576
0.175397
0.092238
0.018669
0.000000
-0.021873
-0.171086
-0.271586
-0.361130
-0.445290
-0.523089
-0.592416
-0.651212
-0.687438
-0.693129
-0.680746
-0.658336
-0.631026
-0.602020
-0.573261
-0.545873
-0.520455
-0.497271
-0.441950
-0.353300
-0.259948
-0.170074
-0.087392
-0.014437
0.000000
0.033814
0.178668
0.278171
0.367253
0.450908
0.528057
0.596590
0.654472
0.688197
0.692396
0.679173
0.656339
0.628867
0.599858
0.571190
0.543944
0.518690
0.495678
0.437120
0.347827
0.254507
0.164927
0.082709
0.010349
0.000000
-0.045220
-0.185873
-0.284404
-0.373030
-0.456191
-0.532711
-0.600479
-0.657484
-0.688852
-0.691647
-0.677635
-0.654407
-0.626787
-0.597780
-0.569202
-0.542093
-0.516998
-0.494151
-0.432487
-0.342574
-0.249279
-0.159980
-0.078204
-0.006413
0.000000
0.056180
0.192794
0.290390
0.378577
0.461264
0.537179
0.604213
0.660376
0.689482
0.690929
0.676161
0.652554
0.624791
0.595787
0.567295
0.540318
0.515376
0.492687
0.428052
0.337546
0.244277
0.155247
0.073893
0.002647
0.000000
-0.066674
-0.199422
-0.296125
-0.383892
-0.466126
-0.541463
-0.607793
-0.663150
-0.690089
-0.690244
-0.674751
-0.650780
-0.622882
-0.593879
-0.565469
-0.538618
-0.513823
-0.491286
-0.423393
-0.332263
-0.239048
-0.150332
-0.069452
0.000000
0.000000
0.076837
0.205990
0.301894
0.389297
0.471118
0.545909
0.611561
0.666129
0.690796
0.689594
0.673336
0.648979
0.620932
0.591926
0.563597
0.536873
0.512226
0.489844
0.418337
0.326486
0.233296
0.144894
0.064510
0.000000
0.000000
-0.085635
-0.211869
-0.307172
-0.394320
-0.475826
-0.550171
-0.615246
-0.669126
-0.691613
-0.689103
-0.672103
-0.647365
-0.619163
-0.590143
-0.561882
-0.535271
-0.510758
-0.488517
-0.413484
-0.320910
-0.227720
-0.139601
-0.059678
0.000000
0.000000
0.094161
0.217560
0.312279
0.399177
0.480376
0.554286
0.618802
0.672015
0.692395
0.688621
0.670903
0.645797
0.617448
0.588414
0.560219
0.533718
0.509335
0.487231
0.408854
0.315589
0.222396
0.134542
0.055054
0.000000
0.000000
-0.102351
-0.223035
-0.317197
-0.403857
-0.484764
-0.558260
-0.622240
-0.674813
-0.693164
-0.688173
-0.669763
-0.644301
-0.615808
-0.586760
-0.558628
-0.532231
-0.507973
-0.485999
-0.404421
-0.310496
-0.217301
-0.129702
-0.050632
0.000000
0.000000
0.110184
0.228271
0.321899
0.408332
0.488959
0.562058
0.625525
0.677486
0.693897
0.687740
0.668668
0.642867
0.614237
0.585176
0.557104
0.530806
0.506668
0.481525
0.398406
0.304349
0.211460
0.124388
0.046004
0.000000
0.000000
-0.118646
-0.233830
-0.326835
-0.412991
-0.493293
-0.565949
-0.628855
-0.679757
-0.694347
-0.687109
-0.667432
-0.641330
-0.612590
-0.583535
-0.555537
-0.529349
-0.505337
-0.475353
-0.391347
-0.297401
-0.204988
-0.118611
-0.041083
0.000000
0.000000
0.128064
0.240055
0.332392
0.418262
0.498222
0.570403
0.632700
0.681160
0.694264
0.686162
0.666020
0.639708
0.610913
0.581899
0.553993
0.527926
0.504044
0.469390
0.384532
0.290697
0.198750
0.113046
0.036349
0.000000
0.000000
-0.137253
-0.246168
-0.337876
-0.423487
-0.503132
-0.574866
-0.636583
-0.682653
-0.694298
-0.685342
-0.664737
-0.638208
-0.609352
-0.580367
-0.552545
-0.526588
-0.502828
-0.463718
-0.378065
-0.284354
-0.192865
-0.107817
-0.031923
0.000000
0.000000
0.145966
0.251983
0.343104
0.428476
0.507827
0.579139
0.640307
0.684094
0.694343
0.684571
0.663522
0.636786
0.607869
0.578912
0.551168
0.525316
0.501671
0.458275
0.371856
0.278265
0.187218
0.102800
0.027676
0.000000
0.000000
-0.154308
-0.257546
-0.348103
-0.433244
-0.512311
-0.583219
-0.643861
-0.685464
-0.694380
-0.683827
-0.662354
-0.635420
-0.606446
-0.577516
-0.549848
-0.524096
-0.500562
-0.453062
-0.365910
-0.272431
-0.181807
-0.097991
-0.023605
0.000000
0.007689
0.162060
0.263732
0.353814
0.438565
0.517128
0.587393
0.647272
0.686487
0.693966
0.682591
0.660690
0.633578
0.604578
0.575714
0.548160
0.522547
0.499160
0.447655
0.359765
0.266380
0.176159
0.092933
0.019278
0.000000
-0.020134
-0.169975
-0.270617
-0.360226
-0.444458
-0.522349
-0.591791
-0.650720
-0.687315
-0.693227
-0.680969
-0.658622
-0.631337
-0.602333
-0.573561
-0.546153
-0.520711
-0.497502
-0.442648
-0.354090
-0.260734
-0.170816
-0.088067
-0.015026
0.000000
0.032169
0.177629
0.277272
0.366420
0.450146
0.527386
0.596030
0.654038
0.688103
0.692505
0.679396
0.656619
0.629168
0.600159
0.571478
0.544211
0.518935
0.495899
0.437792
0.348589
0.255265
0.165645
0.083362
0.010920
0.000000
-0.043632
-0.184871
-0.283537
-0.372227
-0.455457
-0.532065
-0.599940
-0.657067
-0.688762
-0.691751
-0.677849
-0.654675
-0.627076
-0.598069
-0.569478
-0.542350
-0.517234
-0.494364
-0.433130
-0.343302
-0.250004
-0.160666
-0.078828
-0.006958
0.000000
0.054659
0.191833
0.289559
0.377807
0.460560
0.536559
0.603694
0.659974
0.689394
0.691028
0.676365
0.652810
0.625068
0.596063
0.567559
0.540564
0.515601
0.492890
0.428667
0.338243
0.244971
0.155903
0.074491
0.003169
0.000000
-0.065219
-0.198503
-0.295329
-0.383155
-0.465452
-0.540869
-0.607297
-0.662766
-0.690005
-0.690339
-0.674947
-0.651026
-0.623146
-0.594144
-0.565723
-0.538854
-0.514038
-0.491480
-0.424059
-0.333018
-0.239794
-0.151032
-0.070083
0.000000
0.000000
0.075692
0.205222
0.301202
0.388638
0.470499
0.545348
0.611074
0.665731
0.690685
0.689656
0.673496
0.649189
0.621162
0.592158
0.563821
0.537082
0.512418
0.490018
0.418983
0.327229
0.234039
0.145599
0.065152
0.000000
0.000000
-0.084506
-0.211117
-0.306498
-0.393679
-0.475227
-0.549629
-0.614779
-0.668747
-0.691512
-0.689170
-0.672263
-0.647574
-0.619392
-0.590373
-0.562103
-0.535477
-0.510947
-0.488688
-0.414098
-0.321616
-0.228427
-0.140273
-0.060293
0.000000
0.000000
0.093072
0.216832
0.311625
0.398554
0.479792
0.553757
0.618344
0.671642
0.692292
0.688680
0.671054
0.645995
0.617665
0.588633
0.560430
0.533915
0.509516
0.487395
0.409442
0.316265
0.223071
0.135184
0.055640
0.000000
0.000000
-0.101312
-0.222341
-0.316573
-0.403264
-0.484207
-0.557756
-0.621804
-0.674459
-0.693067
-0.688230
-0.669908
-0.644491
-0.616016
-0.586970
-0.558830
-0.532419
-0.508146
-0.486156
-0.404985
-0.311144
-0.217949
-0.130318
-0.051195
0.000000
0.000000
0.109188
0.227605
0.321301
0.407764
0.488426
0.561576
0.625108
0.677147
0.693804
0.687796
0.668808
0.643050
0.614437
0.585377
0.557297
0.530987
0.506833
0.482279
0.399270
0.305202
0.212256
0.125102
0.046614
0.000000
0.000000
-0.117516
-0.233092
-0.326183
-0.412378
-0.492724
-0.565440
-0.628421
-0.679611
-0.694376
-0.687239
-0.667615
-0.641536
-0.612801
-0.583740
-0.555729
-0.529526
-0.505497
-0.476083
-0.392183
-0.298225
-0.205757
-0.119299
-0.041671
0.000000
0.000000
0.126936
0.239307
0.331721
0.417624
0.497623
0.569859
0.632228
0.680979
0.694261
0.686262
0.666178
0.639891
0.611104
0.582086
0.554170
0.528089
0.504193
0.470078
0.385317
0.291467
0.199464
0.113680
0.036887
0.000000
0.000000
-0.136193
-0.245460
-0.337239
-0.422880
-0.502560
-0.574344
-0.636128
-0.682476
-0.694291
-0.685435
-0.664884
-0.638381
-0.609532
-0.580544
-0.552712
-0.526742
-0.502968
-0.464380
-0.378820
-0.285094
-0.193552
-0.108427
-0.032439
0.000000
0.000000
0.144952
0.251307
0.342497
0.427897
0.507282
0.578643
0.639876
0.683927
0.694339
0.684661
0.663664
0.636952
0.608042
0.579082
0.551329
0.525464
0.501806
0.458909
0.372580
0.278975
0.187877
0.103385
0.028172
0.000000
0.000000
-0.153334
-0.256897
-0.347519
-0.432687
-0.511788
-0.582743
-0.643446
-0.685304
-0.694375
-0.683913
-0.662490
-0.635579
-0.606611
-0.577679
-0.550002
-0.524238
-0.500691
-0.453669
-0.366602
-0.273111
-0.182437
-0.098551
-0.024079
0.000000
0.006302
0.161173
0.262956
0.353090
0.437897
0.516534
0.586890
0.646874
0.686387
0.694043
0.682768
0.660919
0.633827
0.604828
0.575953
0.548383
0.522751
0.499345
0.448206
0.360391
0.267003
0.176750
0.093472
0.019749
0.000000
-0.018787
-0.169115
-0.269867
-0.359526
-0.443813
-0.521776
-0.591307
-0.650338
-0.687219
-0.693303
-0.681142
-0.658844
-0.631579
-0.602575
-0.573793
-0.546370
-0.520909
-0.497681
-0.443189
-0.354703
-0.261343
-0.171391
-0.088590
-0.015482
0.000000
0.030895
0.176824
0.276576
0.365775
0.449556
0.526866
0.595595
0.653701
0.688031
0.692590
0.679568
0.656835
0.629401
0.600392
0.571700
0.544419
0.519124
0.496070
0.438312
0.349179
0.255852
0.166201
0.083869
0.011362
0.000000
-0.042401
-0.184094
-0.282866
-0.371605
-0.454889
-0.531564
-0.599521
-0.656743
-0.688692
-0.691832
-0.678015
-0.654884
-0.627300
-0.598293
-0.569692
-0.542549
-0.517416
-0.494528
-0.433627
-0.343866
-0.250565
-0.161197
-0.079311
-0.007380
0.000000
0.053482
0.191089
0.288915
0.377210
0.460014
0.536078
0.603292
0.659662
0.689326
0.691105
0.676523
0.653009
0.625282
0.596277
0.567764
0.540754
0.515775
0.493048
0.429144
0.338784
0.245508
0.156412
0.074954
0.003574
0.000000
-0.064091
-0.197791
-0.294713
-0.382585
-0.464930
-0.540409
-0.606912
-0.662468
-0.689940
-0.690413
-0.675098
-0.651217
-0.623352
-0.594349
-0.565919
-0.539036
-0.514205
-0.491631
-0.424574
-0.333603
-0.240372
-0.151574
-0.070572
0.000000
0.000000
0.074805
0.204627
0.300666
0.388127
0.470020
0.544913
0.610697
0.665424
0.690600
0.689704
0.673619
0.649352
0.621341
0.592338
0.563994
0.537245
0.512567
0.490152
0.419484
0.327805
0.234614
0.146144
0.065650
0.000000
0.000000
-0.083632
-0.210534
-0.305976
-0.393183
-0.474762
-0.549209
-0.614417
-0.668453
-0.691434
-0.689221
-0.672388
-0.647736
-0.619569
-0.590551
-0.562274
-0.535637
-0.511094
-0.488820
-0.414574
-0.322163
-0.228975
-0.140794
-0.060769
0.000000
0.000000
0.092229
0.216268
0.311118
0.398072
0.479339
0.553348
0.617990
0.671353
0.692212
0.688726
0.671171
0.646149
0.617834
0.588803
0.560594
0.534068
0.509656
0.487521
0.409897
0.316788
0.223595
0.135681
0.056094
0.000000
0.000000
-0.100507
-0.221803
-0.316090
-0.402804
-0.483776
-0.557366
-0.621466
-0.674184
-0.692992
-0.688275
-0.670020
-0.644639
-0.616178
-0.587133
-0.558987
-0.532566
-0.508280
-0.486277
-0.405422
-0.311646
-0.218451
-0.130795
-0.051631
0.000000
0.000000
0.108417
0.227090
0.320838
0.407323
0.488013
0.561202
0.624785
0.676884
0.693732
0.687838
0.668915
0.643191
0.614591
0.585534
0.557448
0.531128
0.506962
0.482864
0.399939
0.305862
0.212873
0.125654
0.047087
0.000000
0.000000
-0.116641
-0.232521
-0.325678
-0.411903
-0.492283
-0.565046
-0.628085
-0.679498
-0.694398
-0.687339
-0.667756
-0.641696
-0.612964
-0.583898
-0.555878
-0.529663
-0.505621
-0.476649
-0.392831
-0.298863
-0.206353
-0.119831
-0.042125
0.000000
0.000000
0.126062
0.238727
0.331202
0.417130
0.497159
0.569438
0.631861
0.680838
0.694258
0.686341
0.666299
0.640033
0.611252
0.582231
0.554307
0.528216
0.504308
0.470612
0.385925
0.292063
0.200017
0.114172
0.037303
0.000000
0.000000
-0.135372
-0.244912
-0.336746
-0.422409
-0.502117
-0.573941
-0.635776
-0.682340
-0.694286
-0.685507
-0.664998
-0.638514
-0.609671
-0.580681
-0.552841
-0.526862
-0.503077
-0.464893
-0.379405
-0.285668
-0.194084
-0.108900
-0.032839
0.000000
0.000000
0.144167
0.250784
0.342027
0.427449
0.506860
0.578259
0.639542
0.683799
0.694336
0.684732
0.663774
0.637080
0.608176
0.579214
0.551453
0.525579
0.501910
0.459401
0.373140
0.279524
0.188387
0.103839
0.028556
0.000000
0.000000
-0.152581
-0.256394
-0.347068
-0.432256
-0.511383
-0.582374
-0.643125
-0.685180
-0.694372
-0.683980
-0.662595
-0.635702
-0.606740
-0.577805
-0.550121
-0.524348
-0.500791
-0.454140
-0.367139
-0.273637
-0.182925
-0.098985
-0.024446
0.000000
0.005227
0.160485
0.262356
0.352529
0.437380
0.516073
0.586500
0.646566
0.686309
0.694103
0.682906
0.661096
0.634019
0.605021
0.576139
0.548557
0.522910
0.499488
0.448634
0.360876
0.267486
0.177207
0.093889
0.020114
0.000000
-0.017744
-0.168449
-0.269285
-0.358983
-0.443313
-0.521333
-0.590932
-0.650043
-0.687146
-0.693362
-0.681276
-0.659016
-0.631765
-0.602762
-0.573973
-0.546537
-0.521063
-0.497820
-0.443608
-0.355177
-0.261814
-0.171837
-0.088995
-0.015835
0.000000
0.029908
0.176201
0.276037
0.365275
0.449099
0.526464
0.595259
0.653441
0.687974
0.692655
0.679702
0.657003
0.629582
0.600572
0.571873
0.544579
0.519271
0.496202
0.438715
0.349636
0.256307
0.166631
0.084261
0.011705
0.000000
-0.041448
-0.183493
-0.282346
-0.371123
-0.454448
-0.531176
-0.599197
-0.656492
-0.688637
-0.691895
-0.678143
-0.655045
-0.627474
-0.598466
-0.569858
-0.542704
-0.517557
-0.494655
-0.434012
-0.344303
-0.250999
-0.161608
-0.079686
-0.007708
0.000000
0.052570
0.190513
0.288417
0.376748
0.459591
0.535705
0.602981
0.659421
0.689273
0.691164
0.676646
0.653163
0.625448
0.596443
0.567923
0.540902
0.515910
0.493169
0.429513
0.339202
0.245924
0.156806
0.075313
0.003887
0.000000
-0.063218
-0.197240
-0.294236
-0.382142
-0.464525
-0.540053
-0.606615
-0.662237
-0.689890
-0.690470
-0.675216
-0.651365
-0.623511
-0.594507
-0.566071
-0.539178
-0.514334
-0.491747
-0.424974
-0.334056
-0.240820
-0.151994
-0.070951
-0.000098
0.000000
0.074036
0.204120
0.300214
0.387699
0.469621
0.544554
0.610389
0.665176
0.690535
0.689749
0.673727
0.649492
0.621493
0.592491
0.564141
0.537382
0.512692
0.490266
0.419895
0.328277
0.235085
0.146590
0.066057
0.000000
0.000000
-0.082914
-0.210055
-0.305546
-0.392775
-0.474380
-0.548864
-0.614118
-0.668211
-0.691369
-0.689262
-0.672489
-0.647868
-0.619713
-0.590697
-0.562414
-0.535768
-0.511214
-0.488929
-0.414966
-0.322614
-0.229426
-0.141223
-0.061160
0.000000
0.000000
0.091536
0.215806
0.310703
0.397676
0.478969
0.553012
0.617700
0.671117
0.692147
0.688764
0.671268
0.646275
0.617972
0.588943
0.560729
0.534194
0.509771
0.487625
0.410272
0.317218
0.224026
0.136090
0.056468
0.000000
0.000000
-0.099845
-0.221360
-0.315692
-0.402425
-0.483421
-0.557044
-0.621188
-0.673957
-0.692930
-0.688311
-0.670112
-0.644760
-0.616311
-0.587267
-0.559116
-0.532686
-0.508390
-0.486377
-0.405781
-0.312059
-0.218864
-0.131188
-0.051989
0.000000
0.000000
0.107782
0.226666
0.320457
0.406961
0.487673
0.560894
0.624519
0.676667
0.693673
0.687873
0.669004
0.643307
0.614719
0.585662
0.557571
0.531243
0.507068
0.483344
0.400490
0.306406
0.213381
0.126109
0.047475
0.000000
0.000000
-0.115921
-0.232051
-0.325263
-0.411512
-0.491921
-0.564721
-0.627809
-0.679322
-0.694369
-0.687397
-0.667863
-0.641826
-0.613103
-0.584036
-0.556009
-0.529784
-0.505732
-0.477168
-0.393424
-0.299447
-0.206895
-0.120315
-0.042537
0.000000
0.000000
0.125264
0.238197
0.330727
0.416678
0.496735
0.569054
0.631528
0.680713
0.694260
0.686417
0.666416
0.640168
0.611392
0.582367
0.554436
0.528335
0.504416
0.471113
0.386498
0.292626
0.200540
0.114638
0.037699
0.000000
0.000000
-0.134600
-0.244398
-0.336285
-0.421969
-0.501704
-0.573565
-0.635449
-0.682214
-0.694283
-0.685576
-0.665106
-0.638640
-0.609803
-0.580810
-0.552963
-0.526975
-0.503180
-0.465372
-0.379951
-0.286203
-0.194581
-0.109341
-0.033212
0.000000
0.000000
0.143433
0.250294
0.341586
0.427028
0.506465
0.577900
0.639228
0.683677
0.694332
0.684797
0.663877
0.637200
0.608301
0.579336
0.551569
0.525686
0.502008
0.459859
0.373664
0.280038
0.188863
0.104262
0.028914
0.000000
0.000000
-0.151877
-0.255925
-0.346646
-0.431854
-0.511004
-0.582030
-0.642825
-0.685064
-0.694369
-0.684043
-0.662693
-0.635817
-0.606860
-0.577923
-0.550232
-0.524451
-0.500885
-0.454579
-0.367640
-0.274129
-0.183381
-0.099391
-0.024789
0.000000
0.004222
0.159843
0.261795
0.352005
0.436896
0.515644
0.586136
0.646279
0.686236
0.694158
0.683034
0.661262
0.634199
0.605202
0.576313
0.548719
0.523058
0.499622
0.449144
0.361454
0.268055
0.177737
0.094363
0.020519
0.000000
-0.016590
-0.167719
-0.268653
-0.358396
-0.442775
-0.520858
-0.590534
-0.649733
-0.687075
-0.693435
-0.681429
-0.659210
-0.631974
-0.602971
-0.574173
-0.546724
-0.521233
-0.497974
-0.444076
-0.355708
-0.262342
-0.172336
-0.089450
-0.016232
0.000000
0.028785
0.175487
0.275416
0.364697
0.448569
0.525995
0.594864
0.653132
0.687901
0.692722
0.679848
0.657190
0.629784
0.600775
0.572067
0.544760
0.519436
0.496351
0.439168
0.350149
0.256816
0.167113
0.084699
0.012088
0.000000
-0.040380
-0.182818
-0.281762
-0.370581
-0.453953
-0.530740
-0.598832
-0.656209
-0.688576
-0.691965
-0.678287
-0.655226
-0.627668
-0.598661
-0.570044
-0.542877
-0.517715
-0.494798
-0.434447
-0.344796
-0.251490
-0.162072
-0.080108
-0.008077
0.000000
0.051542
0.189864
0.287856
0.376228
0.459116
0.535287
0.602631
0.659150
0.689214
0.691232
0.676784
0.653337
0.625635
0.596630
0.568102
0.541069
0.516062
0.493307
0.429929
0.339674
0.246394
0.157250
0.075717
0.004240
0.000000
-0.062234
-0.196618
-0.293699
-0.381644
-0.464070
-0.539651
-0.606279
-0.661977
-0.689833
-0.690534
-0.675348
-0.651531
-0.623690
-0.594686
-0.566242
-0.539337
-0.514480
-0.491879
-0.425424
-0.334566
-0.241324
-0.152467
-0.071377
-0.000465
0.000000
0.072953
0.203425
0.299607
0.387133
0.469100
0.544093
0.610001
0.664871
0.690468
0.689823
0.673881
0.649685
0.621701
0.592699
0.564340
0.537567
0.512862
0.490419
0.420420
0.328876
0.235683
0.147157
0.066572
0.000000
0.000000
-0.081998
-0.209443
-0.304997
-0.392252
-0.473890
-0.548420
-0.613734
-0.667899
-0.691284
-0.689312
-0.672617
-0.648035
-0.619897
-0.590882
-0.562592
-0.535934
-0.511366
-0.489067
-0.415470
-0.323192
-0.230004
-0.141771
-0.061661
0.000000
0.000000
0.090653
0.215216
0.310174
0.397173
0.478498
0.552587
0.617332
0.670819
0.692067
0.688814
0.671392
0.646438
0.618150
0.589123
0.560901
0.534355
0.509919
0.487759
0.410753
0.317771
0.224578
0.136615
0.056948
0.000000
0.000000
-0.098995
-0.220792
-0.315182
-0.401939
-0.482966
-0.556632
-0.620832
-0.673667
-0.692850
-0.688358
-0.670231
-0.644915
-0.616481
-0.587439
-0.559281
-0.532841
-0.508532
-0.486505
-0.406241
-0.312587
-0.219393
-0.131690
-0.052448
0.000000
0.000000
0.106969
0.226122
0.319970
0.406496
0.487238
0.560500
0.624178
0.676390
0.693596
0.687918
0.669118
0.643456
0.614882
0.585826
0.557729
0.531391
0.507203
0.483960
0.401195
0.307102
0.214030
0.126691
0.047973
0.000000
0.000000
-0.115000
-0.231450
-0.324731
-0.411012
-0.491457
-0.564306
-0.627455
-0.679040
-0.694300
-0.687455
-0.667993
-0.641992
-0.613283
-0.584217
-0.556182
-0.529946
-0.505880
-0.477869
-0.394225
-0.300233
-0.207626
-0.120966
-0.043088
0.000000
0.000000
0.124189
0.237482
0.330087
0.416069
0.496165
0.568536
0.631080
0.680547
0.694266
0.686522
0.666575
0.640352
0.611583
0.582554
0.554612
0.528497
0.504564
0.471798
0.387281
0.293396
0.201257
0.115278
0.038243
0.000000
0.000000
-0.133545
-0.243697
-0.335656
-0.421370
-0.501141
-0.573054
-0.635004
-0.682043
-0.694280
-0.685670
-0.665254
-0.638813
-0.609982
-0.580986
-0.553130
-0.527128
-0.503319
-0.466023
-0.380693
-0.286932
-0.195256
-0.109942
-0.033721
0.000000
0.000000
0.142431
0.249626
0.340985
0.426455
0.505925
0.577409
0.638800
0.683512
0.694327
0.684885
0.664016
0.637364
0.608471
0.579503
0.551727
0.525832
0.502141
0.460484
0.374376
0.280736
0.189511
0.104837
0.029401
0.000000
0.000000
-0.150920
-0.255286
-0.346072
-0.431307
-0.510490
-0.581561
-0.642417
-0.684907
-0.694365
-0.684128
-0.662828
-0.635974
-0.607023
-0.578083
-0.550384
-0.524591
-0.501012
-0.455178
-0.368323
-0.274798
-0.184003
-0.099943
-0.025257
0.000000
0.002855
0.158969
0.261031
0.351292
0.436239
0.515058
0.585641
0.645888
0.686137
0.694234
0.683209
0.661487
0.634444
0.605448
0.576549
0.548939
0.523260
0.499804
0.449840
0.362243
0.268831
0.178461
0.095010
0.021071
0.000000
-0.015017
-0.166723
-0.267790
-0.357596
-0.442042
-0.520210
-0.589991
-0.649311
-0.686980
-0.693534
-0.681638
-0.659474
-0.632259
-0.603256
-0.574446
-0.546978
-0.521465
-0.498183
-0.444714
-0.356431
-0.263062
-0.173017
-0.090070
-0.016774
0.000000
0.027255
0.174514
0.274571
0.363910
0.447846
0.525355
0.594326
0.652711
0.687801
0.692814
0.680048
0.657444
0.630060
0.601051
0.572332
0.545007
0.519662
0.496555
0.439784
0.350847
0.257511
0.167769
0.085296
0.012609
0.000000
-0.038924
-0.181897
-0.280965
-0.369843
-0.453277
-0.530144
-0.598335
-0.655823
-0.688491
-0.692060
-0.678483
-0.655473
-0.627934
-0.598926
-0.570298
-0.543114
-0.517931
-0.494993
-0.435039
-0.345467
-0.252158
-0.162705
-0.080684
-0.008580
0.000000
0.050141
0.188980
0.287091
0.375519
0.458468
0.534716
0.602154
0.658781
0.689134
0.691324
0.676973
0.653574
0.625890
0.596885
0.568345
0.541295
0.516270
0.493494
0.430496
0.340316
0.247033
0.157855
0.076268
0.004722
0.000000
-0.060892
-0.195771
-0.292965
-0.380964
-0.463448
-0.539103
-0.605821
-0.661622
-0.689755
-0.690622
-0.675528
-0.651758
-0.623934
-0.594930
-0.566475
-0.539555
-0.514678
-0.492058
-0.426037
-0.335262
-0.242012
-0.153112
-0.071959
-0.000967
0.000000
0.071476
0.202478
0.298780
0.386361
0.468390
0.543463
0.609471
0.664457
0.690376
0.689924
0.674090
0.649948
0.621985
0.592983
0.564612
0.537820
0.513093
0.490627
0.421135
0.329694
0.236498
0.147928
0.067275
0.000000
0.000000
-0.080749
-0.208609
-0.304248
-0.391539
-0.473222
-0.547815
-0.613212
-0.667474
-0.691167
-0.689381
-0.672791
-0.648263
-0.620147
-0.591134
-0.562835
-0.536161
-0.511574
-0.489254
-0.416157
-0.323981
-0.230793
-0.142520
-0.062344
0.000000
0.000000
0.089449
0.214413
0.309453
0.396488
0.477856
0.552006
0.616830
0.670411
0.691957
0.688883
0.671562
0.646660
0.618393
0.589367
0.561136
0.534574
0.510120
0.487941
0.411408
0.318524
0.225332
0.137331
0.057603
0.000000
0.000000
-0.097836
-0.220017
-0.314486
-0.401277
-0.482345
-0.556070
-0.620345
-0.673271
-0.692741
-0.688421
-0.670392
-0.645127
-0.616713
-0.587673
-0.559506
-0.533051
-0.508724
-0.486679
-0.406868
-0.313308
-0.220113
-0.132374
-0.053073
0.000000
0.000000
0.105862
0.225382
0.319304
0.405863
0.486644
0.559963
0.623713
0.676012
0.693493
0.687979
0.669272
0.643658
0.615104
0.586050
0.557945
0.531592
0.507388
0.484800
0.402157
0.308050
0.214917
0.127485
0.048652
0.000000
0.000000
-0.113743
-0.230630
-0.324006
-0.410329
-0.490824
-0.563740
-0.626972
-0.678656
-0.694206
-0.687534
-0.668170
-0.642219
-0.613529
-0.584464
-0.556419
-0.530167
-0.506082
-0.478825
-0.395317
-0.301306
-0.208623
-0.121852
-0.043841
0.000000
0.000000
0.122722
0.236508
0.329214
0.415239
0.495386
0.567831
0.630469
0.680321
0.694274
0.686666
0.666793
0.640603
0.611843
0.582808
0.554852
0.528719
0.504765
0.472731
0.388348
0.294446
0.202234
0.116149
0.038984
0.000000
0.000000
-0.132108
-0.242741
-0.334798
-0.420553
-0.500374
-0.572357
-0.634398
-0.681811
-0.694276
-0.685800
-0.665455
-0.639048
-0.610227
-0.581226
-0.553357
-0.527338
-0.503510
-0.466910
-0.381705
-0.287925
-0.196178
-0.110761
-0.034414
0.000000
0.000000
0.141067
0.248715
0.340166
0.425674
0.505190
0.576739
0.638216
0.683286
0.694320
0.685006
0.664206
0.637586
0.608703
0.579731
0.551943
0.526031
0.502322
0.461336
0.375348
0.281689
0.190395
0.105622
0.030065
0.000000
0.000000
-0.149614
-0.254416
-0.345290
-0.430561
-0.509788
-0.580923
-0.641861
-0.684692
-0.694359
-0.684245
-0.663010
-0.636188
-0.607246
-0.578301
-0.550590
-0.524782
-0.501186
-0.455993
-0.369254
-0.275711
-0.184850
-0.100695
-0.025894
0.000000
0.000990
0.157777
0.259990
0.350319
0.435342
0.514260
0.584965
0.645354
0.686002
0.694338
0.683448
0.661794
0.634778
0.605784
0.576871
0.549240
0.523535
0.500053
0.450789
0.363319
0.269889
0.179446
0.095891
0.021823
0.000000
-0.012873
-0.165367
-0.266615
-0.356504
-0.441042
-0.519328
-0.589252
-0.648735
-0.686850
-0.693669
-0.681922
-0.659833
-0.632647
-0.603644
-0.574817
-0.547324
-0.521782
-0.498469
-0.445584
-0.357418
-0.264043
-0.173945
-0.090915
-0.017512
0.000000
0.025168
0.173188
0.273418
0.362838
0.446861
0.524483
0.593592
0.652137
0.687665
0.692939
0.680321
0.657792
0.630435
0.601427
0.572692
0.545343
0.519970
0.496833
0.440625
0.351799
0.258457
0.168665
0.086111
0.013320
0.000000
-0.036938
-0.180642
-0.279879
-0.368836
-0.452356
-0.529333
-0.597656
-0.655297
-0.688376
-0.692190
-0.678751
-0.655809
-0.628296
-0.599288
-0.570645
-0.543436
-0.518226
-0.495259
-0.435847
-0.346383
-0.253069
-0.163567
-0.081470
-0.009266
0.000000
0.048232
0.187774
0.286048
0.374553
0.457584
0.533938
0.601504
0.658277
0.689024
0.691449
0.677230
0.653897
0.626238
0.597232
0.568678
0.541605
0.516553
0.493749
0.431269
0.341193
0.247905
0.158680
0.077019
0.005378
0.000000
-0.059063
-0.194615
-0.291966
-0.380038
-0.462600
-0.538357
-0.605197
-0.661139
-0.689649
-0.690741
-0.675774
-0.652067
-0.624267
-0.595263
-0.566793
-0.539851
-0.514949
-0.492302
-0.426874
-0.336210
-0.242949
-0.153991
-0.072751
-0.001651
0.000000
0.069463
0.201186
0.297652
0.385309
0.467422
0.542605
0.608748
0.663891
0.690251
0.690061
0.674374
0.650307
0.622371
0.593369
0.564982
0.538164
0.513408
0.490911
0.422111
0.330808
0.237609
0.148981
0.068234
0.000000
0.000000
-0.079046
-0.207471
-0.303226
-0.390567
-0.472311
-0.546991
-0.612499
-0.666894
-0.691008
-0.689475
-0.673028
-0.648575
-0.620488
-0.591477
-0.563166
-0.536470
-0.511857
-0.489510
-0.417093
-0.325057
-0.231868
-0.143540
-0.063275
0.000000
0.000000
0.087807
0.213317
0.308470
0.395554
0.476981
0.551214
0.616147
0.669856
0.691808
0.688977
0.671794
0.646962
0.618724
0.589700
0.561457
0.534874
0.510394
0.488188
0.412301
0.319550
0.226359
0.138308
0.058495
0.000000
0.000000
-0.096256
-0.218961
-0.313537
-0.400375
-0.481499
-0.555304
-0.619683
-0.672732
-0.692593
-0.688508
-0.670612
-0.645415
-0.617029
-0.587992
-0.559813
-0.533338
-0.508987
-0.486916
-0.407722
-0.314289
-0.221096
-0.133307
-0.053926
0.000000
0.000000
0.104351
0.224372
0.318398
0.405000
0.485835
0.559230
0.623079
0.675496
0.693351
0.688063
0.669483
0.643935
0.615407
0.586356
0.558239
0.531867
0.507639
0.485698
0.403336
0.309249
0.216053
0.128517
0.049549
0.000000
0.000000
-0.112101
-0.229552
-0.323049
-0.409427
-0.489985
-0.562987
-0.626328
-0.678140
-0.694075
-0.687634
-0.668400
-0.642516
-0.613852
-0.584788
-0.556731
-0.530458
-0.506348
-0.480073
-0.396743
-0.302708
-0.209927
-0.123015
-0.044829
0.000000
0.000000
0.120819
0.235248
0.328089
0.414172
0.494388
0.566929
0.629690
0.680038
0.694292
0.686861
0.667081
0.640934
0.612185
0.583142
0.555167
0.529009
0.505028
0.473947
0.389738
0.295815
0.203509
0.117287
0.039953
0.000000
0.000000
-0.130234
-0.241496
-0.333682
-0.419490
-0.499375
-0.571449
-0.633609
-0.681508
-0.694270
-0.685968
-0.665718
-0.639354
-0.610546
-0.581538
-0.553652
-0.527611
-0.503758
-0.468064
-0.383021
-0.289216
-0.197375
-0.111825
-0.035316
0.000000
0.000000
0.139292
0.247530
0.339101
0.424657
0.504233
0.575868
0.637457
0.682992
0.694310
0.685162
0.664453
0.637876
0.609005
0.580027
0.552223
0.526290
0.502557
0.462444
0.376611
0.282928
0.191544
0.106643
0.030929
0.000000
0.000000
-0.147917
-0.253284
-0.344273
-0.429591
-0.508875
-0.580092
-0.641138
-0.684413
-0.694351
-0.684396
-0.663248
-0.636466
-0.607536
-0.578586
-0.550859
-0.525030
-0.501411
-0.457055
-0.370464
-0.276899
-0.185951
-0.101674
-0.026723
0.000000
0.000000
0.156180
0.258795
0.349225
0.434314
0.513319
0.584135
0.644660
0.685772
0.694389
0.683660
0.662092
0.635113
0.606126
0.577203
0.549552
0.523822
0.500313
0.451894
0.364577
0.271124
0.180594
0.096914
0.022692
0.000000
-0.010360
-0.163768
-0.265223
-0.355208
-0.439850
-0.518271
-0.588361
-0.648036
-0.686681
-0.693817
-0.682249
-0.660250
-0.633099
-0.604097
-0.575252
-0.547729
-0.522153
-0.498804
-0.446592
-0.358561
-0.265181
-0.175023
-0.091897
-0.018371
0.000000
0.022726
0.171631
0.272062
0.361574
0.445699
0.523452
0.592723
0.651454
0.687498
0.693081
0.680637
0.658195
0.630873
0.601867
0.573114
0.545736
0.520329
0.497158
0.441607
0.352912
0.259563
0.169709
0.087061
0.014149
0.000000
-0.034622
-0.179179
-0.278613
-0.367662
-0.451282
-0.528387
-0.596865
-0.654685
-0.688243
-0.692343
-0.679064
-0.656202
-0.628719
-0.599711
-0.571049
-0.543812
-0.518570
-0.495570
-0.436791
-0.347454
-0.254135
-0.164575
-0.082388
-0.010068
0.000000
0.045999
0.186365
0.284829
0.373424
0.456552
0.533029
0.600744
0.657689
0.688897
0.691596
0.677530
0.654275
0.626645
0.597638
0.569066
0.541967
0.516883
0.494047
0.432172
0.342217
0.248924
0.159644
0.077897
0.006145
0.000000
-0.056926
-0.193265
-0.290798
-0.378955
-0.461610
-0.537484
-0.604468
-0.660573
-0.689525
-0.690880
-0.676061
-0.652428
-0.624656
-0.595651
-0.567165
-0.540197
-0.515266
-0.492588
-0.427750
-0.337203
-0.243936
-0.154925
-0.073600
-0.002391
0.000000
0.067388
0.199874
0.296515
0.384254
0.466457
0.541754
0.608037
0.663339
0.690130
0.690197
0.674655
0.650660
0.622751
0.593749
0.565345
0.538502
0.513717
0.491190
0.423066
0.331893
0.238682
0.149988
0.069143
0.000000
0.000000
-0.077399
-0.206367
-0.302233
-0.389621
-0.471422
-0.546185
-0.611800
-0.666324
-0.690850
-0.689564
-0.673258
-0.648876
-0.620819
-0.591811
-0.563487
-0.536770
-0.512132
-0.489759
-0.418019
-0.326122
-0.232932
-0.144549
-0.064195
0.000000
0.000000
0.086189
0.212238
0.307503
0.394634
0.476121
0.550437
0.615476
0.669312
0.691663
0.689071
0.672024
0.647262
0.619051
0.590030
0.561773
0.535169
0.510665
0.488433
0.413182
0.320563
0.227373
0.139271
0.059376
0.000000
0.000000
-0.094695
-0.217918
-0.312600
-0.399482
-0.480662
-0.554546
-0.619027
-0.672198
-0.692445
-0.688592
-0.670829
-0.645700
-0.617341
-0.588306
-0.560116
-0.533621
-0.509246
-0.487151
-0.408565
-0.315258
-0.222064
-0.134227
-0.054766
0.000000
0.000000
0.102861
0.223376
0.317503
0.404149
0.485037
0.558508
0.622454
0.674988
0.693212
0.688145
0.669691
0.644208
0.615706
0.586657
0.558529
0.532138
0.507888
0.485922
0.404144
0.310178
0.216983
0.129400
0.050356
0.000000
0.000000
-0.110673
-0.228598
-0.322192
-0.408612
-0.489221
-0.562295
-0.625730
-0.677653
-0.693942
-0.687713
-0.668600
-0.642778
-0.614139
-0.585077
-0.557008
-0.530717
-0.506586
-0.481155
-0.397982
-0.303931
-0.211069
-0.124038
-0.045704
0.000000
0.000000
0.119200
0.234191
0.327155
0.413293
0.493572
0.566199
0.629068
0.679829
0.694333
0.687046
0.667343
0.641229
0.612487
0.583435
0.555442
0.529262
0.505258
0.474995
0.390937
0.296996
0.204611
0.118273
0.040795
0.000000
0.000000
-0.128617
-0.240423
-0.332721
-0.418575
-0.498516
-0.570670
-0.632932
-0.681249
-0.694266
-0.686112
-0.665943
-0.639617
-0.610820
-0.581807
-0.553906
-0.527845
-0.503971
-0.469052
-0.384147
-0.290319
-0.198399
-0.112735
-0.036086
0.000000
0.000000
0.137773
0.246515
0.338188
0.423786
0.503413
0.575121
0.636806
0.682739
0.694301
0.685296
0.664664
0.638123
0.609263
0.580281
0.552463
0.526512
0.502759
0.463393
0.377694
0.283990
0.192528
0.107518
0.031669
0.000000
0.000000
-0.146464
-0.252315
-0.343402
-0.428761
-0.508094
-0.579382
-0.640519
-0.684175
-0.694345
-0.684526
-0.663452
-0.636704
-0.607784
-0.578829
-0.551089
-0.525243
-0.501605
-0.457964
-0.371501
-0.277916
-0.186895
-0.102513
-0.027433
0.000000
0.000000
0.154785
0.257864
0.348389
0.433517
0.512568
0.583453
0.644065
0.685542
0.694382
0.683784
0.662287
0.635342
0.606364
0.577437
0.549772
0.524026
0.500498
0.452764
0.365570
0.272098
0.181498
0.097717
0.023372
0.000000
-0.008370
-0.162496
-0.264112
-0.354170
-0.438892
-0.517419
-0.587640
-0.647467
-0.686537
-0.693928
-0.682504
-0.660578
-0.633456
-0.604456
-0.575596
-0.548050
-0.522446
-0.499069
-0.447384
-0.359458
-0.266074
-0.175869
-0.092669
-0.019046
0.000000
0.020795
0.170398
0.270986
0.360570
0.444774
0.522631
0.592029
0.650907
0.687361
0.693190
0.680884
0.658514
0.631219
0.602214
0.573447
0.546047
0.520614
0.497414
0.442383
0.353790
0.260435
0.170534
0.087811
0.014802
0.000000
-0.032795
-0.178024
-0.277614
-0.366737
-0.450436
-0.527641
-0.596243
-0.654203
-0.688139
-0.692464
-0.679311
-0.656513
-0.629054
-0.600045
-0.571368
-0.544110
-0.518842
-0.495815
-0.437537
-0.348299
-0.254977
-0.165372
-0.083114
-0.010703
0.000000
0.044236
0.185252
0.283867
0.372532
0.455737
0.532311
0.600145
0.657225
0.688796
0.691712
0.677768
0.654573
0.626966
0.597959
0.569373
0.542252
0.517144
0.494283
0.432885
0.343025
0.249728
0.160405
0.078591
0.006751
0.000000
-0.055237
-0.192198
-0.289875
-0.378100
-0.460828
-0.536795
-0.603891
-0.660127
-0.689428
-0.690990
-0.676288
-0.652713
-0.624963
-0.595958
-0.567459
-0.540470
-0.515515
-0.492813
-0.428433
-0.337978
-0.244707
-0.155654
-0.074264
-0.002971
0.000000
0.065772
0.198853
0.295632
0.383436
0.465708
0.541095
0.607485
0.662912
0.690037
0.690303
0.674872
0.650933
0.623046
0.594043
0.565626
0.538764
0.513956
0.491406
0.423805
0.332731
0.239510
0.150766
0.069844
0.000000
0.000000
-0.076128
-0.205514
-0.301465
-0.388888
-0.470735
-0.545561
-0.611259
-0.665883
-0.690727
-0.689632
-0.673435
-0.649109
-0.621075
-0.592070
-0.563736
-0.537003
-0.512345
-0.489952
-0.418737
-0.326947
-0.233756
-0.145331
-0.064908
0.000000
0.000000
0.084935
0.211403
0.306754
0.393923
0.475455
0.549835
0.614957
0.668891
0.691551
0.689144
0.672202
0.647494
0.619305
0.590285
0.562019
0.535399
0.510875
0.488623
0.413864
0.321347
0.228158
0.140018
0.060059
0.000000
0.000000
-0.093486
-0.217109
-0.311874
-0.398791
-0.480014
-0.553959
-0.618518
-0.671784
-0.692331
-0.688658
-0.670996
-0.645920
-0.617582
-0.588550
-0.560350
-0.533840
-0.509447
-0.487332
-0.409218
-0.316008
-0.222815
-0.134940
-0.055417
0.000000
0.000000
0.101707
0.222605
0.316810
0.403489
0.484419
0.557948
0.621970
0.674593
0.693104
0.688208
0.669852
0.644419
0.615937
0.586890
0.558753
0.532348
0.508080
0.486096
0.404770
0.310898
0.217703
0.130084
0.050981
0.000000
0.000000
-0.109567
-0.227858
-0.321529
-0.407980
-0.488628
-0.561759
-0.625267
-0.677276
-0.693839
-0.687775
-0.668755
-0.642980
-0.614361
-0.585301
-0.557224
-0.530919
-0.506770
-0.481992
-0.398941
-0.304878
-0.211953
-0.124830
-0.046382
0.000000
0.000000
0.117946
0.233373
0.326431
0.412611
0.492941
0.565634
0.628586
0.679667
0.694365
0.687189
0.667545
0.641458
0.612721
0.583662
0.555656
0.529459
0.505436
0.475806
0.391865
0.297912
0.205465
0.119037
0.041447
0.000000
0.000000
-0.127365
-0.239591
-0.331976
-0.417867
-0.497851
-0.570066
-0.632407
-0.681047
-0.694262
-0.686224
-0.666118
-0.639821
-0.611032
-0.582015
-0.554103
-0.528027
-0.504136
-0.469816
-0.385019
-0.291174
-0.199192
-0.113439
-0.036682
0.000000
0.000000
0.136596
0.245729
0.337481
0.423111
0.502778
0.574543
0.636301
0.682543
0.694294
0.685399
0.664828
0.638315
0.609463
0.580477
0.552648
0.526684
0.502915
0.464128
0.378533
0.284813
0.193291
0.108195
0.032243
0.000000
0.000000
-0.145338
-0.251564
-0.342728
-0.428117
-0.507489
-0.578832
-0.640040
-0.683991
-0.694341
-0.684627
-0.663610
-0.636889
-0.607976
-0.579018
-0.551268
-0.525408
-0.501755
-0.458668
-0.372305
-0.278705
-0.187626
-0.103163
-0.027983
0.000000
0.000000
0.153704
0.257143
0.347741
0.432899
0.511987
0.582924
0.643604
0.685365
0.694377
0.683880
0.662438
0.635518
0.606548
0.577617
0.549943
0.524184
0.500642
0.453438
0.366339
0.272852
0.182197
0.098339
0.023899
0.000000
-0.006829
-0.161510
-0.263251
-0.353365
-0.438151
-0.516759
-0.587081
-0.647025
-0.686425
-0.694014
-0.682701
-0.660832
-0.633732
-0.604733
-0.575862
-0.548298
-0.522674
-0.499275
-0.447997
-0.360153
-0.266767
-0.176525
-0.093267
-0.019570
0.000000
0.019299
0.169442
0.270152
0.359792
0.444058
0.521994
0.591491
0.650483
0.687256
0.693274
0.681076
0.658760
0.631487
0.602483
0.573705
0.546287
0.520834
0.497613
0.442984
0.354470
0.261111
0.171172
0.088391
0.015309
0.000000
-0.031380
-0.177130
-0.276841
-0.366020
-0.449780
-0.527064
-0.595760
-0.653829
-0.688058
-0.692557
-0.679503
-0.656753
-0.629313
-0.600303
-0.571616
-0.544340
-0.519052
-0.496005
-0.438114
-0.348955
-0.255629
-0.165989
-0.083676
-0.011194
0.000000
0.042869
0.184389
0.283121
0.371841
0.455105
0.531755
0.599680
0.656866
0.688718
0.691802
0.677952
0.654805
0.627215
0.598208
0.569611
0.542474
0.517347
0.494466
0.433438
0.343652
0.250351
0.160995
0.079128
0.007220
0.000000
-0.053930
-0.191372
-0.289160
-0.377437
-0.460222
-0.536261
-0.603445
-0.659781
-0.689352
-0.691076
-0.676463
-0.652934
-0.625201
-0.596196
-0.567686
-0.540682
-0.515709
-0.492988
-0.428963
-0.338578
-0.245304
-0.156219
-0.074778
-0.003420
0.000000
0.064520
0.198062
0.294948
0.382802
0.465128
0.540584
0.607058
0.662581
0.689965
0.690385
0.675041
0.651144
0.623274
0.594271
0.565844
0.538967
0.514141
0.491573
0.424378
0.333381
0.240152
0.151368
0.070386
0.000000
0.000000
-0.075142
-0.204853
-0.300870
-0.388321
-0.470202
-0.545078
-0.610841
-0.665541
-0.690632
-0.689685
-0.673572
-0.649290
-0.621273
-0.592270
-0.563928
-0.537183
-0.512510
-0.490101
-0.419294
-0.327586
-0.234395
-0.145937
-0.065461
0.000000
0.000000
0.083964
0.210755
0.306174
0.393372
0.474939
0.549369
0.614554
0.668565
0.691464
0.689201
0.672341
0.647674
0.619501
0.590483
0.562209
0.535576
0.511038
0.488770
0.414393
0.321955
0.228767
0.140596
0.060588
0.000000
0.000000
-0.092549
-0.216483
-0.311311
-0.398255
-0.479511
-0.553504
-0.618125
-0.671463
-0.692242
-0.688708
-0.671126
-0.646090
-0.617770
-0.588739
-0.560532
-0.534010
-0.509603
-0.487473
-0.409724
-0.316589
-0.223396
-0.135492
-0.055921
0.000000
0.000000
0.100813
0.222007
0.316273
0.402978
0.483940
0.557514
0.621595
0.674288
0.693020
0.688258
0.669977
0.644583
0.616116
0.587071
0.558927
0.532510
0.508229
0.486231
0.405256
0.311455
0.218261
0.130614
0.051465
0.000000
0.000000
-0.108710
-0.227286
-0.321014
-0.407491
-0.488170
-0.561344
-0.624907
-0.676984
-0.693759
-0.687822
-0.668874
-0.643137
-0.614533
-0.585474
-0.557391
-0.531074
-0.506913
-0.482641
-0.399685
-0.305611
-0.212638
-0.125444
-0.046907
0.000000
0.000000
0.116974
0.232738
0.325870
0.412084
0.492451
0.565196
0.628213
0.679541
0.694390
0.687301
0.667702
0.641635
0.612902
0.583838
0.555821
0.529611
0.505574
0.476434
0.392584
0.298621
0.206126
0.119629
0.041953
0.000000
0.000000
-0.126394
-0.238947
-0.331399
-0.417318
-0.497335
-0.569598
-0.632001
-0.680892
-0.694259
-0.686311
-0.666253
-0.639979
-0.611196
-0.582176
-0.554255
-0.528168
-0.504264
-0.470409
-0.385694
-0.291837
-0.199807
-0.113985
-0.037144
0.000000
0.000000
0.135684
0.245121
0.336934
0.422588
0.502286
0.574094
0.635910
0.682392
0.694288
0.685479
0.664955
0.638463
0.609618
0.580629
0.552792
0.526816
0.503036
0.464698
0.379182
0.285450
0.193882
0.108720
0.032687
0.000000
0.000000
-0.144466
-0.250983
-0.342205
-0.427619
-0.507021
-0.578405
-0.639669
-0.683848
-0.694337
-0.684705
-0.663732
-0.637032
-0.608125
-0.579164
-0.551406
-0.525535
-0.501871
-0.459214
-0.372927
-0.279315
-0.188193
-0.103666
-0.028410
0.000000
0.000000
0.152867
0.256585
0.347239
0.432420
0.511537
0.582514
0.643247
0.685227
0.694373
0.683955
0.662555
0.635655
0.606691
0.577757
0.550076
0.524306
0.500753
0.453961
0.366935
0.273437
0.182740
0.098820
0.024307
0.000000
-0.005635
-0.160747
-0.262584
-0.352743
-0.437576
-0.516248
-0.586648
-0.646683
-0.686338
-0.694080
-0.682853
-0.661029
-0.633946
-0.604948
-0.576069
-0.548491
-0.522850
-0.499434
-0.448471
-0.360691
-0.267303
-0.177033
-0.093730
-0.019976
0.000000
0.018140
0.168702
0.269506
0.359190
0.443503
0.521501
0.591075
0.650155
0.687174
0.693340
0.681225
0.658951
0.631694
0.602691
0.573905
0.546474
0.521004
0.497767
0.443449
0.354997
0.261635
0.171667
0.088841
0.015701
0.000000
-0.030283
-0.176438
-0.276242
-0.365465
-0.449273
-0.526617
-0.595387
-0.653540
-0.687996
-0.692630
-0.679651
-0.656939
-0.629513
-0.600504
-0.571807
-0.544518
-0.519215
-0.496152
-0.438562
-0.349462
-0.256134
-0.166468
-0.084112
-0.011575
0.000000
0.041811
0.183721
0.282544
0.371306
0.454616
0.531324
0.599321
0.656588
0.688658
0.691871
0.678095
0.654984
0.627408
0.598400
0.569795
0.542645
0.517503
0.494607
0.433866
0.344137
0.250834
0.161452
0.079544
0.007583
0.000000
-0.052916
-0.190732
-0.288606
-0.376924
-0.459752
-0.535847
-0.603099
-0.659513
-0.689293
-0.691142
-0.676599
-0.653105
-0.625385
-0.596380
-0.567862
-0.540846
-0.515859
-0.493123
-0.429373
-0.339043
-0.245766
-0.156656
-0.075176
-0.003768
0.000000
0.063550
0.197449
0.294418
0.382310
0.464679
0.540188
0.606728
0.662325
0.689909
0.690448
0.675171
0.651308
0.623450
0.594447
0.566013
0.539124
0.514285
0.491703
0.424822
0.333884
0.240650
0.151834
0.070807
0.000000
0.000000
-0.074379
-0.204341
-0.300409
-0.387882
-0.469789
-0.544704
-0.610516
-0.665276
-0.690559
-0.689726
-0.673679
-0.649430
-0.621426
-0.592425
-0.564078
-0.537322
-0.512638
-0.490217
-0.419724
-0.328081
-0.234890
-0.146406
-0.065889
0.000000
0.000000
0.083212
0.210254
0.305725
0.392945
0.474539
0.549008
0.614243
0.668312
0.691397
0.689245
0.672448
0.647813
0.619654
0.590636
0.562356
0.535714
0.511164
0.488884
0.414803
0.322426
0.229238
0.141044
0.060998
0.000000
0.000000
-0.091824
-0.215997
-0.310875
-0.397840
-0.479122
-0.553151
-0.617820
-0.671215
-0.692174
-0.688748
-0.671227
-0.646223
-0.617915
-0.588885
-0.560673
-0.534141
-0.509723
-0.487582
-0.410116
-0.317039
-0.223846
-0.135919
-0.056312
0.000000
0.000000
0.100121
0.221544
0.315858
0.402583
0.483569
0.557178
0.621304
0.674052
0.692955
0.688296
0.670074
0.644709
0.616255
0.587211
0.559062
0.532636
0.508344
0.486335
0.405631
0.311887
0.218693
0.131024
0.051840
0.000000
0.000000
-0.108046
-0.226842
-0.320616
-0.407112
-0.487815
-0.561022
-0.624629
-0.676758
-0.693697
-0.687859
-0.668967
-0.643259
-0.614666
-0.585608
-0.557520
-0.531195
-0.507024
-0.483144
-0.400261
-0.306179
-0.213169
-0.125920
-0.047313
0.000000
0.000000
0.116221
0.232247
0.325435
0.411675
0.492072
0.564856
0.627924
0.679414
0.694392
0.687378
0.667821
0.641772
0.613044
0.583977
0.555952
0.529732
0.505684
0.476940
0.393163
0.299191
0.206658
0.120104
0.042357
0.000000
0.000000
-0.125614
-0.238430
-0.330935
-0.416876
-0.496921
-0.569222
-0.631674
-0.680768
-0.694259
-0.686382
-0.666364
-0.640108
-0.611330
-0.582307
-0.554379
-0.528282
-0.504368
-0.470891
-0.386243
-0.292376
-0.200307
-0.114430
-0.037522
0.000000
0.000000
0.134943
0.244626
0.336489
0.422164
0.501887
0.573731
0.635594
0.682269
0.694284
0.685545
0.665058
0.638584
0.609744
0.580752
0.552909
0.526925
0.503134
0.465160
0.379709
0.285966
0.194361
0.109146
0.033047
0.000000
0.000000
-0.143758
-0.250511
-0.341781
-0.427215
-0.506640
-0.578059
-0.639367
-0.683731
-0.694334
-0.684768
-0.663831
-0.637147
-0.608246
-0.579282
-0.551518
-0.525639
-0.501965
-0.459656
-0.373432
-0.279810
-0.188652
-0.104074
-0.028755
0.000000
0.000000
0.152189
0.256133
0.346833
0.432032
0.511172
0.582182
0.642958
0.685115
0.694370
0.684015
0.662650
0.635766
0.606807
0.577871
0.550183
0.524405
0.500843
0.454384
0.367418
0.273911
0.183179
0.099211
0.024637
0.000000
-0.004667
-0.160128
-0.262044
-0.352237
-0.437110
-0.515834
-0.586298
-0.646406
-0.686268
-0.694134
-0.682977
-0.661188
-0.634119
-0.605122
-0.576236
-0.548647
-0.522993
-0.499563
-0.448918
-0.361198
-0.267803
-0.177502
-0.094153
-0.020340
0.000000
0.017101
0.168042
0.268933
0.358656
0.443013
0.521068
0.590710
0.649870
0.687107
0.693403
0.681361
0.659124
0.631882
0.602878
0.574084
0.546641
0.521158
0.497906
0.443869
0.355473
0.262108
0.172115
0.089248
0.016056
0.000000
-0.029283
-0.175804
-0.275691
-0.364953
-0.448804
-0.526203
-0.595039
-0.653269
-0.687934
-0.692692
-0.679783
-0.657107
-0.629694
-0.600685
-0.571981
-0.544680
-0.519363
-0.496285
-0.438967
-0.349921
-0.256591
-0.166899
-0.084505
-0.011918
0.000000
0.040854
0.183117
0.282021
0.370821
0.454172
0.530933
0.598994
0.656335
0.688603
0.691934
0.678223
0.655146
0.627582
0.598575
0.569962
0.542800
0.517645
0.494735
0.434254
0.344577
0.251272
0.161866
0.079921
0.007913
0.000000
-0.051998
-0.190152
-0.288104
-0.376459
-0.459327
-0.535472
-0.602786
-0.659270
-0.689240
-0.691202
-0.676723
-0.653260
-0.625552
-0.596547
-0.568022
-0.540995
-0.515995
-0.493246
-0.429745
-0.339465
-0.246186
-0.157053
-0.075538
-0.004084
0.000000
0.062670
0.196894
0.293937
0.381865
0.464272
0.539829
0.606428
0.662092
0.689858
0.690506
0.675289
0.651457
0.623610
0.594607
0.566166
0.539267
0.514415
0.491820
0.425224
0.334340
0.241100
0.152257
0.071188
0.000302
0.000000
-0.073433
-0.203733
-0.299876
-0.387384
-0.469331
-0.544297
-0.610173
-0.665006
-0.690498
-0.689790
-0.673813
-0.649599
-0.621609
-0.592607
-0.564252
-0.537485
-0.512787
-0.490351
-0.420187
-0.328610
-0.235418
-0.146906
-0.066344
0.000000
0.000000
0.082404
0.209714
0.305240
0.392484
0.474107
0.548617
0.613905
0.668037
0.691322
0.689290
0.672560
0.647961
0.619815
0.590800
0.562514
0.535861
0.511299
0.489006
0.415247
0.322936
0.229748
0.141528
0.061439
0.000000
0.000000
-0.091045
-0.215477
-0.310408
-0.397396
-0.478707
-0.552775
-0.617495
-0.670951
-0.692103
-0.688792
-0.671337
-0.646366
-0.618071
-0.589043
-0.560825
-0.534283
-0.509854
-0.487700
-0.410540
-0.317526
-0.224333
-0.136382
-0.056735
0.000000
0.000000
0.099372
0.221043
0.315408
0.402155
0.483168
0.556815
0.620990
0.673796
0.692885
0.688337
0.670178
0.644846
0.616405
0.587363
0.559208
0.532772
0.508469
0.486448
0.406037
0.312353
0.219159
0.131467
0.052244
0.000000
0.000000
-0.107330
-0.226363
-0.320186
-0.406702
-0.487431
-0.560675
-0.624329
-0.676513
-0.693630
-0.687898
-0.669067
-0.643390
-0.614809
-0.585753
-0.557659
-0.531325
-0.507143
-0.483687
-0.400883
-0.306793
-0.213742
-0.126433
-0.047753
0.000000
0.000000
0.115408
0.231716
0.324966
0.411233
0.491663
0.564490
0.627612
0.679165
0.694331
0.687429
0.667935
0.641919
0.613203
0.584137
0.556105
0.529875
0.505814
0.477559
0.393870
0.299885
0.207302
0.120677
0.042844
0.000000
0.000000
-0.124666
-0.237799
-0.330371
-0.416339
-0.496418
-0.568766
-0.631279
-0.680621
-0.694264
-0.686476
-0.666504
-0.640270
-0.611498
-0.582471
-0.554534
-0.528425
-0.504498
-0.471494
-0.386934
-0.293055
-0.200939
-0.114994
-0.038002
0.000000
0.000000
0.134013
0.244008
0.335935
0.421636
0.501390
0.573280
0.635202
0.682119
0.694281
0.685628
0.665188
0.638736
0.609903
0.580908
0.553056
0.527060
0.503257
0.465734
0.380364
0.286609
0.194957
0.109675
0.033495
0.000000
0.000000
-0.142875
-0.249922
-0.341252
-0.426709
-0.506165
-0.577626
-0.638990
-0.683585
-0.694329
-0.684846
-0.663954
-0.637291
-0.608396
-0.579429
-0.551657
-0.525768
-0.502082
-0.460207
-0.374060
-0.280427
-0.189224
-0.104582
-0.029185
0.000000
0.000000
0.151344
0.255569
0.346327
0.431550
0.510718
0.581769
0.642598
0.684976
0.694366
0.684090
0.662768
0.635904
0.606951
0.578012
0.550317
0.524529
0.500956
0.454912
0.368020
0.274502
0.183727
0.099698
0.025050
0.000000
-0.003461
-0.159357
-0.261370
-0.351608
-0.436530
-0.515318
-0.585861
-0.646061
-0.686181
-0.694201
-0.683132
-0.661387
-0.634336
-0.605339
-0.576444
-0.548841
-0.523171
-0.499724
-0.449532
-0.361894
-0.268487
-0.178140
-0.094723
-0.020826
0.000000
0.015714
0.167165
0.268173
0.357951
0.442367
0.520497
0.590232
0.649498
0.687022
0.693490
0.681545
0.659357
0.632133
0.603130
0.574325
0.546865
0.521362
0.498091
0.444431
0.356111
0.262743
0.172715
0.089795
0.016534
0.000000
-0.027933
-0.174946
-0.274945
-0.364259
-0.448167
-0.525638
-0.594564
-0.652898
-0.687845
-0.692773
-0.679960
-0.657332
-0.629937
-0.600928
-0.572214
-0.544897
-0.519562
-0.496465
-0.439511
-0.350537
-0.257203
-0.167478
-0.085032
-0.012378
0.000000
0.039569
0.182305
0.281318
0.370170
0.453577
0.530408
0.598555
0.655994
0.688529
0.692018
0.678396
0.655363
0.627816
0.598809
0.570186
0.543009
0.517836
0.494907
0.434777
0.345169
0.251862
0.162424
0.080429
0.008357
0.000000
-0.050762
-0.189372
-0.287430
-0.375834
-0.458755
-0.534969
-0.602365
-0.658944
-0.689169
-0.691283
-0.676889
-0.653469
-0.625777
-0.596772
-0.568237
-0.541195
-0.516178
-0.493411
-0.430245
-0.340031
-0.246750
-0.157587
-0.076024
-0.004508
0.000000
0.061487
0.196146
0.293290
0.381266
0.463723
0.539346
0.606024
0.661779
0.689789
0.690583
0.675448
0.651657
0.623826
0.594822
0.566372
0.539458
0.514590
0.491978
0.425765
0.334954
0.241707
0.152826
0.071701
0.000745
0.000000
-0.072131
-0.202898
-0.299147
-0.386703
-0.468705
-0.543742
-0.609706
-0.664640
-0.690417
-0.689879
-0.673997
-0.649831
-0.621859
-0.592857
-0.564492
-0.537708
-0.512990
-0.490535
-0.420818
-0.329331
-0.236136
-0.147586
-0.066964
0.000000
0.000000
0.081302
0.208978
0.304580
0.391855
0.473518
0.548083
0.613443
0.667662
0.691219
0.689351
0.672714
0.648162
0.620036
0.591022
0.562727
0.536060
0.511482
0.489171
0.415852
0.323632
0.230443
0.142188
0.062041
0.000000
0.000000
-0.089983
-0.214769
-0.309773
-0.396792
-0.478141
-0.552263
-0.617053
-0.670592
-0.692006
-0.688853
-0.671487
-0.646562
-0.618285
-0.589259
-0.561032
-0.534477
-0.510031
-0.487860
-0.411117
-0.318190
-0.224998
-0.137014
-0.057313
0.000000
0.000000
0.098350
0.220360
0.314794
0.401571
0.482620
0.556319
0.620561
0.673447
0.692789
0.688393
0.670321
0.645033
0.616610
0.587569
0.559406
0.532958
0.508639
0.486602
0.406590
0.312988
0.219794
0.132071
0.052796
0.000000
0.000000
-0.106353
-0.225710
-0.319599
-0.406144
-0.486907
-0.560201
-0.623919
-0.676180
-0.693539
-0.687952
-0.669204
-0.643569
-0.615005
-0.585951
-0.557849
-0.531503
-0.507306
-0.484427
-0.401730
-0.307630
-0.214524
-0.127133
-0.048351
0.000000
0.000000
0.114300
0.230993
0.324327
0.410632
0.491104
0.563991
0.627186
0.678826
0.694247
0.687499
0.668091
0.642118
0.613420
0.584354
0.556314
0.530069
0.505992
0.478402
0.394833
0.300830
0.208181
0.121459
0.043507
0.000000
0.000000
-0.123372
-0.236940
-0.329601
-0.415607
-0.495731
-0.568144
-0.630740
-0.680421
-0.694270
-0.686603
-0.666696
-0.640492
-0.611728
-0.582696
-0.554746
-0.528621
-0.504676
-0.472318
-0.387875
-0.293981
-0.201801
-0.115763
-0.038656
0.000000
0.000000
0.132745
0.243165
0.335179
0.420915
0.500714
0.572666
0.634667
0.681914
0.694278
0.685742
0.665366
0.638944
0.610119
0.581119
0.553256
0.527245
0.503426
0.466517
0.381257
0.287484
0.195769
0.110398
0.034107
0.000000
0.000000
-0.141672
-0.249119
-0.340529
-0.426020
-0.505516
-0.577036
-0.638475
-0.683386
-0.694323
-0.684952
-0.664122
-0.637488
-0.608601
-0.579630
-0.551847
-0.525943
-0.502242
-0.460958
-0.374917
-0.281267
-0.190003
-0.105274
-0.029771
0.000000
0.000000
0.150193
0.254802
0.345637
0.430892
0.510099
0.581206
0.642108
0.684787
0.694361
0.684193
0.662929
0.636093
0.607147
0.578205
0.550499
0.524697
0.501109
0.455632
0.368841
0.275307
0.184474
0.100362
0.025612
0.000000
-0.001817
-0.158305
-0.260452
-0.350750
-0.435739
-0.514614
-0.585265
-0.645590
-0.686062
-0.694292
-0.683342
-0.661658
-0.634630
-0.605635
-0.576728
-0.549106
-0.523413
-0.499943
-0.450368
-0.362842
-0.269420
-0.179009
-0.095500
-0.021490
0.000000
0.013823
0.165968
0.267136
0.356988
0.441485
0.519719
0.589579
0.648991
0.686907
0.693609
0.681796
0.659674
0.632475
0.603472
0.574653
0.547170
0.521641
0.498342
0.445198
0.356980
0.263608
0.173534
0.090540
0.017185
0.000000
-0.026093
-0.173776
-0.273929
-0.363313
-0.447298
-0.524869
-0.593917
-0.652391
-0.687725
-0.692884
-0.680200
-0.657638
-0.630269
-0.601260
-0.572532
-0.545194
-0.519833
-0.496710
-0.440252
-0.351377
-0.258038
-0.168268
-0.085750
-0.013005
0.000000
0.037818
0.181198
0.280360
0.369282
0.452764
0.529692
0.597957
0.655531
0.688427
0.692133
0.678632
0.655660
0.628136
0.599128
0.570491
0.543293
0.518095
0.495141
0.435489
0.345977
0.252665
0.163185
0.081122
0.008962
0.000000
-0.049078
-0.188309
-0.286510
-0.374981
-0.457976
-0.534283
-0.601792
-0.658500
-0.689073
-0.691393
-0.677116
-0.653754
-0.626084
-0.597078
-0.568530
-0.541468
-0.516427
-0.493636
-0.430926
-0.340804
-0.247519
-0.158314
-0.076686
-0.005087
0.000000
0.059874
0.195127
0.292409
0.380448
0.462976
0.538688
0.605474
0.661353
0.689696
0.690688
0.675665
0.651930
0.624119
0.595115
0.566652
0.539719
0.514829
0.492194
0.426503
0.335790
0.242533
0.153602
0.072400
0.001347
0.000000
-0.070356
-0.201759
-0.298152
-0.385775
-0.467851
-0.542986
-0.609069
-0.664142
-0.690306
-0.690000
-0.674248
-0.650148
-0.622200
-0.593198
-0.564818
-0.538011
-0.513268
-0.490785
-0.421678
-0.330314
-0.237116
-0.148514
-0.067809
0.000000
0.000000
0.079801
0.207975
0.303679
0.390998
0.472715
0.547356
0.612815
0.667151
0.691079
0.689433
0.672923
0.648437
0.620336
0.591325
0.563019
0.536333
0.511731
0.489397
0.416678
0.324580
0.231391
0.143088
0.062862
0.000000
0.000000
-0.088535
-0.213803
-0.308906
-0.395968
-0.477369
-0.551565
-0.616450
-0.670102
-0.691874
-0.688935
-0.671691
-0.646828
-0.618577
-0.589553
-0.561315
-0.534741
-0.510273
-0.488079
-0.411905
-0.319095
-0.225904
-0.137875
-0.058100
0.000000
0.000000
0.096957
0.219429
0.313958
0.400775
0.481874
0.555643
0.619976
0.672971
0.692658
0.688469
0.670515
0.645287
0.616889
0.587850
0.559677
0.533211
0.508871
0.486811
0.407344
0.313854
0.220660
0.132893
0.053548
0.000000
0.000000
-0.105021
-0.224820
-0.318800
-0.405383
-0.486194
-0.559555
-0.623360
-0.675725
-0.693414
-0.688026
-0.669390
-0.643812
-0.615273
-0.586220
-0.558108
-0.531745
-0.507528
-0.485437
-0.402886
-0.308770
-0.215589
-0.128088
-0.049167
0.000000
0.000000
0.112789
0.230007
0.323455
0.409811
0.490344
0.563310
0.626606
0.678364
0.694134
0.687594
0.668304
0.642391
0.613716
0.584651
0.556599
0.530334
0.506235
0.479551
0.396146
0.302120
0.209379
0.122525
0.044412
0.000000
0.000000
-0.121609
-0.235768
-0.328551
-0.414609
-0.494796
-0.567296
-0.630005
-0.680149
-0.694279
-0.686776
-0.666958
-0.640794
-0.612041
-0.583001
-0.555035
-0.528887
-0.504918
-0.473440
-0.389158
-0.295243
-0.202976
-0.116811
-0.039547
0.000000
0.000000
0.131017
0.242015
0.334148
0.419934
0.499791
0.571828
0.633938
0.681634
0.694272
0.685898
0.665608
0.639227
0.610413
0.581408
0.553529
0.527497
0.503655
0.467584
0.382474
0.288679
0.196877
0.111382
0.034941
0.000000
0.000000
-0.140031
-0.248023
-0.339545
-0.425080
-0.504632
-0.576231
-0.637773
-0.683114
-0.694314
-0.685097
-0.664350
-0.637755
-0.608880
-0.579904
-0.552106
-0.526183
-0.502459
-0.461982
-0.376085
-0.282412
-0.191065
-0.106218
-0.030570
0.000000
0.000000
0.148624
0.253755
0.344696
0.429995
0.509255
0.580438
0.641439
0.684529
0.694354
0.684333
0.663149
0.636350
0.607415
0.578467
0.550747
0.524927
0.501317
0.456613
0.369960
0.276404
0.185492
0.101267
0.026378
0.000000
0.000000
-0.156858
-0.259247
-0.349631
-0.434702
-0.513683
-0.584467
-0.644949
-0.685884
-0.694392
-0.683600
-0.661997
-0.635003
-0.606011
-0.577090
-0.549444
-0.523723
-0.500223
-0.451470
-0.364094
-0.270650
-0.180155
-0.096523
-0.022362
0.000000
0.011327
0.164386
0.265763
0.355712
0.440315
0.518685
0.588711
0.648313
0.686751
0.693764
0.682125
0.660091
0.632926
0.603923
0.575085
0.547573
0.522010
0.498675
0.446208
0.358125
0.264747
0.174611
0.091522
0.018042
0.000000
-0.023665
-0.172231
-0.272585
-0.362062
-0.446148
-0.523851
-0.593060
-0.651720
-0.687564
-0.693028
-0.680516
-0.658041
-0.630705
-0.601698
-0.572952
-0.545585
-0.520191
-0.497033
-0.441230
-0.352485
-0.259139
-0.169309
-0.086697
-0.013831
0.000000
0.035509
0.179739
0.279098
0.368112
0.451694
0.528749
0.597168
0.654919
0.688294
0.692284
0.678943
0.656051
0.628557
0.599549
0.570894
0.543668
0.518438
0.495451
0.436428
0.347042
0.253725
0.164188
0.082035
0.009760
0.000000
-0.046857
-0.186906
-0.285297
-0.373857
-0.456948
-0.533377
-0.601036
-0.657915
-0.688946
-0.691539
-0.677415
-0.654130
-0.626488
-0.597482
-0.568917
-0.541828
-0.516756
-0.493933
-0.431825
-0.341824
-0.248533
-0.159274
-0.077560
-0.005851
0.000000
0.057746
0.193783
0.291246
0.379371
0.461990
0.537819
0.604748
0.660790
0.689573
0.690827
0.675951
0.652289
0.624506
0.595502
0.567022
0.540064
0.515144
0.492478
0.427418
0.336827
0.243561
0.154570
0.073277
0.002109
0.000000
-0.068174
-0.200370
-0.296944
-0.384652
-0.466821
-0.542075
-0.608305
-0.663546
-0.690176
-0.690146
-0.674549
-0.650527
-0.622608
-0.593606
-0.565208
-0.538375
-0.513601
-0.491085
-0.422707
-0.331485
-0.238279
-0.149610
-0.068802
0.000000
0.000000
0.078018
0.206782
0.302606
0.389976
0.471756
0.546488
0.612063
0.666538
0.690910
0.689530
0.673172
0.648763
0.620694
0.591686
0.563366
0.536658
0.512029
0.489666
0.417670
0.325721
0.232531
0.144169
0.063849
0.000000
0.000000
-0.086798
-0.212644
-0.307867
-0.394980
-0.476444
-0.550729
-0.615728
-0.669517
-0.691717
-0.689035
-0.671937
-0.647149
-0.618928
-0.589906
-0.561654
-0.535058
-0.510563
-0.488341
-0.412850
-0.320182
-0.226991
-0.138908
-0.059045
0.000000
0.000000
0.095283
0.218310
0.312953
0.399818
0.480977
0.554831
0.619274
0.672399
0.692501
0.688560
0.670747
0.645592
0.617223
0.588188
0.560002
0.533514
0.509149
0.487062
0.408248
0.314893
0.221700
0.133881
0.054450
0.000000
0.000000
-0.103422
-0.223751
-0.317840
-0.404469
-0.485338
-0.558780
-0.622689
-0.675179
-0.693265
-0.688114
-0.669613
-0.644105
-0.615593
-0.586544
-0.558419
-0.532036
-0.507794
-0.485838
-0.403840
-0.309829
-0.216633
-0.129068
-0.050052
0.000000
0.000000
0.111211
0.228957
0.322515
0.408918
0.489508
0.562556
0.625955
0.677836
0.693992
0.687684
0.668525
0.642679
0.614031
0.584968
0.556904
0.530620
0.506497
0.480747
0.397515
0.303470
0.210639
0.123653
0.045375
0.000000
0.000000
-0.119810
-0.234589
-0.327506
-0.413624
-0.493879
-0.566474
-0.629302
-0.679907
-0.694318
-0.686976
-0.667244
-0.641118
-0.612373
-0.583325
-0.555339
-0.529167
-0.505171
-0.474600
-0.390486
-0.296552
-0.204196
-0.117902
-0.040478
0.000000
0.000000
0.129226
0.240827
0.333082
0.418920
0.498839
0.570963
0.633187
0.681346
0.694267
0.686058
0.665858
0.639518
0.610717
0.581706
0.553811
0.527757
0.503891
0.468680
0.383723
0.289904
0.198014
0.112392
0.035796
0.000000
0.000000
-0.138345
-0.246897
-0.338532
-0.424114
-0.503722
-0.575402
-0.637051
-0.682834
-0.694304
-0.685246
-0.664585
-0.638030
-0.609166
-0.580185
-0.552372
-0.526429
-0.502683
-0.463036
-0.377286
-0.283590
-0.192158
-0.107189
-0.031391
0.000000
0.000000
0.147011
0.252680
0.343730
0.429073
0.508388
0.579649
0.640752
0.684265
0.694348
0.684477
0.663375
0.636614
0.607690
0.578737
0.551003
0.525163
0.501532
0.457622
0.371111
0.277533
0.186540
0.102197
0.027166
0.000000
0.000000
-0.155310
-0.258215
-0.348704
-0.433817
-0.512851
-0.583710
-0.644289
-0.685629
-0.694385
-0.683737
-0.662213
-0.635256
-0.606275
-0.577349
-0.549689
-0.523949
-0.500429
-0.452436
-0.365196
-0.271731
-0.181157
-0.097414
-0.023116
0.000000
0.009119
0.162975
0.264530
0.354561
0.439253
0.517740
0.587911
0.647681
0.686591
0.693886
0.682408
0.660455
0.633322
0.604321
0.575467
0.547929
0.522336
0.498969
0.447086
0.359120
0.265738
0.175551
0.092378
0.018792
0.000000
-0.021522
-0.170862
-0.271391
-0.360948
-0.445122
-0.522940
-0.592290
-0.651113
-0.687413
-0.693149
-0.680791
-0.658394
-0.631089
-0.602083
-0.573322
-0.545930
-0.520506
-0.497318
-0.442091
-0.353459
-0.260107
-0.170223
-0.087528
-0.014556
0.000000
0.033482
0.178459
0.277990
0.367085
0.450755
0.527922
0.596477
0.654384
0.688178
0.692418
0.679218
0.656396
0.628928
0.599919
0.571248
0.543998
0.518739
0.495722
0.437256
0.347981
0.254660
0.165072
0.082841
0.010464
0.000000
-0.044900
-0.185671
-0.284229
-0.372868
-0.456043
-0.532581
-0.600371
-0.657400
-0.688834
-0.691668
-0.677678
-0.654461
-0.626845
-0.597838
-0.569258
-0.542145
-0.517046
-0.494194
-0.432617
-0.342721
-0.249425
-0.160119
-0.078329
-0.006523
0.000000
0.055873
0.192600
0.290222
0.378422
0.461122
0.537054
0.604108
0.660295
0.689464
0.690949
0.676202
0.652605
0.624847
0.595843
0.567348
0.540367
0.515421
0.492728
0.428176
0.337686
0.244417
0.155379
0.074014
0.002752
0.000000
-0.066381
-0.199237
-0.295964
-0.383744
-0.465990
-0.541343
-0.607693
-0.663073
-0.690072
-0.690263
-0.674791
-0.650830
-0.622935
-0.593932
-0.565520
-0.538666
-0.513866
-0.491325
-0.423527
-0.332415
-0.239198
-0.150473
-0.069580
0.000000
0.000000
0.076606
0.205835
0.301754
0.389164
0.470993
0.545796
0.611463
0.666049
0.690774
0.689606
0.673368
0.649022
0.620978
0.591972
0.563642
0.536915
0.512265
0.489879
0.418467
0.326636
0.233446
0.145036
0.064640
0.000000
0.000000
-0.085407
-0.211717
-0.307036
-0.394191
-0.475705
-0.550062
-0.615152
-0.669050
-0.691593
-0.689117
-0.672135
-0.647407
-0.619209
-0.590189
-0.561927
-0.535312
-0.510796
-0.488552
-0.413608
-0.321052
-0.227863
-0.139737
-0.059802
0.000000
0.000000
0.093941
0.217413
0.312147
0.399051
0.480258
0.554180
0.618710
0.671940
0.692374
0.688633
0.670933
0.645837
0.617491
0.588458
0.560262
0.533757
0.509372
0.487264
0.408973
0.315725
0.222532
0.134671
0.055172
0.000000
0.000000
-0.102142
-0.222895
-0.317071
-0.403738
-0.484652
-0.558159
-0.622152
-0.674742
-0.693145
-0.688184
-0.669792
-0.644339
-0.615850
-0.586803
-0.558669
-0.532269
-0.508008
-0.486031
-0.404535
-0.310627
-0.217432
-0.129826
-0.050745
0.000000
0.000000
0.109984
0.228137
0.321778
0.408218
0.488851
0.561961
0.625441
0.677418
0.693878
0.687752
0.668696
0.642904
0.614277
0.585217
0.557143
0.530843
0.506701
0.481677
0.398580
0.304521
0.211620
0.124532
0.046127
0.000000
0.000000
-0.118418
-0.233681
-0.326703
-0.412868
-0.493178
-0.565847
-0.628768
-0.679728
-0.694353
-0.687135
-0.667469
-0.641372
-0.612633
-0.583577
-0.555575
-0.529385
-0.505369
-0.475500
-0.391516
-0.297567
-0.205143
-0.118750
-0.041202
0.000000
0.000000
0.127836
0.239904
0.332256
0.418133
0.498101
0.570293
0.632605
0.681123
0.694263
0.686182
0.666052
0.639745
0.610952
0.581936
0.554029
0.527959
0.504074
0.469529
0.384691
0.290852
0.198894
0.113174
0.036458
0.000000
0.000000
-0.137039
-0.246025
-0.337748
-0.423365
-0.503017
-0.574760
-0.636491
-0.682617
-0.694296
-0.685360
-0.664766
-0.638243
-0.609388
-0.580403
-0.552578
-0.526619
-0.502856
-0.463852
-0.378217
-0.284503
-0.193004
-0.107940
-0.032027
0.000000
0.000000
0.145762
0.251847
0.342982
0.428359
0.507717
0.579039
0.640220
0.684060
0.694343
0.684589
0.663550
0.636819
0.607904
0.578947
0.551201
0.525346
0.501698
0.458403
0.372002
0.278408
0.187351
0.102918
0.027776
0.000000
0.000000
-0.154111
-0.257415
-0.347985
-0.433132
-0.512206
-0.583123
-0.643778
-0.685432
-0.694379
-0.683844
-0.662381
-0.635452
-0.606479
-0.577549
-0.549879
-0.524124
-0.500588
-0.453185
-0.366049
-0.272568
-0.181934
-0.098104
-0.023701
0.000000
0.007409
0.161881
0.263575
0.353668
0.438430
0.517008
0.587291
0.647191
0.686467
0.693981
0.682626
0.660737
0.633628
0.604629
0.575762
0.548205
0.522588
0.499197
0.447766
0.359891
0.266506
0.176278
0.093042
0.019373
0.000000
-0.019862
-0.169802
-0.270466
-0.360085
-0.444328
-0.522234
-0.591694
-0.650643
-0.687295
-0.693243
-0.681004
-0.658667
-0.631386
-0.602381
-0.573608
-0.546197
-0.520751
-0.497538
-0.442757
-0.354214
-0.260857
-0.170932
-0.088173
-0.015118
0.000000
0.031912
0.177467
0.277132
0.366290
0.450027
0.527281
0.595942
0.653970
0.688089
0.692522
0.679430
0.656663
0.629215
0.600206
0.571523
0.544253
0.518973
0.495933
0.437897
0.348708
0.255383
0.165757
0.083464
0.011009
0.000000
-0.043384
-0.184714
-0.283402
-0.372101
-0.455343
-0.531964
-0.599855
-0.657001
-0.688748
-0.691768
-0.677883
-0.654717
-0.627121
-0.598114
-0.569521
-0.542390
-0.517270
-0.494397
-0.433230
-0.343416
-0.250117
-0.160773
-0.078925
-0.007043
0.000000
0.054422
0.191683
0.289429
0.377686
0.460450
0.536462
0.603613
0.659911
0.689380
0.691044
0.676397
0.652851
0.625111
0.596106
0.567601
0.540602
0.515636
0.492922
0.428763
0.338352
0.245079
0.156006
0.074584
0.003251
0.000000
-0.064991
-0.198360
-0.295205
-0.383040
-0.465347
-0.540776
-0.607219
-0.662705
-0.689992
-0.690354
-0.674977
-0.651065
-0.623188
-0.594185
-0.565762
-0.538891
-0.514072
-0.491510
-0.424163
-0.333136
-0.239911
-0.151141
-0.070182
0.000000
0.000000
0.075513
0.205102
0.301094
0.388535
0.470403
0.545260
0.610998
0.665669
0.690668
0.689665
0.673521
0.649222
0.621198
0.592194
0.563856
0.537115
0.512448
0.490045
0.419084
0.327345
0.234155
0.145709
0.065253
0.000000
0.000000
-0.084330
-0.210999
-0.306393
-0.393579
-0.475133
-0.549544
-0.614706
-0.668688
-0.691497
-0.689180
-0.672288
-0.647606
-0.619427
-0.590409
-0.562138
-0.535509
-0.510977
-0.488715
-0.414194
-0.321726
-0.228538
-0.140378
-0.060389
0.000000
0.000000
0.092902
0.216718
0.311523
0.398457
0.479700
0.553675
0.618273
0.671584
0.692276
0.688689
0.671078
0.646026
0.617699
0.588668
0.560463
0.533946
0.509544
0.487420
0.409534
0.316370
0.223177
0.135284
0.055732
0.000000
0.000000
-0.101150
-0.222232
-0.316475
-0.403171
-0.484120
-0.557677
-0.621736
-0.674403
-0.693052
-0.688239
-0.669930
-0.644521
-0.616049
-0.587003
-0.558862
-0.532449
-0.508173
-0.486180
-0.405073
-0.311246
-0.218051
-0.130414
-0.051283
0.000000
0.000000
0.109033
0.227501
0.321208
0.407675
0.488343
0.561500
0.625043
0.677094
0.693789
0.687804
0.668829
0.643078
0.614468
0.585409
0.557328
0.531016
0.506859
0.482397
0.399405
0.305335
0.212380
0.125213
0.046709
0.000000
0.000000
-0.117340
-0.232977
-0.326081
-0.412282
-0.492635
-0.565361
-0.628354
-0.679588
-0.694381
-0.687259
-0.667643
-0.641568
-0.612834
-0.583772
-0.555759
-0.529553
-0.505522
-0.476198
-0.392314
-0.298354
-0.205877
-0.119406
-0.041762
0.000000
0.000000
0.126760
0.239190
0.331616
0.417524
0.497529
0.569774
0.632154
0.680950
0.694260
0.686278
0.666202
0.639920
0.611134
0.582115
0.554198
0.528115
0.504216
0.470186
0.385440
0.291587
0.199575
0.113780
0.036970
0.000000
0.000000
-0.136027
-0.245350
-0.337140
-0.422785
-0.502471
-0.574263
-0.636057
-0.682449
-0.694290
-0.685449
-0.664907
-0.638408
-0.609560
-0.580572
-0.552738
-0.526766
-0.502990
-0.464484
-0.378938
-0.285210
-0.193659
-0.108522
-0.032519
0.000000
0.000000
0.144794
0.251202
0.342402
0.427807
0.507197
0.578566
0.639808
0.683901
0.694339
0.684676
0.663686
0.636978
0.608069
0.579109
0.551354
0.525487
0.501827
0.459008
0.372693
0.279085
0.187980
0.103477
0.028249
0.000000
0.000000
-0.153182
-0.256795
-0.347428
-0.432600
-0.511706
-0.582668
-0.643382
-0.685279
-0.694375
-0.683927
-0.662511
-0.635604
-0.606637
-0.577705
-0.550026
-0.524260
-0.500711
-0.453764
-0.366710
-0.273217
-0.182536
-0.098639
-0.024153
0.000000
0.006085
0.161034
0.262835
0.352977
0.437793
0.516441
0.586811
0.646812
0.686371
0.694055
0.682796
0.660955
0.633865
0.604867
0.575991
0.548418
0.522783
0.499374
0.448293
0.360489
0.267101
0.176842
0.093556
0.019823
0.000000
-0.018577
-0.168981
-0.269749
-0.359417
-0.443712
-0.521687
-0.591231
-0.650279
-0.687205
-0.693315
-0.681169
-0.658879
-0.631616
-0.602612
-0.573829
-0.546403
-0.520940
-0.497709
-0.443274
-0.354799
-0.261438
-0.171481
-0.088672
-0.015553
0.000000
0.030696
0.176699
0.276467
0.365674
0.449464
0.526785
0.595527
0.653649
0.688019
0.692603
0.679595
0.656869
0.629438
0.600428
0.571735
0.544451
0.519154
0.496096
0.438394
0.349271
0.255944
0.166288
0.083948
0.011432
0.000000
-0.042209
-0.183973
-0.282761
-0.371508
-0.454800
-0.531486
-0.599456
-0.656692
-0.688681
-0.691845
-0.678041
-0.654916
-0.627335
-0.598328
-0.569726
-0.542580
-0.517444
-0.494554
-0.433705
-0.343954
-0.250652
-0.161280
-0.079387
-0.007446
0.000000
0.053298
0.190973
0.288815
0.377117
0.459929
0.536003
0.603229
0.659614
0.689315
0.691117
0.676548
0.653040
0.625316
0.596311
0.567796
0.540784
0.515802
0.493072
0.429218
0.338868
0.245592
0.156491
0.075026
0.003637
0.000000
-0.063915
-0.197680
-0.294617
-0.382495
-0.464848
-0.540337
-0.606852
-0.662421
-0.689930
-0.690424
-0.675122
-0.651247
-0.623384
-0.594381
-0.565949
-0.539065
-0.514231
-0.491654
-0.424655
-0.333694
-0.240462
-0.151659
-0.070649
0.000000
0.000000
0.074667
0.204534
0.300583
0.388047
0.469945
0.544845
0.610638
0.665376
0.690586
0.689711
0.673639
0.649377
0.621369
0.592366
0.564022
0.537270
0.512590
0.490173
0.419562
0.327895
0.234704
0.146229
0.065728
0.000000
0.000000
-0.083495
-0.210443
-0.305894
-0.393105
-0.474689
-0.549144
-0.614360
-0.668408
-0.691422
-0.689229
-0.672407
-0.647761
-0.619596
-0.590579
-0.562301
-0.535662
-0.511117
-0.488841
-0.414649
-0.322249
-0.229061
-0.140876
-0.060843
0.000000
0.000000
0.092097
0.216180
0.311039
0.397996
0.479269
0.553284
0.617934
0.671308
0.692200
0.688733
0.671189
0.646173
0.617860
0.588830
0.560620
0.534092
0.509678
0.487541
0.409968
0.316869
0.223676
0.135758
0.056165
0.000000
0.000000
-0.100382
-0.221719
-0.316014
-0.402732
-0.483709
-0.557305
-0.621414
-0.674141
-0.692980
-0.688281
-0.670038
-0.644662
-0.616203
-0.587159
-0.559011
-0.532589
-0.508301
-0.486296
-0.405490
-0.311725
-0.218530
-0.130870
-0.051699
0.000000
0.000000
0.108296
0.227009
0.320766
0.407254
0.487948
0.561143
0.624734
0.676843
0.693721
0.687845
0.668932
0.643213
0.614616
0.585558
0.557471
0.531150
0.506982
0.482955
0.400044
0.305965
0.212969
0.125741
0.047160
0.000000
0.000000
-0.116504
-0.232432
-0.325599
-0.411829
-0.492215
-0.564984
-0.628033
-0.679481
-0.694402
-0.687354
-0.667778
-0.641721
-0.612990
-0.583923
-0.555901
-0.529684
-0.505640
-0.476738
-0.392932
-0.298963
-0.206446
-0.119915
-0.042197
0.000000
0.000000
0.125926
0.238636
0.331121
0.417053
0.497086
0.569372
0.631804
0.680816
0.694258
0.686353
0.666318
0.640055
0.611276
0.582254
0.554329
0.528236
0.504326
0.470695
0.386020
0.292157
0.200103
0.114249
0.037368
0.000000
0.000000
-0.135244
-0.244826
-0.336669
-0.422335
-0.502048
-0.573878
-0.635721
-0.682318
-0.694286
-0.685518
-0.665016
-0.638535
-0.609693
-0.580702
-0.552862
-0.526881
-0.503094
-0.464973
-0.379496
-0.285758
-0.194167
-0.108973
-0.032901
0.000000
0.000000
0.144044
0.250702
0.341953
0.427378
0.506794
0.578200
0.639489
0.683779
0.694336
0.684743
0.663791
0.637101
0.608197
0.579234
0.551473
0.525597
0.501927
0.459477
0.373228
0.279610
0.188466
0.103909
0.028616
0.000000
0.000000
-0.152463
-0.256315
-0.346997
-0.432189
-0.511319
-0.582316
-0.643075
-0.685160
-0.694371
-0.683991
-0.662612
-0.635721
-0.606760
-0.577825
-0.550139
-0.524365
-0.500807
-0.454213
-0.367223
-0.273719
-0.183002
-0.099053
-0.024504
0.000000
0.005059
0.160378
0.262262
0.352442
0.437299
0.516002
0.586439
0.646518
0.686297
0.694112
0.682927
0.661124
0.634049
0.605052
0.576168
0.548584
0.522935
0.499511
0.448719
0.360972
0.267581
0.177295
0.093968
0.020182
0.000000
-0.017552
-0.168327
-0.269180
-0.358886
-0.443223
-0.521253
-0.590866
-0.649991
-0.687134
-0.693374
-0.681301
-0.659048
-0.631800
-0.602797
-0.574006
-0.546568
-0.521091
-0.497846
-0.443686
-0.355266
-0.261902
-0.171920
-0.089071
-0.015901
0.000000
0.029721
0.176082
0.275933
0.365179
0.449011
0.526386
0.595193
0.653390
0.687962
0.692666
0.679726
0.657034
0.629615
0.600606
0.571905
0.544609
0.519299
0.496227
0.438791
0.349721
0.256392
0.166711
0.084334
0.011769
0.000000
-0.041271
-0.183380
-0.282249
-0.371033
-0.454366
-0.531104
-0.599137
-0.656445
-0.688627
-0.691907
-0.678167
-0.655075
-0.627506
-0.598499
-0.569889
-0.542733
-0.517583
-0.494679
-0.434085
-0.344385
-0.251081
-0.161685
-0.079756
-0.007769
0.000000
0.052399
0.190405
0.288323
0.376662
0.459512
0.535636
0.602922
0.659376
0.689263
0.691175
0.676669
0.653192
0.625479
0.596474
0.567952
0.540930
0.515936
0.493192
0.429582
0.339281
0.246003
0.156880
0.075380
0.003946
0.000000
-0.063055
-0.197136
-0.294147
-0.382059
-0.464450
-0.539986
-0.606559
-0.662194
-0.689880
-0.690481
-0.675238
-0.651392
-0.623540
-0.594537
-0.566099
-0.539204
-0.514358
-0.491769
-0.425049
-0.334141
-0.240904
-0.152073
-0.071022
-0.000159
0.000000
0.073856
0.204004
0.300113
0.387605
0.469534
0.544477
0.610325
0.665125
0.690524
0.689761
0.673753
0.649524
0.621528
0.592526
0.564175
0.537413
0.512721
0.490291
0.419982
0.328376
0.235184
0.146685
0.066143
0.000000
0.000000
-0.082761
-0.209953
-0.305455
-0.392688
-0.474298
-0.548790
-0.614054
-0.668159
-0.691355
-0.689270
-0.672511
-0.647896
-0.619744
-0.590727
-0.562444
-0.535796
-0.511239
-0.488952
-0.415050
-0.322710
-0.229522
-0.141314
-0.061244
0.000000
0.000000
0.091389
0.215707
0.310615
0.397593
0.478890
0.552942
0.617639
0.671068
0.692134
0.688772
0.671288
0.646303
0.618002
0.588973
0.560757
0.534220
0.509796
0.487648
0.410352
0.317310
0.224117
0.136177
0.056548
0.000000
0.000000
-0.099703
-0.221265
-0.315607
-0.402344
-0.483345
-0.556976
-0.621129
-0.673909
-0.692916
-0.688319
-0.670132
-0.644786
-0.616339
-0.587296
-0.559143
-0.532712
-0.508414
-0.486398
-0.405858
-0.312147
-0.218952
-0.131271
-0.052065
0.000000
0.000000
0.107647
0.226575
0.320376
0.406883
0.487601
0.560829
0.624462
0.676621
0.693660
0.687881
0.669023
0.643332
0.614746
0.585689
0.557597
0.531268
0.507090
0.483447
0.400607
0.306521
0.213489
0.126206
0.047558
0.000000
0.000000
-0.115768
-0.231951
-0.325174
-0.411429
-0.491844
-0.564652
-0.627750
-0.679275
-0.694358
-0.687407
-0.667884
-0.641854
-0.613133
-0.584066
-0.556038
-0.529811
-0.505757
-0.477285
-0.393557
-0.299578
-0.207017
-0.120423
-0.042628
0.000000
0.000000
0.125085
0.238078
0.330621
0.416577
0.496640
0.568967
0.631454
0.680686
0.694261
0.686434
0.666442
0.640198
0.611424
0.582399
0.554465
0.528362
0.504441
0.471227
0.386628
0.292754
0.200659
0.114745
0.037789
0.000000
0.000000
-0.134425
-0.244281
-0.336180
-0.421870
-0.501610
-0.573480
-0.635375
-0.682185
-0.694283
-0.685591
-0.665131
-0.638669
-0.609832
-0.580839
-0.552991
-0.527000
-0.503203
-0.465480
-0.380074
-0.286324
-0.194693
-0.109441
-0.033297
0.000000
0.000000
0.143266
0.250183
0.341486
0.426933
0.506375
0.577818
0.639157
0.683650
0.694332
0.684811
0.663900
0.637228
0.608329
0.579364
0.551596
0.525711
0.502030
0.459963
0.373782
0.280154
0.188971
0.104357
0.028995
0.000000
0.000000
-0.151718
-0.255819
-0.346551
-0.431763
-0.510919
-0.581952
-0.642757
-0.685038
-0.694368
-0.684057
-0.662716
-0.635843
-0.606887
-0.577949
-0.550257
-0.524474
-0.500906
-0.454679
-0.367754
-0.274240
-0.183485
-0.099482
-0.024867
0.000000
0.003995
0.159698
0.261668
0.351887
0.436787
0.515546
0.586054
0.646214
0.686220
0.694171
0.683063
0.661299
0.634240
0.605243
0.576352
0.548755
0.523092
0.499652
0.449260
0.361586
0.268184
0.177858
0.094471
0.020611
0.000000
-0.016328
-0.167553
-0.268509
-0.358263
-0.442653
-0.520750
-0.590444
-0.649663
-0.687060
-0.693451
-0.681464
-0.659254
-0.632021
-0.603018
-0.574218
-0.546766
-0.521272
-0.498009
-0.444182
-0.355828
-0.262462
-0.172449
-0.089553
-0.016322
0.000000
0.028531
0.175325
0.275276
0.364566
0.448449
0.525888
0.594774
0.653062
0.687884
0.692738
0.679882
0.657232
0.629830
0.600821
0.572111
0.544801
0.519474
0.496385
0.439270
0.350265
0.256932
0.167222
0.084798
0.012174
0.000000
-0.040138
-0.182664
-0.281629
-0.370458
-0.453840
-0.530641
-0.598750
-0.656145
-0.688562
-0.691981
-0.678320
-0.655267
-0.627713
-0.598705
-0.570087
-0.542916
-0.517751
-0.494831
-0.434545
-0.344907
-0.251601
-0.162177
-0.080204
-0.008160
0.000000
0.051309
0.189717
0.287729
0.376110
0.459008
0.535192
0.602551
0.659089
0.689201
0.691247
0.676815
0.653377
0.625678
0.596672
0.568142
0.541106
0.516097
0.493338
0.430023
0.339781
0.246500
0.157350
0.075809
0.004320
0.000000
-0.062011
-0.196477
-0.293577
-0.381531
-0.463966
-0.539560
-0.606203
-0.661918
-0.689820
-0.690549
-0.675378
-0.651569
-0.623730
-0.594727
-0.566281
-0.539373
-0.514513
-0.491909
-0.425526
-0.334682
-0.241438
-0.152574
-0.071474
-0.000549
0.000000
0.072707
0.203267
0.299470
0.387005
0.468982
0.543988
0.609913
0.664802
0.690453
0.689840
0.673915
0.649728
0.621748
0.592746
0.564386
0.537609
0.512900
0.490453
0.420539
0.329012
0.235818
0.147285
0.066689
0.000000
0.000000
-0.081790
-0.209304
-0.304872
-0.392133
-0.473779
-0.548319
-0.613647
-0.667828
-0.691264
-0.689324
-0.672646
-0.648073
-0.619938
-0.590923
-0.562633
-0.535972
-0.511401
-0.489098
-0.415584
-0.323324
-0.230135
-0.141896
-0.061775
0.000000
0.000000
0.090453
0.215082
0.310054
0.397059
0.478391
0.552490
0.617248
0.670751
0.692049
0.688826
0.671420
0.646475
0.618191
0.589163
0.560940
0.534391
0.509952
0.487789
0.410862
0.317896
0.224704
0.136734
0.057057
0.000000
0.000000
-0.098802
-0.220663
-0.315066
-0.401829
-0.482863
-0.556539
-0.620751
-0.673601
-0.692832
-0.688368
-0.670258
-0.644950
-0.616519
-0.587478
-0.559318
-0.532876
-0.508564
-0.486533
-0.406345
-0.312707
-0.219513
-0.131803
-0.052552
0.000000
0.000000
0.106785
0.225999
0.319859
0.406391
0.487139
0.560411
0.624100
0.676327
0.693579
0.687928
0.669143
0.643489
0.614919
0.585864
0.557765
0.531424
0.507234
0.484100
0.401355
0.307259
0.214178
0.126823
0.048086
0.000000
0.000000
-0.114791
-0.231313
-0.324610
-0.410898
-0.491352
-0.564212
-0.627375
-0.678976
-0.694284
-0.687468
-0.668022
-0.642030
-0.613324
-0.584258
-0.556222
-0.529983
-0.505914
-0.478028
-0.394406
-0.300412
-0.207792
-0.121113
-0.043214
0.000000
0.000000
0.123945
0.237320
0.329942
0.415931
0.496035
0.568419
0.630979
0.680510
0.694267
0.686546
0.666611
0.640394
0.611626
0.582596
0.554652
0.528534
0.504597
0.471953
0.387458
0.293571
0.201420
0.115423
0.038366
0.000000
0.000000
-0.133306
-0.243538
-0.335513
-0.421234
-0.501013
-0.572938
-0.634904
-0.682005
-0.694279
-0.685692
-0.665287
-0.638852
-0.610023
-0.581026
-0.553168
-0.527163
-0.503351
-0.466170
-0.380862
-0.287097
-0.195410
-0.110078
-0.033836
0.000000
0.000000
0.142204
0.249474
0.340849
0.426325
0.505803
0.577297
0.638703
0.683474
0.694326
0.684905
0.664048
0.637401
0.608510
0.579541
0.551763
0.525865
0.502171
0.460626
0.374538
0.280895
0.189658
0.104968
0.029511
0.000000
0.000000
-0.150703
-0.255142
-0.345942
-0.431183
-0.510373
-0.581455
-0.642325
-0.684871
-0.694364
-0.684148
-0.662858
-0.636010
-0.607060
-0.578119
-0.550418
-0.524623
-0.501041
-0.455313
-0.368478
-0.274950
-0.184144
-0.100068
-0.025363
0.000000
0.002545
0.158771
0.260858
0.351130
0.436089
0.514926
0.585529
0.645799
0.686115
0.694252
0.683249
0.661538
0.634500
0.605504
0.576603
0.548989
0.523306
0.499846
0.449998
0.362422
0.269007
0.178625
0.095156
0.021196
0.000000
-0.014660
-0.166498
-0.267595
-0.357414
-0.441875
-0.520063
-0.589868
-0.649215
-0.686958
-0.693557
-0.681685
-0.659533
-0.632323
-0.603320
-0.574508
-0.547035
-0.521518
-0.498231
-0.444859
-0.356595
-0.263225
-0.173171
-0.090210
-0.016897
0.000000
0.026907
0.174294
0.274379
0.363732
0.447682
0.525210
0.594204
0.652615
0.687778
0.692835
0.680094
0.657502
0.630122
0.601113
0.572392
0.545063
0.519713
0.496601
0.439924
0.351006
0.257668
0.167918
0.085432
0.012727
0.000000
-0.038593
-0.181688
-0.280784
-0.369675
-0.453124
-0.530009
-0.598222
-0.655736
-0.688472
-0.692082
-0.678528
-0.655529
-0.627994
-0.598987
-0.570356
-0.543167
-0.517980
-0.495038
-0.435174
-0.345620
-0.252310
-0.162848
-0.080815
-0.008694
0.000000
0.049824
0.188779
0.286917
0.375359
0.458321
0.534586
0.602046
0.658697
0.689116
0.691344
0.677015
0.653628
0.625948
0.596943
0.568401
0.541347
0.516317
0.493536
0.430625
0.340462
0.247178
0.157992
0.076393
0.004831
0.000000
-0.060588
-0.195578
-0.292799
-0.380810
-0.463307
-0.538979
-0.605717
-0.661542
-0.689737
-0.690642
-0.675569
-0.651809
-0.623989
-0.594986
-0.566528
-0.539604
-0.514724
-0.492099
-0.426177
-0.335420
-0.242168
-0.153258
-0.072090
-0.001081
0.000000
0.071142
0.202263
0.298592
0.386186
0.468229
0.543320
0.609351
0.664362
0.690355
0.689947
0.674137
0.650008
0.622049
0.593047
0.564673
0.537877
0.513145
0.490674
0.421297
0.329879
0.236682
0.148103
0.067435
0.000000
0.000000
-0.080465
-0.208419
-0.304078
-0.391377
-0.473070
-0.547678
-0.613093
-0.667377
-0.691141
-0.689397
-0.672831
-0.648315
-0.620203
-0.591191
-0.562890
-0.536212
-0.511621
-0.489297
-0.416312
-0.324160
-0.230972
-0.142689
-0.062499
0.000000
0.000000
0.089176
0.214230
0.309290
0.396333
0.477710
0.551874
0.616717
0.670319
0.691932
0.688899
0.671601
0.646710
0.618448
0.589422
0.561189
0.534624
0.510166
0.487982
0.411556
0.318694
0.225503
0.137494
0.057751
0.000000
0.000000
-0.097573
-0.219841
-0.314328
-0.401127
-0.482204
-0.555943
-0.620235
-0.673182
-0.692716
-0.688435
-0.670429
-0.645175
-0.616765
-0.587726
-0.559557
-0.533099
-0.508768
-0.486718
-0.407010
-0.313471
-0.220277
-0.132529
-0.053215
0.000000
0.000000
0.105610
0.225214
0.319154
0.405720
0.486510
0.559841
0.623607
0.675926
0.693469
0.687993
0.669307
0.643704
0.615154
0.586101
0.557994
0.531638
0.507430
0.484990
0.402375
0.308266
0.215118
0.127665
0.048806
0.000000
0.000000
-0.113458
-0.230444
-0.323841
-0.410175
-0.490680
-0.563612
-0.626863
-0.678569
-0.694184
-0.687552
-0.668210
-0.642270
-0.613585
-0.584520
-0.556473
-0.530217
-0.506128
-0.479042
-0.395564
-0.301549
-0.208848
-0.122054
-0.044011
0.000000
0.000000
0.122390
0.236287
0.329016
0.415051
0.495210
0.567671
0.630330
0.680269
0.694275
0.686699
0.666842
0.640660
0.611902
0.582866
0.554907
0.528769
0.504811
0.472943
0.388590
0.294684
0.202456
0.116347
0.039153
0.000000
0.000000
-0.131782
-0.242524
-0.334604
-0.420368
-0.500200
-0.572199
-0.634261
-0.681758
-0.694275
-0.685829
-0.665501
-0.639102
-0.610283
-0.581280
-0.553408
-0.527386
-0.503553
-0.467112
-0.381935
-0.288150
-0.196387
-0.110946
-0.034572
0.000000
0.000000
0.140757
0.248508
0.339981
0.425496
0.505023
0.576587
0.638084
0.683235
0.694318
0.685033
0.664249
0.637637
0.608756
0.579783
0.551992
0.526077
0.502363
0.461529
0.375568
0.281905
0.190595
0.105801
0.030216
0.000000
0.000000
-0.149318
-0.254218
-0.345113
-0.430392
-0.509629
-0.580778
-0.641735
-0.684644
-0.694357
-0.684271
-0.663052
-0.636236
-0.607296
-0.578351
-0.550637
-0.524825
-0.501225
-0.456179
-0.369465
-0.275919
-0.185042
-0.100866
-0.026039
0.000000
0.000567
0.157506
0.259754
0.350098
0.435138
0.514080
0.584812
0.645233
0.685972
0.694362
0.683502
0.661864
0.634854
0.605860
0.576944
0.549308
0.523598
0.500109
0.451004
0.363563
0.270129
0.179670
0.096091
0.021994
0.000000
-0.012386
-0.165059
-0.266348
-0.356257
-0.440815
-0.519127
-0.589084
-0.648605
-0.686820
-0.693700
-0.681987
-0.659915
-0.632735
-0.603732
-0.574902
-0.547402
-0.521853
-0.498534
-0.445781
-0.357641
-0.264265
-0.174156
-0.091107
-0.017679
0.000000
0.024694
0.172887
0.273156
0.362594
0.446637
0.524285
0.593426
0.652006
0.687634
0.692968
0.680383
0.657870
0.630520
0.601513
0.572774
0.545419
0.520039
0.496896
0.440815
0.352015
0.258672
0.168868
0.086296
0.013481
0.000000
-0.036487
-0.180357
-0.279633
-0.368607
-0.452147
-0.529149
-0.597502
-0.655178
-0.688350
-0.692220
-0.678812
-0.655885
-0.628378
-0.599370
-0.570723
-0.543509
-0.518293
-0.495319
-0.436030
-0.346591
-0.253276
-0.163762
-0.081648
-0.009422
0.000000
0.047798
0.187501
0.285811
0.374334
0.457384
0.533761
0.601356
0.658163
0.688999
0.691477
0.677288
0.653970
0.626317
0.597311
0.568753
0.541675
0.516617
0.493807
0.431444
0.341392
0.248103
0.158867
0.077190
0.005527
0.000000
-0.058648
-0.194353
-0.291739
-0.379828
-0.462408
-0.538187
-0.605055
-0.661029
-0.689625
-0.690768
-0.675830
-0.652137
-0.624342
-0.595338
-0.566866
-0.539918
-0.515011
-0.492358
-0.427052
-0.336413
-0.243150
-0.154181
-0.072922
-0.001799
0.000000
0.069037
0.200915
0.297416
0.385089
0.467221
0.542427
0.608599
0.663774
0.690225
0.690090
0.674433
0.650381
0.622451
0.593449
0.565058
0.538235
0.513473
0.490970
0.422312
0.331037
0.237836
0.149195
0.068428
0.000000
0.000000
-0.078697
-0.207238
-0.303017
-0.390368
-0.472124
-0.546821
-0.612352
-0.666774
-0.690975
-0.689494
-0.673077
-0.648638
-0.620558
-0.591548
-0.563234
-0.536533
-0.511915
-0.489563
-0.417287
-0.325280
-0.232091
-0.143751
-0.063468
0.000000
0.000000
0.087468
0.213091
0.308267
0.395361
0.476800
0.551051
0.616006
0.669742
0.691777
0.688996
0.671842
0.647025
0.618792
0.589769
0.561523
0.534936
0.510451
0.488240
0.412486
0.319762
0.226572
0.138510
0.058680
0.000000
0.000000
-0.095929
-0.218742
-0.313341
-0.400188
-0.481324
-0.555145
-0.619545
-0.672620
-0.692562
-0.688525
-0.670658
-0.645475
-0.617094
-0.588058
-0.559876
-0.533397
-0.509042
-0.486965
-0.407899
-0.314493
-0.221299
-0.133500
-0.054102
0.000000
0.000000
0.104039
0.224163
0.318210
0.404822
0.485668
0.559079
0.622948
0.675390
0.693322
0.688080
0.669527
0.643992
0.615469
0.586419
0.558299
0.531924
0.507691
0.485745
0.403505
0.309444
0.216248
0.128702
0.049718
0.000000
0.000000
-0.111802
-0.229352
-0.322870
-0.409256
-0.489825
-0.562842
-0.626203
-0.678038
-0.694047
-0.687651
-0.668442
-0.642571
-0.613912
-0.584849
-0.556789
-0.530512
-0.506398
-0.480300
-0.397003
-0.302964
-0.210166
-0.123230
-0.045013
0.000000
0.000000
0.120480
0.235027
0.327893
0.413988
0.494217
0.566776
0.629560
0.679994
0.694301
0.686899
0.667136
0.640996
0.612248
0.583203
0.555224
0.529062
0.505076
0.474167
0.389990
0.296063
0.203740
0.117494
0.040130
0.000000
0.000000
-0.129895
-0.241271
-0.333480
-0.419298
-0.499195
-0.571286
-0.633467
-0.681454
-0.694269
-0.685998
-0.665765
-0.639410
-0.610603
-0.581595
-0.553705
-0.527660
-0.503803
-0.468271
-0.383257
-0.289447
-0.197590
-0.112016
-0.035477
0.000000
0.000000
0.138973
0.247317
0.338910
0.424474
0.504061
0.575712
0.637321
0.682939
0.694308
0.685190
0.664498
0.637928
0.609059
0.580080
0.552273
0.526337
0.502600
0.462643
0.376838
0.283151
0.191750
0.106827
0.031084
0.000000
0.000000
-0.147612
-0.253081
-0.344090
-0.429417
-0.508712
-0.579944
-0.641008
-0.684364
-0.694350
-0.684423
-0.663291
-0.636516
-0.607588
-0.578637
-0.550907
-0.525075
-0.501452
-0.457245
-0.370681
-0.277112
-0.186149
-0.101850
-0.026872
0.000000
0.000000
0.155888
0.258600
0.349050
0.434147
0.513161
0.583992
0.644535
0.685724
0.694387
0.683686
0.662133
0.635161
0.606176
0.577252
0.549598
0.523865
0.500352
0.452076
0.364785
0.271328
0.180783
0.097082
0.022835
0.000000
-0.009943
-0.163501
-0.264990
-0.354990
-0.439649
-0.518092
-0.588210
-0.647917
-0.686651
-0.693841
-0.682302
-0.660319
-0.633174
-0.604172
-0.575324
-0.547796
-0.522214
-0.498860
-0.446758
-0.358749
-0.265368
-0.175200
-0.092059
-0.018512
0.000000
0.022321
0.171373
0.271836
0.361364
0.445505
0.523280
0.592577
0.651339
0.687469
0.693104
0.680689
0.658262
0.630946
0.601939
0.573184
0.545801
0.520389
0.497211
0.441770
0.353096
0.259746
0.169882
0.087218
0.014286
0.000000
-0.034239
-0.178937
-0.278403
-0.367468
-0.451105
-0.528231
-0.596735
-0.654584
-0.688221
-0.692368
-0.679116
-0.656267
-0.628789
-0.599781
-0.571116
-0.543875
-0.518627
-0.495621
-0.436947
-0.347631
-0.254311
-0.164742
-0.082540
-0.010201
0.000000
0.045630
0.186132
0.284628
0.373237
0.456381
0.532878
0.600619
0.657592
0.688876
0.691620
0.677580
0.654337
0.626712
0.597706
0.569131
0.542026
0.516938
0.494097
0.432322
0.342386
0.249092
0.159804
0.078043
0.006272
0.000000
-0.056572
-0.193041
-0.290604
-0.378776
-0.461446
-0.537340
-0.604347
-0.660480
-0.689505
-0.690904
-0.676108
-0.652487
-0.624720
-0.595716
-0.567227
-0.540254
-0.515318
-0.492635
-0.427893
-0.337366
-0.244098
-0.155077
-0.073739
-0.002512
0.000000
0.067049
0.199659
0.296330
0.384083
0.466300
0.541616
0.607921
0.663249
0.690111
0.690220
0.674701
0.650717
0.622813
0.593811
0.565404
0.538557
0.513767
0.491235
0.423221
0.332068
0.238855
0.150151
0.069290
0.000000
0.000000
-0.077133
-0.206188
-0.302072
-0.389467
-0.471278
-0.546054
-0.611687
-0.666231
-0.690824
-0.689578
-0.673295
-0.648925
-0.620872
-0.591866
-0.563539
-0.536819
-0.512177
-0.489800
-0.418170
-0.326295
-0.233105
-0.144713
-0.064345
0.000000
0.000000
0.085926
0.212063
0.307346
0.394485
0.475981
0.550311
0.615367
0.669224
0.691639
0.689086
0.672061
0.647311
0.619104
0.590083
0.561825
0.535217
0.510709
0.488473
0.413325
0.320727
0.227538
0.139428
0.059520
0.000000
0.000000
-0.094442
-0.217748
-0.312448
-0.399337
-0.480526
-0.554423
-0.618920
-0.672111
-0.692421
-0.688606
-0.670864
-0.645746
-0.617392
-0.588357
-0.560165
-0.533667
-0.509289
-0.487189
-0.408702
-0.315415
-0.222222
-0.134377
-0.054903
0.000000
0.000000
0.102619
0.223214
0.317358
0.404011
0.484908
0.558390
0.622353
0.674905
0.693189
0.688158
0.669725
0.644252
0.615754
0.586706
0.558576
0.532182
0.507928
0.485959
0.404275
0.310329
0.217134
0.129543
0.050487
0.000000
0.000000
-0.110441
-0.228443
-0.322053
-0.408479
-0.489096
-0.562183
-0.625633
-0.677574
-0.693920
-0.687726
-0.668632
-0.642820
-0.614185
-0.585124
-0.557054
-0.530760
-0.506625
-0.481330
-0.398183
-0.304129
-0.211254
-0.124204
-0.045846
0.000000
0.000000
0.118937
0.234020
0.327003
0.413150
0.493440
0.566081
0.628967
0.679795
0.694340
0.687076
0.667385
0.641277
0.612536
0.583483
0.555487
0.529303
0.505295
0.475165
0.391132
0.297188
0.204790
0.118433
0.040932
0.000000
0.000000
-0.128354
-0.240248
-0.332565
-0.418427
-0.498377
-0.570543
-0.632822
-0.681206
-0.694265
-0.686136
-0.665980
-0.639660
-0.610864
-0.581850
-0.553947
-0.527884
-0.504006
-0.469212
-0.384330
-0.290499
-0.198565
-0.112882
-0.036211
0.000000
0.000000
0.137526
0.246351
0.338040
0.423644
0.503280
0.575000
0.636700
0.682698
0.694299
0.685318
0.664699
0.638163
0.609305
0.580322
0.552502
0.526548
0.502792
0.463547
0.377870
0.284163
0.192688
0.107660
0.031789
0.000000
0.000000
-0.146228
-0.252158
-0.343261
-0.428626
-0.507968
-0.579267
-0.640419
-0.684136
-0.694345
-0.684547
-0.663485
-0.636743
-0.607824
-0.578868
-0.551127
-0.525277
-0.501636
-0.458112
-0.371670
-0.278082
-0.187048
-0.102649
-0.027549
0.000000
0.000000
0.154559
0.257713
0.348253
0.433387
0.512446
0.583342
0.643968
0.685505
0.694381
0.683804
0.662319
0.635379
0.606403
0.577474
0.549808
0.524059
0.500528
0.452905
0.365731
0.272256
0.181644
0.097847
0.023483
0.000000
-0.008047
-0.162289
-0.263931
-0.354001
-0.438737
-0.517281
-0.587523
-0.647374
-0.686513
-0.693946
-0.682545
-0.660631
-0.633514
-0.604514
-0.575652
-0.548102
-0.522494
-0.499112
-0.447512
-0.359604
-0.266219
-0.176007
-0.092794
-0.019156
0.000000
0.020481
0.170197
0.270811
0.360407
0.444624
0.522497
0.591916
0.650818
0.687339
0.693208
0.680925
0.658565
0.631275
0.602270
0.573501
0.546097
0.520660
0.497456
0.442509
0.353932
0.260577
0.170668
0.087932
0.014908
0.000000
-0.032498
-0.177837
-0.277452
-0.366586
-0.450299
-0.527520
-0.596142
-0.654124
-0.688122
-0.692483
-0.679351
-0.656563
-0.629108
-0.600099
-0.571420
-0.544158
-0.518886
-0.495855
-0.437658
-0.348437
-0.255113
-0.165501
-0.083232
-0.010806
0.000000
0.043949
0.185071
0.283711
0.372387
0.455604
0.532194
0.600047
0.657150
0.688780
0.691731
0.677806
0.654622
0.627018
0.598011
0.569423
0.542299
0.517187
0.494321
0.433001
0.343156
0.249859
0.160529
0.078703
0.006849
0.000000
-0.054963
-0.192025
-0.289725
-0.377961
-0.460701
-0.536683
-0.603798
-0.660054
-0.689412
-0.691008
-0.676324
-0.652759
-0.625013
-0.596008
-0.567506
-0.540515
-0.515556
-0.492850
-0.428544
-0.338104
-0.244832
-0.155772
-0.074372
-0.003065
0.000000
0.065510
0.198687
0.295488
0.383303
0.465587
0.540988
0.607396
0.662842
0.690022
0.690320
0.674908
0.650977
0.623094
0.594091
0.565672
0.538807
0.513995
0.491441
0.423925
0.332867
0.239645
0.150892
0.069957
0.000000
0.000000
-0.075921
-0.205376
-0.301340
-0.388769
-0.470623
-0.545460
-0.611172
-0.665811
-0.690707
-0.689643
-0.673464
-0.649147
-0.621116
-0.592112
-0.563776
-0.537041
-0.512380
-0.489983
-0.418854
-0.327081
-0.233890
-0.145458
-0.065024
0.000000
0.000000
0.084732
0.211267
0.306633
0.393807
0.475346
0.549737
0.614872
0.668823
0.691533
0.689156
0.672231
0.647532
0.619346
0.590327
0.562059
0.535436
0.510910
0.488654
0.413975
0.321475
0.228286
0.140139
0.060170
0.000000
0.000000
-0.093290
-0.216978
-0.311756
-0.398678
-0.479908
-0.553863
-0.618436
-0.671717
-0.692312
-0.688668
-0.671024
-0.645956
-0.617622
-0.588589
-0.560388
-0.533875
-0.509480
-0.487362
-0.409324
-0.316130
-0.222936
-0.135055
-0.055523
0.000000
0.000000
0.101520
0.222479
0.316698
0.403382
0.484319
0.557857
0.621891
0.674529
0.693086
0.688219
0.669879
0.644453
0.615975
0.586928
0.558790
0.532382
0.508111
0.486124
0.404872
0.311015
0.217820
0.130195
0.051082
0.000000
0.000000
-0.109387
-0.227738
-0.321421
-0.407877
-0.488532
-0.561672
-0.625191
-0.677215
-0.693822
-0.687785
-0.668780
-0.643013
-0.614397
-0.585337
-0.557259
-0.530951
-0.506800
-0.482128
-0.399097
-0.305031
-0.212097
-0.124959
-0.046492
0.000000
0.000000
0.117742
0.233240
0.326313
0.412501
0.492838
0.565542
0.628508
0.679640
0.694370
0.687213
0.667578
0.641495
0.612759
0.583699
0.555690
0.529490
0.505465
0.475937
0.392016
0.298060
0.205604
0.119161
0.041553
0.000000
0.000000
-0.127161
-0.239456
-0.331855
-0.417752
-0.497743
-0.569968
-0.632322
-0.681015
-0.694261
-0.686242
-0.666146
-0.639854
-0.611066
-0.582048
-0.554135
-0.528057
-0.504163
-0.469941
-0.385160
-0.291313
-0.199321
-0.113554
-0.036779
0.000000
0.000000
0.136405
0.245602
0.337367
0.423001
0.502675
0.574449
0.636219
0.682512
0.694292
0.685416
0.664855
0.638346
0.609496
0.580509
0.552679
0.526711
0.502940
0.464248
0.378669
0.284946
0.193415
0.108305
0.032336
0.000000
0.000000
-0.145155
-0.251442
-0.342618
-0.428013
-0.507391
-0.578742
-0.639962
-0.683961
-0.694340
-0.684643
-0.663636
-0.636919
-0.608007
-0.579048
-0.551297
-0.525434
-0.501779
-0.458783
-0.372435
-0.278833
-0.187745
-0.103268
-0.028073
0.000000
0.000000
0.153529
0.257026
0.347636
0.432799
0.511893
0.582838
0.643529
0.685336
0.694376
0.683896
0.662463
0.635547
0.606578
0.577647
0.549971
0.524210
0.500665
0.453548
0.366464
0.272975
0.182311
0.098440
0.023984
0.000000
-0.006579
-0.161350
-0.263111
-0.353235
-0.438030
-0.516652
-0.586990
-0.646954
-0.686407
-0.694027
-0.682733
-0.660873
-0.633777
-0.604778
-0.575906
-0.548339
-0.522711
-0.499308
-0.448096
-0.360266
-0.266879
-0.176632
-0.093364
-0.019655
0.000000
0.019056
0.169287
0.270017
0.359666
0.443941
0.521891
0.591404
0.650415
0.687238
0.693288
0.681107
0.658800
0.631530
0.602526
0.573747
0.546326
0.520870
0.497646
0.443081
0.354580
0.261221
0.171276
0.088486
0.015391
0.000000
-0.031150
-0.176985
-0.276715
-0.365903
-0.449674
-0.526970
-0.595682
-0.653769
-0.688045
-0.692573
-0.679534
-0.656792
-0.629355
-0.600345
-0.571656
-0.544377
-0.519086
-0.496035
-0.438208
-0.349061
-0.255735
-0.166090
-0.083767
-0.011274
0.000000
0.042647
0.184249
0.283000
0.371729
0.455002
0.531664
0.599605
0.656808
0.688706
0.691816
0.677982
0.654842
0.627255
0.598248
0.569650
0.542510
0.517379
0.494495
0.433528
0.343753
0.250453
0.161091
0.079215
0.007296
0.000000
-0.053717
-0.191238
-0.289044
-0.377329
-0.460123
-0.536174
-0.603372
-0.659724
-0.689339
-0.691089
-0.676492
-0.652970
-0.625239
-0.596235
-0.567723
-0.540716
-0.515740
-0.493016
-0.429048
-0.338676
-0.245401
-0.156310
-0.074862
-0.003493
0.000000
0.064317
0.197934
0.294837
0.382699
0.465034
0.540501
0.606989
0.662527
0.689953
0.690398
0.675068
0.651179
0.623311
0.594308
0.565880
0.539000
0.514172
0.491601
0.424471
0.333486
0.240256
0.151466
0.070475
0.000000
0.000000
-0.074982
-0.204746
-0.300773
-0.388229
-0.470116
-0.545000
-0.610773
-0.665485
-0.690617
-0.689694
-0.673595
-0.649319
-0.621305
-0.592302
-0.563960
-0.537212
-0.512537
-0.490125
-0.419384
-0.327690
-0.234499
-0.146035
-0.065550
0.000000
0.000000
0.083806
0.210650
0.306080
0.393282
0.474855
0.549293
0.614489
0.668512
0.691450
0.689210
0.672363
0.647703
0.619533
0.590515
0.562240
0.535605
0.511064
0.488794
0.414479
0.322054
0.228865
0.140690
0.060674
0.000000
0.000000
-0.092397
-0.216381
-0.311220
-0.398168
-0.479430
-0.553430
-0.618061
-0.671411
-0.692228
-0.688717
-0.671148
-0.646118
-0.617800
-0.588769
-0.560561
-0.534037
-0.509628
-0.487496
-0.409806
-0.316683
-0.223490
-0.135581
-0.056003
0.000000
0.000000
0.100668
0.221910
0.316186
0.402895
0.483862
0.557444
0.621534
0.674239
0.693007
0.688266
0.669998
0.644609
0.616146
0.587101
0.558955
0.532537
0.508253
0.486253
0.405334
0.311546
0.218351
0.130700
0.051543
0.000000
0.000000
-0.108571
-0.227193
-0.320931
-0.407411
-0.488095
-0.561277
-0.624849
-0.676936
-0.693746
-0.687830
-0.668894
-0.643163
-0.614561
-0.585502
-0.557418
-0.531100
-0.506936
-0.482747
-0.399805
-0.305730
-0.212750
-0.125544
-0.046992
0.000000
0.000000
0.116816
0.232635
0.325779
0.411998
0.492372
0.565125
0.628153
0.679521
0.694394
0.687319
0.667728
0.641664
0.612932
0.583867
0.555848
0.529635
0.505596
0.476536
0.392701
0.298736
0.206234
0.119725
0.042035
0.000000
0.000000
-0.126237
-0.238843
-0.331306
-0.417229
-0.497252
-0.569522
-0.631935
-0.680866
-0.694259
-0.686325
-0.666275
-0.640005
-0.611223
-0.582202
-0.554280
-0.528191
-0.504285
-0.470505
-0.385804
-0.291944
-0.199906
-0.114074
-0.037219
0.000000
0.000000
0.135536
0.245022
0.336845
0.422503
0.502206
0.574022
0.635847
0.682367
0.694287
0.685492
0.664975
0.638488
0.609643
0.580654
0.552816
0.526838
0.503055
0.464791
0.379288
0.285553
0.193978
0.108805
0.032759
0.000000
0.000000
-0.144324
-0.250888
-0.342121
-0.427538
-0.506945
-0.578336
-0.639608
-0.683824
-0.694337
-0.684718
-0.663752
-0.637055
-0.608149
-0.579187
-0.551428
-0.525556
-0.501890
-0.459302
-0.373028
-0.279414
-0.188285
-0.103748
-0.028479
0.000000
0.000000
0.152731
0.256494
0.347158
0.432343
0.511464
0.582447
0.643189
0.685204
0.694373
0.683967
0.662574
0.635677
0.606714
0.577780
0.550097
0.524326
0.500771
0.454046
0.367032
0.273532
0.182828
0.098899
0.024373
0.000000
-0.005441
-0.160623
-0.262476
-0.352641
-0.437483
-0.516165
-0.586578
-0.646628
-0.686324
-0.694091
-0.682878
-0.661061
-0.633981
-0.604983
-0.576102
-0.548522
-0.522878
-0.499460
-0.448549
-0.360779
-0.267390
-0.177116
-0.093806
-0.020041
0.000000
0.017952
0.168582
0.269401
0.359092
0.443413
0.521421
0.591007
0.650102
0.687160
0.693350
0.681249
0.658982
0.631728
0.602725
0.573937
0.546504
0.521032
0.497792
0.443525
0.355083
0.261720
0.171748
0.088914
0.015765
0.000000
-0.030105
-0.176325
-0.276144
-0.365374
-0.449190
-0.526544
-0.595326
-0.653493
-0.687986
-0.692642
-0.679675
-0.656970
-0.629546
-0.600536
-0.571838
-0.544547
-0.519242
-0.496176
-0.438635
-0.349545
-0.256216
-0.166545
-0.084182
-0.011637
0.000000
0.041639
0.183613
0.282450
0.371219
0.454536
0.531254
0.599262
0.656542
0.688648
0.691883
0.678118
0.655013
0.627439
0.598432
0.569825
0.542673
0.517529
0.494630
0.433935
0.344216
0.250913
0.161526
0.079611
0.007642
0.000000
-0.052752
-0.190628
-0.288516
-0.376840
-0.459676
-0.535780
-0.603043
-0.659469
-0.689283
-0.691152
-0.676621
-0.653133
-0.625415
-0.596410
-0.567891
-0.540873
-0.515883
-0.493145
-0.429439
-0.339118
-0.245841
-0.156727
-0.075241
-0.003824
0.000000
0.063393
0.197350
0.294332
0.382231
0.464606
0.540124
0.606674
0.662283
0.689900
0.690459
0.675192
0.651335
0.623479
0.594476
0.566040
0.539150
0.514308
0.491724
0.424894
0.333965
0.240730
0.151910
0.070875
0.000032
0.000000
-0.074228
-0.204243
-0.300322
-0.387800
-0.469713
-0.544636
-0.610458
-0.665230
-0.690547
-0.689736
-0.673700
-0.649457
-0.621456
-0.592454
-0.564106
-0.537349
-0.512662
-0.490239
-0.419802
-0.328170
-0.234979
-0.146490
-0.065965
0.000000
0.000000
0.083076
0.210163
0.305644
0.392867
0.474467
0.548942
0.614186
0.668266
0.691384
0.689253
0.672467
0.647838
0.619681
0.590664
0.562383
0.535739
0.511187
0.488904
0.414877
0.322511
0.229323
0.141125
0.061072
0.000000
0.000000
-0.091693
-0.215910
-0.310797
-0.397765
-0.479052
-0.553088
-0.617765
-0.671170
-0.692162
-0.688755
-0.671245
-0.646247
-0.617941
-0.588911
-0.560698
-0.534165
-0.509745
-0.487602
-0.410187
-0.317120
-0.223927
-0.135997
-0.056383
0.000000
0.000000
0.099996
0.221460
0.315782
0.402511
0.483502
0.557117
0.621252
0.674009
0.692944
0.688303
0.670091
0.644732
0.616281
0.587237
0.559086
0.532659
0.508365
0.486354
0.405699
0.311965
0.218771
0.131099
0.051908
0.000000
0.000000
-0.107926
-0.226762
-0.320544
-0.407043
-0.487750
-0.560964
-0.624579
-0.676717
-0.693686
-0.687865
-0.668984
-0.643281
-0.614690
-0.585633
-0.557543
-0.531217
-0.507044
-0.483235
-0.400365
-0.306282
-0.213265
-0.126006
-0.047387
0.000000
0.000000
0.116085
0.232158
0.325357
0.411601
0.492003
0.564795
0.627872
0.679372
0.694382
0.687387
0.667840
0.641797
0.613071
0.584004
0.555978
0.529756
0.505706
0.477044
0.393282
0.299307
0.206766
0.120200
0.042439
0.000000
0.000000
-0.125455
-0.238324
-0.330841
-0.416786
-0.496837
-0.569145
-0.631608
-0.680743
-0.694259
-0.686398
-0.666387
-0.640135
-0.611358
-0.582334
-0.554405
-0.528306
-0.504390
-0.470992
-0.386359
-0.292490
-0.200413
-0.114525
-0.037602
0.000000
0.000000
0.134787
0.244522
0.336396
0.422075
0.501803
0.573656
0.635528
0.682244
0.694284
0.685559
0.665080
0.638610
0.609771
0.580778
0.552934
0.526947
0.503155
0.465256
0.379819
0.286074
0.194461
0.109234
0.033122
0.000000
0.000000
-0.143610
-0.250412
-0.341693
-0.427130
-0.506561
-0.577987
-0.639304
-0.683707
-0.694333
-0.684781
-0.663852
-0.637172
-0.608271
-0.579307
-0.551541
-0.525660
-0.501984
-0.459748
-0.373537
-0.279914
-0.188748
-0.104159
-0.028827
0.000000
0.000000
0.152047
0.256038
0.346748
0.431951
0.511096
0.582113
0.642898
0.685092
0.694369
0.684028
0.662670
0.635789
0.606831
0.577894
0.550205
0.524426
0.500862
0.454473
0.367519
0.274010
0.183271
0.099293
0.024706
0.000000
-0.004465
-0.159998
-0.261931
-0.352132
-0.437013
-0.515747
-0.586224
-0.646348
-0.686254
-0.694145
-0.683003
-0.661222
-0.634156
-0.605159
-0.576271
-0.548679
-0.523022
-0.499590
-0.449021
-0.361314
-0.267918
-0.177609
-0.094249
-0.020421
0.000000
0.016869
0.167895
0.268806
0.358538
0.442905
0.520972
0.590630
0.649808
0.687092
0.693417
0.681392
0.659163
0.631924
0.602920
0.574125
0.546679
0.521192
0.497937
0.443963
0.355580
0.262214
0.172215
0.089340
0.016136
0.000000
-0.029057
-0.175660
-0.275566
-0.364837
-0.448697
-0.526108
-0.594960
-0.653207
-0.687919
-0.692706
-0.679813
-0.657145
-0.629735
-0.600726
-0.572020
-0.544716
-0.519396
-0.496315
-0.439058
-0.350025
-0.256693
-0.166996
-0.084593
-0.011995
0.000000
0.040638
0.182981
0.281903
0.370712
0.454073
0.530845
0.598921
0.656278
0.688591
0.691948
0.678252
0.655182
0.627621
0.598614
0.569999
0.542835
0.517677
0.494764
0.434342
0.344676
0.251371
0.161960
0.080006
0.007988
0.000000
-0.051791
-0.190021
-0.287991
-0.376354
-0.459231
-0.535388
-0.602715
-0.659216
-0.689228
-0.691215
-0.676751
-0.653295
-0.625590
-0.596585
-0.568058
-0.541028
-0.516026
-0.493274
-0.429828
-0.339560
-0.246280
-0.157142
-0.075619
-0.004155
0.000000
0.062472
0.196768
0.293829
0.381764
0.464180
0.539748
0.606360
0.662040
0.689846
0.690519
0.675316
0.651491
0.623646
0.594643
0.566200
0.539299
0.514445
0.491847
0.425315
0.334443
0.241202
0.152353
0.071274
0.000376
0.000000
-0.073215
-0.203593
-0.299754
-0.387270
-0.469226
-0.544204
-0.610095
-0.664945
-0.690484
-0.689805
-0.673844
-0.649638
-0.621651
-0.592649
-0.564292
-0.537522
-0.512821
-0.490382
-0.420293
-0.328731
-0.235538
-0.147020
-0.066448
0.000000
0.000000
0.082219
0.209591
0.305130
0.392378
0.474008
0.548527
0.613827
0.667975
0.691304
0.689300
0.672586
0.647995
0.619852
0.590837
0.562549
0.535894
0.511329
0.489033
0.415348
0.323052
0.229864
0.141639
0.061540
0.000000
0.000000
-0.090867
-0.215359
-0.310302
-0.397295
-0.478612
-0.552690
-0.617421
-0.670891
-0.692086
-0.688802
-0.671362
-0.646399
-0.618107
-0.589079
-0.560859
-0.534316
-0.509883
-0.487726
-0.410636
-0.317637
-0.224445
-0.136488
-0.056832
0.000000
0.000000
0.099200
0.220929
0.315305
0.402057
0.483076
0.556732
0.620918
0.673737
0.692869
0.688346
0.670202
0.644877
0.616440
0.587397
0.559241
0.532803
0.508497
0.486474
0.406130
0.312460
0.219265
0.131568
0.052337
0.000000
0.000000
-0.107166
-0.226254
-0.320088
-0.406609
-0.487343
-0.560595
-0.624260
-0.676457
-0.693615
-0.687907
-0.669090
-0.643420
-0.614842
-0.585786
-0.557691
-0.531355
-0.507170
-0.483811
-0.401025
-0.306933
-0.213873
-0.126550
-0.047853
0.000000
0.000000
0.115223
0.231595
0.324859
0.411133
0.491569
0.564407
0.627541
0.679108
0.694317
0.687441
0.667961
0.641952
0.613239
0.584173
0.556140
0.529907
0.505844
0.477700
0.394031
0.300043
0.207449
0.120808
0.042955
0.000000
0.000000
-0.124449
-0.237655
-0.330242
-0.416217
-0.496303
-0.568661
-0.631189
-0.680587
-0.694265
-0.686497
-0.666537
-0.640308
-0.611537
-0.582509
-0.554570
-0.528458
-0.504528
-0.471632
-0.387091
-0.293210
-0.201084
-0.115123
-0.038111
0.000000
0.000000
0.133800
0.243867
0.335808
0.421515
0.501277
0.573177
0.635112
0.682085
0.694281
0.685648
0.665218
0.638771
0.609939
0.580943
0.553090
0.527091
0.503286
0.465865
0.380513
0.286755
0.195093
0.109796
0.033598
0.000000
0.000000
-0.142674
-0.249787
-0.341131
-0.426594
-0.506056
-0.577527
-0.638903
-0.683552
-0.694328
-0.684864
-0.663982
-0.637324
-0.608430
-0.579463
-0.551689
-0.525797
-0.502109
-0.460333
-0.374204
-0.280567
-0.189354
-0.104698
-0.029283
0.000000
0.000000
0.151151
0.255441
0.346211
0.431439
0.510614
0.581674
0.642516
0.684945
0.694366
0.684108
0.662795
0.635936
0.606984
0.578044
0.550347
0.524557
0.500981
0.455033
0.368158
0.274636
0.183852
0.099809
0.025144
0.000000
-0.003186
-0.159180
-0.261216
-0.351464
-0.436398
-0.515200
-0.585761
-0.645982
-0.686161
-0.694216
-0.683167
-0.661432
-0.634385
-0.605389
-0.576492
-0.548886
-0.523211
-0.499760
-0.449672
-0.362053
-0.268644
-0.178286
-0.094853
-0.020938
0.000000
0.015397
0.166964
0.267999
0.357789
0.442219
0.520367
0.590123
0.649413
0.687003
0.693510
0.681587
0.659410
0.632190
0.603187
0.574380
0.546916
0.521409
0.498133
0.444560
0.356256
0.262888
0.172852
0.089920
0.016643
0.000000
-0.027625
-0.174750
-0.274775
-0.364101
-0.448021
-0.525510
-0.594456
-0.652813
-0.687825
-0.692792
-0.680000
-0.657383
-0.629993
-0.600984
-0.572268
-0.544947
-0.519607
-0.496506
-0.439635
-0.350678
-0.257343
-0.167611
-0.085152
-0.012483
0.000000
0.039276
0.182120
0.281158
0.370021
0.453440
0.530288
0.598455
0.655917
0.688512
0.692037
0.678436
0.655413
0.627870
0.598862
0.570237
0.543056
0.517879
0.494946
0.434896
0.345305
0.251996
0.162552
0.080545
0.008458
0.000000
-0.050480
-0.189194
-0.287276
-0.375691
-0.458625
-0.534854
-0.602269
-0.658870
-0.689153
-0.691301
-0.676927
-0.653517
-0.625829
-0.596823
-0.568286
-0.541241
-0.516220
-0.493449
-0.430359
-0.340161
-0.246878
-0.157709
-0.076135
-0.004605
0.000000
0.061217
0.195976
0.293143
0.381129
0.463598
0.539236
0.605932
0.661708
0.689774
0.690601
0.675485
0.651703
0.623875
0.594871
0.566419
0.539502
0.514630
0.492015
0.425889
0.335094
0.241845
0.152956
0.071818
0.000846
0.000000
-0.071834
-0.202707
-0.298980
-0.386548
-0.468562
-0.543615
-0.609599
-0.664557
-0.690398
-0.689899
-0.674039
-0.649884
-0.621916
-0.592914
-0.564546
-0.537759
-0.513037
-0.490577
-0.420962
-0.329496
-0.236300
-0.147742
-0.067105
0.000000
0.000000
0.081051
0.208810
0.304429
0.391711
0.473383
0.547962
0.613338
0.667577
0.691195
0.689364
0.672749
0.648208
0.620086
0.591073
0.562776
0.536106
0.511523
0.489209
0.415991
0.323790
0.230602
0.142339
0.062179
0.000000
0.000000
-0.089740
-0.214607
-0.309628
-0.396654
-0.478011
-0.552146
-0.616952
-0.670510
-0.691984
-0.688866
-0.671521
-0.646606
-0.618334
-0.589308
-0.561079
-0.534521
-0.510071
-0.487897
-0.411249
-0.318341
-0.225150
-0.137158
-0.057444
0.000000
0.000000
0.098116
0.220204
0.314654
0.401437
0.482495
0.556206
0.620463
0.673367
0.692767
0.688406
0.670353
0.645075
0.616657
0.587616
0.559451
0.533000
0.508678
0.486637
0.406716
0.313133
0.219939
0.132208
0.052922
0.000000
0.000000
-0.106130
-0.225561
-0.319465
-0.406016
-0.486788
-0.560093
-0.623825
-0.676103
-0.693518
-0.687965
-0.669235
-0.643609
-0.615050
-0.585996
-0.557893
-0.531544
-0.507343
-0.484597
-0.401924
-0.307821
-0.214702
-0.127293
-0.048488
0.000000
0.000000
0.114047
0.230828
0.324181
0.410494
0.490977
0.563877
0.627089
0.678749
0.694228
0.687515
0.668127
0.642164
0.613470
0.584404
0.556362
0.530114
0.506033
0.478594
0.395053
0.301046
0.208382
0.121638
0.043659
0.000000
0.000000
-0.123077
-0.236744
-0.329425
-0.415440
-0.495575
-0.568002
-0.630617
-0.680375
-0.694272
-0.686632
-0.666740
-0.640543
-0.611780
-0.582747
-0.554794
-0.528665
-0.504716
-0.472506
-0.388090
-0.294192
-0.201998
-0.115938
-0.038805
0.000000
0.000000
0.132455
0.242972
0.335006
0.420751
0.500559
0.572525
0.634545
0.681867
0.694277
0.685768
0.665407
0.638991
0.610168
0.581168
0.553302
0.527287
0.503464
0.466696
0.381461
0.287685
0.195955
0.110562
0.034247
0.000000
0.000000
-0.141397
-0.248935
-0.340364
-0.425863
-0.505368
-0.576901
-0.638357
-0.683341
-0.694321
-0.684977
-0.664160
-0.637533
-0.608647
-0.579676
-0.551891
-0.525983
-0.502278
-0.461130
-0.375113
-0.281459
-0.190181
-0.105433
-0.029905
0.000000
0.000000
0.149930
0.254626
0.345479
0.430741
0.509958
0.581077
0.641996
0.684744
0.694360
0.684217
0.662966
0.636136
0.607192
0.578249
0.550540
0.524736
0.501144
0.455796
0.369028
0.275491
0.184645
0.100513
0.025740
0.000000
-0.001441
-0.158065
-0.260242
-0.350554
-0.435559
-0.514453
-0.585129
-0.645483
-0.686035
-0.694313
-0.683390
-0.661720
-0.634698
-0.605703
-0.576793
-0.549167
-0.523469
-0.499993
-0.450559
-0.363059
-0.269633
-0.179208
-0.095678
-0.021641
0.000000
0.013391
0.165695
0.266899
0.356768
0.441284
0.519541
0.589430
0.648875
0.686881
0.693637
0.681853
0.659746
0.632553
0.603550
0.574727
0.547240
0.521705
0.498400
0.445374
0.357179
0.263805
0.173721
0.090710
0.017333
0.000000
-0.025673
-0.173509
-0.273696
-0.363097
-0.447099
-0.524694
-0.593770
-0.652275
-0.687698
-0.692909
-0.680255
-0.657708
-0.630344
-0.601336
-0.572605
-0.545262
-0.519895
-0.496766
-0.440421
-0.351569
-0.258228
-0.168448
-0.085914
-0.013148
0.000000
0.037418
0.180946
0.280142
0.369079
0.452579
0.529529
0.597820
0.655425
0.688404
0.692159
0.678686
0.655728
0.628209
0.599201
0.570561
0.543358
0.518155
0.495195
0.435652
0.346161
0.252849
0.163358
0.081280
0.009100
0.000000
-0.048694
-0.188066
-0.286300
-0.374787
-0.457798
-0.534126
-0.601661
-0.658399
-0.689051
-0.691419
-0.677167
-0.653819
-0.626154
-0.597148
-0.568597
-0.541530
-0.516484
-0.493687
-0.431082
-0.340981
-0.247694
-0.158480
-0.076838
-0.005219
0.000000
0.059506
0.194895
0.292208
0.380262
0.462805
0.538537
0.605348
0.661255
0.689675
0.690712
0.675714
0.651992
0.624186
0.595182
0.566716
0.539779
0.514884
0.492243
0.426671
0.335981
0.242722
0.153779
0.072559
0.001485
0.000000
-0.069950
-0.201499
-0.297925
-0.385563
-0.467656
-0.542813
-0.608923
-0.664028
-0.690281
-0.690028
-0.674306
-0.650220
-0.622278
-0.593276
-0.564892
-0.538081
-0.513332
-0.490842
-0.421875
-0.330539
-0.237340
-0.148726
-0.068002
0.000000
0.000000
0.079458
0.207746
0.303473
0.390802
0.472531
0.547190
0.612671
0.667034
0.691047
0.689452
0.672971
0.648499
0.620405
0.591394
0.563086
0.536395
0.511788
0.489448
0.416866
0.324797
0.231608
0.143293
0.063050
0.000000
0.000000
-0.088204
-0.213582
-0.308708
-0.395780
-0.477192
-0.551406
-0.616312
-0.669991
-0.691844
-0.688954
-0.671738
-0.646889
-0.618644
-0.589620
-0.561379
-0.534801
-0.510328
-0.488128
-0.412085
-0.319302
-0.226111
-0.138071
-0.058279
0.000000
0.000000
0.096638
0.219216
0.313767
0.400593
0.481704
0.555489
0.619843
0.672862
0.692629
0.688487
0.670559
0.645345
0.616953
0.587914
0.559739
0.533268
0.508924
0.486859
0.407516
0.314052
0.220858
0.133081
0.053719
0.000000
0.000000
-0.104716
-0.224616
-0.318617
-0.405209
-0.486031
-0.559408
-0.623233
-0.675621
-0.693386
-0.688042
-0.669432
-0.643868
-0.615334
-0.586282
-0.558168
-0.531800
-0.507578
-0.485643
-0.403137
-0.309022
-0.215825
-0.128301
-0.049351
0.000000
0.000000
0.112451
0.229786
0.323259
0.409627
0.490172
0.563157
0.626475
0.678259
0.694108
0.687615
0.668352
0.642452
0.613782
0.584717
0.556662
0.530394
0.506290
0.479808
0.396439
0.302408
0.209647
0.122764
0.044615
0.000000
0.000000
-0.121216
-0.235508
-0.328318
-0.414388
-0.494588
-0.567108
-0.629843
-0.680089
-0.694282
-0.686815
-0.667017
-0.640862
-0.612111
-0.583070
-0.555099
-0.528947
-0.504972
-0.473691
-0.389445
-0.295525
-0.203238
-0.117045
-0.039747
0.000000
0.000000
0.130630
0.241759
0.333917
0.419714
0.499585
0.571640
0.633775
0.681572
0.694271
0.685932
0.665662
0.639290
0.610479
0.581472
0.553590
0.527553
0.503706
0.467822
0.382746
0.288945
0.197125
0.111602
0.035127
0.000000
0.000000
-0.139664
-0.247779
-0.339325
-0.424871
-0.504435
-0.576051
-0.637617
-0.683054
-0.694312
-0.685130
-0.664401
-0.637815
-0.608942
-0.579965
-0.552164
-0.526236
-0.502508
-0.462211
-0.376346
-0.282668
-0.191302
-0.106429
-0.030748
0.000000
0.000000
0.148273
0.253522
0.344486
0.429794
0.509067
0.580267
0.641290
0.684472
0.694353
0.684364
0.663198
0.636407
0.607475
0.578526
0.550803
0.524978
0.501364
0.456832
0.370210
0.276650
0.185720
0.101469
0.026549
0.000000
0.000000
-0.156522
-0.259023
-0.349430
-0.434510
-0.513503
-0.584303
-0.644806
-0.685828
-0.694390
-0.683630
-0.662044
-0.635057
-0.606068
-0.577146
-0.549498
-0.523772
-0.500268
-0.451680
-0.364333
-0.270885
-0.180373
-0.096717
-0.022526
0.000000
0.010848
0.164080
0.265496
0.355462
0.440084
0.518480
0.588538
0.648176
0.686716
0.693790
0.682187
0.660170
0.633012
0.604010
0.575168
0.547650
0.522081
0.498739
0.446398
0.358341
0.264962
0.174815
0.091708
0.018205
0.000000
-0.023199
-0.171934
-0.272326
-0.361820
-0.445926
-0.523653
-0.592893
-0.651588
-0.687531
-0.693054
-0.680576
-0.658117
-0.630789
-0.601782
-0.573032
-0.545660
-0.520260
-0.497095
-0.441417
-0.352696
-0.259349
-0.169507
-0.086877
-0.013988
0.000000
0.035069
0.179461
0.278857
0.367889
0.451490
0.528570
0.597018
0.654803
0.688269
0.692313
0.679003
0.656126
0.628637
0.599629
0.570971
0.543739
0.518503
0.495510
0.436608
0.347246
0.253928
0.164380
0.082210
0.009913
0.000000
-0.046432
-0.186638
-0.285065
-0.373643
-0.456752
-0.533205
-0.600891
-0.657803
-0.688921
-0.691567
-0.677472
-0.654202
-0.626566
-0.597560
-0.568991
-0.541896
-0.516819
-0.493990
-0.431997
-0.342018
-0.248726
-0.159457
-0.077727
-0.005996
0.000000
0.057340
0.193526
0.291024
0.379165
0.461802
0.537653
0.604609
0.660683
0.689549
0.690853
0.676005
0.652358
0.624580
0.595576
0.567093
0.540130
0.515204
0.492532
0.427582
0.337013
0.243747
0.154746
0.073437
0.002249
0.000000
-0.067784
-0.200124
-0.296731
-0.384455
-0.466640
-0.541916
-0.608172
-0.663443
-0.690153
-0.690172
-0.674602
-0.650593
-0.622679
-0.593677
-0.565276
-0.538438
-0.513658
-0.491137
-0.422885
-0.331687
-0.238478
-0.149798
-0.068971
0.000000
0.000000
0.077711
0.206576
0.302421
0.389800
0.471591
0.546338
0.611933
0.666432
0.690880
0.689547
0.673214
0.648819
0.620756
0.591748
0.563426
0.536713
0.512080
0.489712
0.417843
0.325919
0.232730
0.144357
0.064020
0.000000
0.000000
-0.086496
-0.212443
-0.307687
-0.394809
-0.476284
-0.550584
-0.615603
-0.669415
-0.691690
-0.689053
-0.671980
-0.647205
-0.618989
-0.589967
-0.561713
-0.535113
-0.510614
-0.488387
-0.413015
-0.320370
-0.227180
-0.139088
-0.059209
0.000000
0.000000
0.094992
0.218116
0.312778
0.399652
0.480821
0.554690
0.619151
0.672299
0.692473
0.688576
0.670788
0.645646
0.617282
0.588246
0.560058
0.533567
0.509197
0.487106
0.408405
0.315074
0.221880
0.134052
0.054607
0.000000
0.000000
-0.103144
-0.223565
-0.317673
-0.404310
-0.485189
-0.558645
-0.622573
-0.675084
-0.693239
-0.688129
-0.669652
-0.644156
-0.615649
-0.586600
-0.558474
-0.532086
-0.507840
-0.485880
-0.403991
-0.310002
-0.216806
-0.129232
-0.050202
0.000000
0.000000
0.110945
0.228779
0.322355
0.408766
0.489366
0.562426
0.625844
0.677745
0.693967
0.687698
0.668562
0.642728
0.614084
0.585022
0.556956
0.530668
0.506541
0.480949
0.397746
0.303698
0.210852
0.123844
0.045538
0.000000
0.000000
-0.119507
-0.234392
-0.327332
-0.413460
-0.493727
-0.566338
-0.629186
-0.679868
-0.694326
-0.687011
-0.667293
-0.641173
-0.612429
-0.583379
-0.555390
-0.529214
-0.505214
-0.474796
-0.390709
-0.296772
-0.204402
-0.118086
-0.040635
0.000000
0.000000
0.128924
0.240626
0.332903
0.418749
0.498679
0.570818
0.633061
0.681298
0.694266
0.686085
0.665900
0.639568
0.610768
0.581756
0.553858
0.527801
0.503931
0.468864
0.383933
0.290110
0.198205
0.112562
0.035940
0.000000
0.000000
-0.138061
-0.246708
-0.338362
-0.423951
-0.503569
-0.575263
-0.636929
-0.682787
-0.694302
-0.685270
-0.664624
-0.638076
-0.609214
-0.580232
-0.552417
-0.526470
-0.502721
-0.463213
-0.377488
-0.283789
-0.192341
-0.107352
-0.031529
0.000000
0.000000
0.146740
0.252499
0.343568
0.428918
0.508243
0.579517
0.640637
0.684220
0.694347
0.684502
0.663413
0.636659
0.607737
0.578783
0.551046
0.525202
0.501568
0.457791
0.371304
0.277723
0.186716
0.102354
0.027298
0.000000
0.000000
-0.155050
-0.258041
-0.348548
-0.433668
-0.512711
-0.583582
-0.644178
-0.685586
-0.694383
-0.683761
-0.662250
-0.635298
-0.606319
-0.577392
-0.549730
-0.523987
-0.500463
-0.452599
-0.365381
-0.271913
-0.181326
-0.097564
-0.023243
0.000000
0.008748
0.162737
0.264323
0.354367
0.439074
0.517581
0.587777
0.647575
0.686564
0.693907
0.682455
0.660516
0.633388
0.604388
0.575531
0.547989
0.522390
0.499019
0.447233
0.359288
0.265905
0.175709
0.092522
0.018918
0.000000
-0.021162
-0.170632
-0.271190
-0.360761
-0.444950
-0.522787
-0.592161
-0.651011
-0.687387
-0.693169
-0.680837
-0.658453
-0.631153
-0.602148
-0.573384
-0.545988
-0.520560
-0.497366
-0.442235
-0.353623
-0.260270
-0.170377
-0.087668
-0.014678
0.000000
0.033142
0.178244
0.277804
0.366912
0.450597
0.527783
0.596361
0.654294
0.688159
0.692441
0.679264
0.656454
0.628990
0.599981
0.571308
0.544053
0.518790
0.495768
0.437395
0.348139
0.254817
0.165221
0.082976
0.010582
0.000000
-0.044570
-0.185463
-0.284050
-0.372702
-0.455891
-0.532447
-0.600259
-0.657314
-0.688815
-0.691690
-0.677723
-0.654517
-0.626905
-0.597898
-0.569315
-0.542198
-0.517095
-0.494238
-0.432750
-0.342872
-0.249575
-0.160261
-0.078459
-0.006636
0.000000
0.055558
0.192401
0.290050
0.378262
0.460976
0.536926
0.604001
0.660211
0.689446
0.690970
0.676244
0.652659
0.624904
0.595900
0.567403
0.540418
0.515468
0.492770
0.428303
0.337831
0.244560
0.155515
0.074138
0.002861
0.000000
-0.066079
-0.199047
-0.295799
-0.383591
-0.465851
-0.541220
-0.607590
-0.662993
-0.690055
-0.690283
-0.674831
-0.650881
-0.622990
-0.593987
-0.565573
-0.538714
-0.513911
-0.491365
-0.423665
-0.332572
-0.239353
-0.150618
-0.069710
0.000000
0.000000
0.076369
0.205676
0.301611
0.389027
0.470865
0.545680
0.611362
0.665966
0.690751
0.689619
0.673401
0.649065
0.621026
0.592021
0.563689
0.536959
0.512305
0.489915
0.418601
0.326790
0.233600
0.145182
0.064773
0.000000
0.000000
-0.085173
-0.211561
-0.306897
-0.394058
-0.475581
-0.549949
-0.615055
-0.668971
-0.691572
-0.689130
-0.672168
-0.647450
-0.619257
-0.590237
-0.561972
-0.535355
-0.510836
-0.488587
-0.413735
-0.321198
-0.228009
-0.139876
-0.059929
0.000000
0.000000
0.093716
0.217262
0.312012
0.398922
0.480137
0.554070
0.618615
0.671862
0.692353
0.688645
0.670965
0.645878
0.617537
0.588504
0.560306
0.533798
0.509409
0.487298
0.409094
0.315865
0.222672
0.134804
0.055294
0.000000
0.000000
-0.101926
-0.222751
-0.316942
-0.403615
-0.484536
-0.558054
-0.622062
-0.674668
-0.693125
-0.688196
-0.669822
-0.644379
-0.615893
-0.586846
-0.558711
-0.532308
-0.508043
-0.486063
-0.404651
-0.310761
-0.217566
-0.129954
-0.050862
0.000000
0.000000
0.109777
0.227999
0.321655
0.408100
0.488741
0.561861
0.625355
0.677348
0.693859
0.687763
0.668725
0.642942
0.614319
0.585258
0.557183
0.530880
0.506735
0.481833
0.398759
0.304698
0.211785
0.124680
0.046253
0.000000
0.000000
-0.118184
-0.233528
-0.326568
-0.412741
-0.493061
-0.565741
-0.628678
-0.679697
-0.694359
-0.687162
-0.667507
-0.641415
-0.612676
-0.583619
-0.555615
-0.529421
-0.505402
-0.475652
-0.391689
-0.297738
-0.205303
-0.118892
-0.041323
0.000000
0.000000
0.127602
0.239749
0.332117
0.418001
0.497977
0.570180
0.632507
0.681086
0.694263
0.686203
0.666085
0.639783
0.610992
0.581975
0.554065
0.527993
0.504105
0.469671
0.384853
0.291012
0.199042
0.113305
0.036569
0.000000
0.000000
-0.136819
-0.245879
-0.337616
-0.423239
-0.502898
-0.574652
-0.636397
-0.682580
-0.694295
-0.685380
-0.664797
-0.638279
-0.609425
-0.580440
-0.552613
-0.526651
-0.502885
-0.463989
-0.378373
-0.284656
-0.193146
-0.108067
-0.032134
0.000000
0.000000
0.145552
0.251707
0.342856
0.428239
0.507604
0.578936
0.640131
0.684026
0.694342
0.684608
0.663580
0.636854
0.607940
0.578982
0.551234
0.525376
0.501726
0.458534
0.372152
0.278555
0.187488
0.103040
0.027879
0.000000
0.000000
-0.153910
-0.257280
-0.347864
-0.433016
-0.512097
-0.583024
-0.643692
-0.685398
-0.694378
-0.683862
-0.662409
-0.635485
-0.606513
-0.577583
-0.549911
-0.524154
-0.500615
-0.453310
-0.366193
-0.272709
-0.182065
-0.098220
-0.023799
0.000000
0.007122
0.161697
0.263415
0.353518
0.438292
0.516885
0.587187
0.647109
0.686446
0.693997
0.682663
0.660784
0.633680
0.604680
0.575812
0.548251
0.522630
0.499236
0.447880
0.360021
0.266635
0.176401
0.093154
0.019471
0.000000
-0.019583
-0.169624
-0.270310
-0.359940
-0.444194
-0.522115
-0.591593
-0.650564
-0.687276
-0.693258
-0.681040
-0.658713
-0.631436
-0.602432
-0.573656
-0.546242
-0.520792
-0.497576
-0.442869
-0.354341
-0.260983
-0.171051
-0.088281
-0.015212
0.000000
0.031648
0.177300
0.276988
0.366156
0.449905
0.527174
0.595852
0.653900
0.688074
0.692540
0.679466
0.656707
0.629263
0.600254
0.571569
0.544296
0.519012
0.495969
0.438005
0.348830
0.255505
0.165872
0.083569
0.011101
0.000000
-0.043129
-0.184553
-0.283263
-0.371973
-0.455225
-0.531860
-0.599769
-0.656934
-0.688733
-0.691785
-0.677917
-0.654761
-0.627167
-0.598161
-0.569566
-0.542432
-0.517308
-0.494431
-0.433333
-0.343533
-0.250233
-0.160883
-0.079026
-0.007131
0.000000
0.054178
0.191529
0.289296
0.377563
0.460337
0.536362
0.603530
0.659846
0.689366
0.691059
0.676430
0.652892
0.625155
0.596151
0.567643
0.540642
0.515672
0.492955
0.428862
0.338464
0.245190
0.156111
0.074680
0.003335
0.000000
-0.064758
-0.198212
-0.295078
-0.382922
-0.465239
-0.540681
-0.607140
-0.662644
-0.689978
-0.690369
-0.675009
-0.651104
-0.623230
-0.594227
-0.565803
-0.538928
-0.514106
-0.491542
-0.424269
-0.333257
-0.240030
-0.151253
-0.070283
0.000000
0.000000
0.075330
0.204979
0.300983
0.388429
0.470303
0.545170
0.610920
0.665606
0.690650
0.689675
0.673546
0.649256
0.621235
0.592232
0.563892
0.537149
0.512479
0.490073
0.419188
0.327465
0.234274
0.145822
0.065356
0.000000
0.000000
-0.084149
-0.210878
-0.306284
-0.393476
-0.475037
-0.549457
-0.614631
-0.668627
-0.691480
-0.689190
-0.672314
-0.647640
-0.619464
-0.590446
-0.562173
-0.535543
-0.511007
-0.488742
-0.414293
-0.321840
-0.228651
-0.140486
-0.060488
0.000000
0.000000
0.092727
0.216602
0.311418
0.398357
0.479607
0.553590
0.618199
0.671524
0.692259
0.688699
0.671102
0.646058
0.617734
0.588703
0.560497
0.533977
0.509573
0.487446
0.409628
0.316478
0.223285
0.135387
0.055826
0.000000
0.000000
-0.100983
-0.222121
-0.316375
-0.403075
-0.484031
-0.557597
-0.621666
-0.674346
-0.693036
-0.688248
-0.669954
-0.644551
-0.616082
-0.587037
-0.558894
-0.532479
-0.508201
-0.486205
-0.405163
-0.311350
-0.218155
-0.130513
-0.051373
0.000000
0.000000
0.108873
0.227395
0.321112
0.407583
0.488257
0.561423
0.624976
0.677039
0.693774
0.687813
0.668852
0.643107
0.614500
0.585441
0.557359
0.531045
0.506886
0.482518
0.399544
0.305472
0.212508
0.125328
0.046807
0.000000
0.000000
-0.117158
-0.232859
-0.325976
-0.412184
-0.492544
-0.565279
-0.628284
-0.679565
-0.694385
-0.687280
-0.667673
-0.641602
-0.612868
-0.583805
-0.555790
-0.529582
-0.505548
-0.476315
-0.392448
-0.298486
-0.206001
-0.119516
-0.041857
0.000000
0.000000
0.126579
0.239070
0.331509
0.417422
0.497433
0.569687
0.632078
0.680921
0.694260
0.686294
0.666227
0.639949
0.611165
0.582145
0.554226
0.528141
0.504240
0.470296
0.385566
0.291711
0.199690
0.113881
0.037057
0.000000
0.000000
-0.135857
-0.245236
-0.337038
-0.422687
-0.502379
-0.574179
-0.635984
-0.682420
-0.694289
-0.685464
-0.664931
-0.638435
-0.609589
-0.580600
-0.552765
-0.526791
-0.503013
-0.464590
-0.379059
-0.285329
-0.193770
-0.108620
-0.032602
0.000000
0.000000
0.144631
0.251093
0.342305
0.427714
0.507110
0.578486
0.639739
0.683875
0.694338
0.684690
0.663709
0.637004
0.608097
0.579136
0.551380
0.525511
0.501849
0.459110
0.372809
0.279199
0.188085
0.103571
0.028329
0.000000
0.000000
-0.153026
-0.256691
-0.347335
-0.432511
-0.511622
-0.582592
-0.643315
-0.685253
-0.694374
-0.683941
-0.662533
-0.635629
-0.606664
-0.577731
-0.550050
-0.524283
-0.500732
-0.453862
-0.366822
-0.273326
-0.182637
-0.098729
-0.024229
0.000000
0.005862
0.160892
0.262711
0.352861
0.437685
0.516345
0.586731
0.646748
0.686355
0.694067
0.682824
0.660991
0.633905
0.604907
0.576029
0.548454
0.522816
0.499404
0.448381
0.360589
0.267201
0.176937
0.093642
0.019899
0.000000
-0.018360
-0.168843
-0.269629
-0.359304
-0.443608
-0.521595
-0.591154
-0.650218
-0.687189
-0.693327
-0.681197
-0.658915
-0.631655
-0.602651
-0.573867
-0.546438
-0.520972
-0.497738
-0.443361
-0.354897
-0.261535
-0.171573
-0.088756
-0.015626
0.000000
0.030491
0.176569
0.276355
0.365570
0.449369
0.526702
0.595458
0.653595
0.688008
0.692616
0.679623
0.656904
0.629475
0.600466
0.571771
0.544484
0.519184
0.496124
0.438477
0.349366
0.256038
0.166377
0.084029
0.011503
0.000000
-0.042012
-0.183848
-0.282653
-0.371408
-0.454709
-0.531406
-0.599389
-0.656640
-0.688670
-0.691858
-0.678068
-0.654950
-0.627371
-0.598364
-0.569760
-0.542612
-0.517473
-0.494580
-0.433785
-0.344045
-0.250743
-0.161365
-0.079465
-0.007514
0.000000
0.053109
0.190854
0.288712
0.377021
0.459841
0.535926
0.603165
0.659564
0.689304
0.691129
0.676573
0.653072
0.625350
0.596345
0.567829
0.540815
0.515830
0.493097
0.429295
0.338955
0.245678
0.156573
0.075101
0.003702
0.000000
-0.063734
-0.197566
-0.294518
-0.382404
-0.464765
-0.540263
-0.606791
-0.662373
-0.689919
-0.690436
-0.675146
-0.651277
-0.623417
-0.594414
-0.565981
-0.539094
-0.514258
-0.491678
-0.424738
-0.333788
-0.240555
-0.151746
-0.070727
0.000000
0.000000
0.074524
0.204439
0.300497
0.387965
0.469868
0.544775
0.610578
0.665326
0.690573
0.689719
0.673659
0.649403
0.621397
0.592395
0.564049
0.537296
0.512614
0.490195
0.419643
0.327987
0.234796
0.146317
0.065807
0.000000
0.000000
-0.083355
-0.210349
-0.305810
-0.393026
-0.474615
-0.549076
-0.614302
-0.668360
-0.691410
-0.689237
-0.672427
-0.647787
-0.619625
-0.590607
-0.562329
-0.535688
-0.511140
-0.488862
-0.414725
-0.322336
-0.229148
-0.140959
-0.060920
0.000000
0.000000
0.091962
0.216090
0.310958
0.397919
0.479196
0.553218
0.617878
0.671262
0.692187
0.688740
0.671208
0.646198
0.617887
0.588857
0.560646
0.534116
0.509701
0.487561
0.410042
0.316953
0.223760
0.135838
0.056238
0.000000
0.000000
-0.100252
-0.221632
-0.315937
-0.402658
-0.483639
-0.557242
-0.621359
-0.674097
-0.692968
-0.688289
-0.670056
-0.644685
-0.616229
-0.587185
-0.559036
-0.532612
-0.508322
-0.486315
-0.405560
-0.311805
-0.218611
-0.130946
-0.051769
0.000000
0.000000
0.108172
0.226926
0.320692
0.407183
0.487882
0.561083
0.624682
0.676801
0.693709
0.687852
0.668950
0.643236
0.614640
0.585583
0.557495
0.531172
0.507003
0.483049
0.400151
0.306071
0.213068
0.125829
0.047236
0.000000
0.000000
-0.116364
-0.232340
-0.325518
-0.411752
-0.492144
-0.564921
-0.627979
-0.679458
-0.694403
-0.687369
-0.667800
-0.641746
-0.613016
-0.583949
-0.555925
-0.529707
-0.505661
-0.476831
-0.393039
-0.299069
-0.206544
-0.120003
-0.042272
0.000000
0.000000
0.125781
0.238540
0.331035
0.416971
0.497010
0.569302
0.631744
0.680793
0.694258
0.686366
0.666339
0.640079
0.611300
0.582278
0.554352
0.528257
0.504345
0.470784
0.386122
0.292256
0.200196
0.114331
0.037437
0.000000
0.000000
-0.135106
-0.244735
-0.336587
-0.422257
-0.501974
-0.573811
-0.635663
-0.682296
-0.694285
-0.685530
-0.665035
-0.638558
-0.609716
-0.580725
-0.552883
-0.526901
-0.503112
-0.465059
-0.379594
-0.285853
-0.194256
-0.109052
-0.032968
0.000000
0.000000
0.143913
0.250615
0.341874
0.427303
0.506724
0.578135
0.639433
0.683757
0.694335
0.684754
0.663810
0.637122
0.608219
0.579256
0.551493
0.525616
0.501944
0.459559
0.373321
0.279702
0.188552
0.103985
0.028680
0.000000
0.000000
-0.152337
-0.256232
-0.346922
-0.432117
-0.511252
-0.582254
-0.643021
-0.685140
-0.694371
-0.684002
-0.662629
-0.635742
-0.606781
-0.577846
-0.550159
-0.524384
-0.500824
-0.454292
-0.367312
-0.273807
-0.183083
-0.099125
-0.024565
0.000000
0.004879
0.160263
0.262162
0.352348
0.437212
0.515925
0.586374
0.646467
0.686284
0.694122
0.682950
0.661153
0.634081
0.605084
0.576199
0.548613
0.522961
0.499535
0.448810
0.361075
0.267683
0.177390
0.094053
0.020254
0.000000
-0.017345
-0.168196
-0.269067
-0.358781
-0.443127
-0.521169
-0.590794
-0.649936
-0.687121
-0.693387
-0.681329
-0.659083
-0.631837
-0.602834
-0.574042
-0.546602
-0.521122
-0.497873
-0.443770
-0.355361
-0.261996
-0.172009
-0.089152
-0.015972
0.000000
0.029520
0.175954
0.275822
0.365075
0.448916
0.526302
0.595122
0.653334
0.687949
0.692678
0.679752
0.657068
0.629652
0.600642
0.571940
0.544642
0.519328
0.496254
0.438871
0.349813
0.256483
0.166798
0.084412
0.011837
0.000000
-0.041080
-0.183260
-0.282144
-0.370936
-0.454277
-0.531026
-0.599071
-0.656394
-0.688616
-0.691919
-0.678193
-0.655107
-0.627541
-0.598533
-0.569922
-0.542764
-0.517612
-0.494705
-0.434162
-0.344473
-0.251169
-0.161768
-0.079832
-0.007835
0.000000
0.052215
0.190289
0.288223
0.376569
0.459427
0.535561
0.602860
0.659327
0.689253
0.691187
0.676693
0.653223
0.625513
0.596508
0.567984
0.540960
0.515963
0.493217
0.429657
0.339365
0.246086
0.156959
0.075452
0.004009
0.000000
-0.062878
-0.197025
-0.294051
-0.381970
-0.464368
-0.539914
-0.606499
-0.662147
-0.689870
-0.690492
-0.675261
-0.651422
-0.623572
-0.594569
-0.566130
-0.539233
-0.514385
-0.491793
-0.425129
-0.334232
-0.240994
-0.152157
-0.071098
-0.000225
0.000000
0.073662
0.203880
0.300005
0.387504
0.469441
0.544395
0.610255
0.665071
0.690512
0.689775
0.673780
0.649558
0.621565
0.592563
0.564210
0.537446
0.512751
0.490318
0.420076
0.328484
0.235291
0.146786
0.066235
0.000000
0.000000
-0.082597
-0.209844
-0.305356
-0.392594
-0.474210
-0.548710
-0.613986
-0.668103
-0.691340
-0.689279
-0.672533
-0.647926
-0.619777
-0.590760
-0.562476
-0.535825
-0.511266
-0.488976
-0.415140
-0.322814
-0.229626
-0.141412
-0.061333
0.000000
0.000000
0.091231
0.215602
0.310520
0.397503
0.478806
0.552865
0.617573
0.671014
0.692120
0.688781
0.671311
0.646332
0.618034
0.589005
0.560788
0.534249
0.509822
0.487671
0.410438
0.317409
0.224216
0.136271
0.056634
0.000000
0.000000
-0.099551
-0.221163
-0.315516
-0.402257
-0.483264
-0.556902
-0.621065
-0.673857
-0.692902
-0.688327
-0.670153
-0.644813
-0.616369
-0.587326
-0.559173
-0.532740
-0.508439
-0.486421
-0.405940
-0.312241
-0.219047
-0.131361
-0.052147
0.000000
0.000000
0.107502
0.226478
0.320289
0.406800
0.487523
0.560758
0.624401
0.676572
0.693646
0.687889
0.669043
0.643358
0.614775
0.585719
0.557626
0.531294
0.507115
0.483557
0.400733
0.306646
0.213605
0.126310
0.047647
0.000000
0.000000
-0.115603
-0.231844
-0.325079
-0.411339
-0.491761
-0.564578
-0.627687
-0.679225
-0.694345
-0.687417
-0.667908
-0.641883
-0.613165
-0.584098
-0.556069
-0.529840
-0.505783
-0.477410
-0.393700
-0.299718
-0.207148
-0.120540
-0.042727
0.000000
0.000000
0.124893
0.237950
0.330506
0.416468
0.496538
0.568875
0.631374
0.680656
0.694262
0.686453
0.666471
0.640231
0.611458
0.582432
0.554497
0.528391
0.504467
0.471350
0.386768
0.292892
0.200788
0.114859
0.037887
0.000000
0.000000
-0.134236
-0.244156
-0.336068
-0.421762
-0.501509
-0.573388
-0.635296
-0.682155
-0.694282
-0.685608
-0.665157
-0.638700
-0.609865
-0.580870
-0.553021
-0.527028
-0.503228
-0.465596
-0.380207
-0.286455
-0.194814
-0.109548
-0.033388
0.000000
0.000000
0.143087
0.250063
0.341379
0.426830
0.506279
0.577730
0.639080
0.683620
0.694331
0.684827
0.663925
0.637257
0.608360
0.579394
0.551624
0.525737
0.502054
0.460075
0.373910
0.280279
0.189087
0.104460
0.029082
0.000000
0.000000
-0.151547
-0.255704
-0.346448
-0.431665
-0.510827
-0.581868
-0.642684
-0.685010
-0.694367
-0.684072
-0.662740
-0.635871
-0.606916
-0.577978
-0.550284
-0.524499
-0.500929
-0.454786
-0.367876
-0.274360
-0.183596
-0.099581
-0.024951
0.000000
0.003750
0.159541
0.261532
0.351759
0.436669
0.515442
0.585965
0.646144
0.686202
0.694185
0.683095
0.661339
0.634284
0.605287
0.576394
0.548795
0.523128
0.499685
0.449384
0.361727
0.268323
0.177987
0.094586
0.020710
0.000000
-0.016047
-0.167375
-0.268355
-0.358120
-0.442522
-0.520634
-0.590347
-0.649587
-0.687042
-0.693469
-0.681501
-0.659301
-0.632072
-0.603069
-0.574267
-0.546811
-0.521313
-0.498046
-0.444297
-0.355958
-0.262590
-0.172571
-0.089664
-0.016419
0.000000
0.028257
0.175151
0.275124
0.364426
0.448319
0.525774
0.594678
0.652987
0.687866
0.692754
0.679918
0.657278
0.629879
0.600870
0.572158
0.544845
0.519514
0.496422
0.439380
0.350390
0.257056
0.167340
0.084905
0.012268
0.000000
-0.039877
-0.182500
-0.281487
-0.370326
-0.453719
-0.530534
-0.598660
-0.656076
-0.688546
-0.691998
-0.678355
-0.655311
-0.627760
-0.598753
-0.570132
-0.542959
-0.517790
-0.494866
-0.434651
-0.345027
-0.251720
-0.162291
-0.080307
-0.008251
0.000000
0.051059
0.189559
0.287592
0.375983
0.458892
0.535090
0.602466
0.659023
0.689186
0.691263
0.676849
0.653419
0.625723
0.596718
0.568186
0.541147
0.516134
0.493371
0.430125
0.339896
0.246614
0.157459
0.075907
0.004406
0.000000
-0.061771
-0.196325
-0.293445
-0.381409
-0.463855
-0.539462
-0.606121
-0.661854
-0.689806
-0.690564
-0.675410
-0.651609
-0.623774
-0.594771
-0.566322
-0.539412
-0.514548
-0.491941
-0.425636
-0.334806
-0.241561
-0.152690
-0.071578
-0.000639
0.000000
0.072443
0.203098
0.299322
0.386867
0.468855
0.543875
0.609818
0.664728
0.690436
0.689858
0.673953
0.649776
0.621799
0.592797
0.564434
0.537654
0.512942
0.490491
0.420667
0.329158
0.235964
0.147423
0.066815
0.000000
0.000000
-0.081566
-0.209155
-0.304738
-0.392006
-0.473659
-0.548211
-0.613554
-0.667752
-0.691244
-0.689336
-0.672677
-0.648114
-0.619983
-0.590969
-0.562676
-0.536013
-0.511438
-0.489131
-0.415707
-0.323465
-0.230277
-0.142030
-0.061897
0.000000
0.000000
0.090237
0.214939
0.309925
0.396937
0.478276
0.552386
0.617159
0.670678
0.692029
0.688838
0.671451
0.646515
0.618234
0.589207
0.560982
0.534430
0.509988
0.487821
0.410979
0.318031
0.224838
0.136862
0.057174
0.000000
0.000000
-0.098595
-0.220524
-0.314941
-0.401711
-0.482751
-0.556438
-0.620664
-0.673530
-0.692812
-0.688379
-0.670287
-0.644988
-0.616561
-0.587520
-0.559359
-0.532913
-0.508598
-0.486565
-0.406457
-0.312836
-0.219642
-0.131926
-0.052664
0.000000
0.000000
0.106587
0.225867
0.319740
0.406278
0.487033
0.560315
0.624017
0.676259
0.693561
0.687939
0.669171
0.643526
0.614958
0.585904
0.557804
0.531460
0.507267
0.484250
0.401527
0.307429
0.214336
0.126965
0.048208
0.000000
0.000000
-0.114566
-0.231167
-0.324480
-0.410776
-0.491238
-0.564111
-0.627288
-0.678907
-0.694267
-0.687482
-0.668054
-0.642071
-0.613368
-0.584302
-0.556264
-0.530022
-0.505950
-0.478199
-0.394602
-0.300604
-0.207970
-0.121272
-0.043348
0.000000
0.000000
0.123682
0.237146
0.329785
0.415783
0.495896
0.568293
0.630869
0.680469
0.694269
0.686572
0.666650
0.640439
0.611673
0.582642
0.554695
0.528574
0.504633
0.472120
0.387649
0.293759
0.201594
0.115579
0.038499
0.000000
0.000000
-0.133049
-0.243367
-0.335360
-0.421088
-0.500876
-0.572813
-0.634795
-0.681963
-0.694279
-0.685715
-0.665323
-0.638894
-0.610067
-0.581069
-0.553208
-0.527201
-0.503385
-0.466329
-0.381043
-0.287274
-0.195575
-0.110224
-0.033960
0.000000
0.000000
0.141960
0.249311
0.340703
0.426185
0.505672
0.577177
0.638598
0.683434
0.694324
0.684927
0.664082
0.637441
0.608551
0.579582
0.551802
0.525901
0.502203
0.460778
0.374712
0.281065
0.189816
0.105108
0.029630
0.000000
0.000000
-0.150469
-0.254986
-0.345802
-0.431049
-0.510247
-0.581341
-0.642225
-0.684833
-0.694363
-0.684169
-0.662891
-0.636048
-0.607100
-0.578158
-0.550455
-0.524657
-0.501072
-0.455459
-0.368644
-0.275114
-0.184295
-0.100202
-0.025477
0.000000
0.002211
0.158557
0.260672
0.350956
0.435929
0.514783
0.585408
0.645703
0.686091
0.694270
0.683292
0.661593
0.634560
0.605564
0.576660
0.549043
0.523355
0.499890
0.450167
0.362615
0.269197
0.178801
0.095314
0.021331
0.000000
-0.014277
-0.166255
-0.267385
-0.357219
-0.441696
-0.519905
-0.589736
-0.649112
-0.686935
-0.693581
-0.681736
-0.659598
-0.632393
-0.603390
-0.574574
-0.547097
-0.521574
-0.498282
-0.445015
-0.356772
-0.263400
-0.173337
-0.090362
-0.017029
0.000000
0.026534
0.174056
0.274172
0.363540
0.447506
0.525054
0.594072
0.652513
0.687754
0.692857
0.680143
0.657564
0.630189
0.601181
0.572456
0.545123
0.519768
0.496651
0.440074
0.351176
0.257838
0.168079
0.085578
0.012854
0.000000
-0.038238
-0.181464
-0.280590
-0.369495
-0.452959
-0.529864
-0.598100
-0.655642
-0.688452
-0.692105
-0.678576
-0.655589
-0.628059
-0.599051
-0.570418
-0.543225
-0.518033
-0.495085
-0.435318
-0.345783
-0.252473
-0.163002
-0.080956
-0.008817
0.000000
0.049482
0.188564
0.286731
0.375186
0.458163
0.534447
0.601929
0.658607
0.689096
0.691367
0.677061
0.653686
0.626010
0.597005
0.568460
0.541402
0.516367
0.493582
0.430763
0.340619
0.247334
0.158140
0.076528
0.004948
0.000000
-0.060261
-0.195372
-0.292620
-0.380644
-0.463155
-0.538846
-0.605606
-0.661455
-0.689719
-0.690663
-0.675613
-0.651864
-0.624049
-0.595045
-0.566585
-0.539657
-0.514772
-0.492142
-0.426326
-0.335589
-0.242335
-0.153416
-0.072232
-0.001203
0.000000
0.070781
0.202032
0.298390
0.385998
0.468056
0.543167
0.609221
0.664261
0.690333
0.689971
0.674188
0.650072
0.622118
0.593116
0.564740
0.537939
0.513202
0.490725
0.421472
0.330079
0.236881
0.148292
0.067606
0.000000
0.000000
-0.080161
-0.208216
-0.303895
-0.391203
-0.472907
-0.547531
-0.612965
-0.667273
-0.691112
-0.689413
-0.672873
-0.648371
-0.620264
-0.591252
-0.562949
-0.536268
-0.511671
-0.489343
-0.416480
-0.324353
-0.231164
-0.142872
-0.062665
0.000000
0.000000
0.088882
0.214034
0.309114
0.396165
0.477554
0.551733
0.616594
0.670220
0.691906
0.688915
0.671642
0.646764
0.618507
0.589482
0.561247
0.534678
0.510215
0.488026
0.411716
0.318878
0.225687
0.137668
0.057911
0.000000
0.000000
-0.097291
-0.219652
-0.314158
-0.400966
-0.482053
-0.555805
-0.620117
-0.673085
-0.692690
-0.688451
-0.670468
-0.645226
-0.616822
-0.587783
-0.559612
-0.533150
-0.508815
-0.486761
-0.407163
-0.313647
-0.220453
-0.132696
-0.053368
0.000000
0.000000
0.105340
0.225033
0.318991
0.405565
0.486365
0.559710
0.623494
0.675834
0.693444
0.688008
0.669345
0.643754
0.615209
0.586156
0.558046
0.531687
0.507475
0.485195
0.402609
0.308497
0.215334
0.127859
0.048972
0.000000
0.000000
-0.113152
-0.230243
-0.323664
-0.410008
-0.490526
-0.563473
-0.626745
-0.678475
-0.694161
-0.687571
-0.668253
-0.642326
-0.613645
-0.584580
-0.556530
-0.530271
-0.506177
-0.479275
-0.395831
-0.301811
-0.209092
-0.122270
-0.044195
0.000000
0.000000
0.122032
0.236049
0.328803
0.414848
0.495020
0.567499
0.630181
0.680214
0.694277
0.686734
0.666895
0.640722
0.611966
0.582928
0.554965
0.528823
0.504860
0.473171
0.388850
0.294941
0.202694
0.116560
0.039334
0.000000
0.000000
-0.131431
-0.242291
-0.334395
-0.420169
-0.500012
-0.572028
-0.634113
-0.681701
-0.694274
-0.685860
-0.665550
-0.639159
-0.610342
-0.581339
-0.553464
-0.527437
-0.503600
-0.467328
-0.382182
-0.288392
-0.196612
-0.111146
-0.034741
0.000000
0.000000
0.140424
0.248286
0.339781
0.425306
0.504844
0.576424
0.637942
0.683180
0.694316
0.685063
0.664296
0.637691
0.608813
0.579838
0.552044
0.526125
0.502407
0.461737
0.375805
0.282138
0.190811
0.105992
0.030378
0.000000
0.000000
-0.149000
-0.254006
-0.344922
-0.430210
-0.509457
-0.580622
-0.641599
-0.684591
-0.694356
-0.684300
-0.663096
-0.636288
-0.607351
-0.578404
-0.550688
-0.524872
-0.501267
-0.456378
-0.369692
-0.276141
-0.185248
-0.101050
-0.026194
0.000000
0.000113
0.157216
0.259500
0.349861
0.434919
0.513885
0.584647
0.645103
0.685939
0.694387
0.683560
0.661939
0.634936
0.605942
0.577023
0.549381
0.523665
0.500170
0.451235
0.363826
0.270387
0.179911
0.096306
0.022178
0.000000
-0.011863
-0.164728
-0.266061
-0.355991
-0.440571
-0.518912
-0.588903
-0.648464
-0.686788
-0.693733
-0.682056
-0.660002
-0.632830
-0.603827
-0.574992
-0.547487
-0.521931
-0.498604
-0.445994
-0.357882
-0.264505
-0.174382
-0.091313
-0.017859
0.000000
0.024185
0.172563
0.272875
0.362332
0.446397
0.524072
0.593247
0.651866
0.687600
0.692998
0.680449
0.657955
0.630612
0.601604
0.572862
0.545501
0.520114
0.496964
0.441021
0.352248
0.258903
0.169086
0.086494
0.013654
0.000000
-0.036003
-0.180051
-0.279368
-0.368362
-0.451922
-0.528950
-0.597336
-0.655050
-0.688322
-0.692251
-0.678877
-0.655967
-0.628467
-0.599459
-0.570808
-0.543588
-0.518365
-0.495384
-0.436227
-0.346814
-0.253498
-0.163973
-0.081839
-0.009589
0.000000
0.047333
0.187207
0.285557
0.374098
0.457168
0.533571
0.601198
0.658040
0.688973
0.691508
0.677351
0.654049
0.626402
0.597396
0.568834
0.541751
0.516686
0.493869
0.431633
0.341605
0.248316
0.159068
0.077373
0.005687
0.000000
-0.058202
-0.194071
-0.291495
-0.379602
-0.462202
-0.538005
-0.604903
-0.660911
-0.689599
-0.690797
-0.675890
-0.652212
-0.624423
-0.595419
-0.566943
-0.539990
-0.515077
-0.492417
-0.427233
-0.336618
-0.243353
-0.154373
-0.073098
-0.001952
0.000000
0.068610
0.200645
0.297182
0.384873
0.467023
0.542253
0.608453
0.663662
0.690201
0.690118
0.674491
0.650453
0.622529
0.593527
0.565132
0.538304
0.513536
0.491027
0.422507
0.331259
0.238055
0.149400
0.068613
0.000000
0.000000
-0.078361
-0.207012
-0.302814
-0.390174
-0.471942
-0.546656
-0.612209
-0.666657
-0.690943
-0.689512
-0.673124
-0.648700
-0.620625
-0.591616
-0.563299
-0.536595
-0.511971
-0.489614
-0.417477
-0.325498
-0.232309
-0.143958
-0.063656
0.000000
0.000000
0.087136
0.212870
0.308069
0.395172
0.476624
0.550892
0.615868
0.669631
0.691747
0.689016
0.671889
0.647086
0.618859
0.589837
0.561588
0.534996
0.510507
0.488290
0.412666
0.319970
0.226779
0.138707
0.058860
0.000000
0.000000
-0.095610
-0.218529
-0.313149
-0.400005
-0.481152
-0.554990
-0.619411
-0.672511
-0.692532
-0.688543
-0.670702
-0.645533
-0.617158
-0.588122
-0.559938
-0.533455
-0.509095
-0.487013
-0.408072
-0.314691
-0.221497
-0.133688
-0.054274
0.000000
0.000000
0.103734
0.223959
0.318027
0.404647
0.485505
0.558931
0.622820
0.675285
0.693294
0.688097
0.669569
0.644048
0.615531
0.586481
0.558359
0.531979
0.507742
0.485791
0.403671
0.309634
0.216438
0.128883
0.049883
0.000000
0.000000
-0.111510
-0.229156
-0.322694
-0.409089
-0.489668
-0.562700
-0.626080
-0.677938
-0.694020
-0.687667
-0.668483
-0.642624
-0.613971
-0.584908
-0.556846
-0.530565
-0.506447
-0.480521
-0.397256
-0.303215
-0.210400
-0.123439
-0.045192
0.000000
0.000000
0.120148
0.234810
0.327702
0.413808
0.494050
0.566626
0.629433
0.679951
0.694309
0.686937
0.667189
0.641057
0.612310
0.583263
0.555281
0.529114
0.505123
0.474381
0.390235
0.296305
0.203965
0.117696
0.040302
0.000000
0.000000
-0.129564
-0.241051
-0.333283
-0.419111
-0.499019
-0.571126
-0.633329
-0.681401
-0.694268
-0.686028
-0.665811
-0.639463
-0.610659
-0.581650
-0.553757
-0.527708
-0.503846
-0.468474
-0.383488
-0.289673
-0.197800
-0.112202
-0.035635
0.000000
0.000000
0.138662
0.247110
0.338723
0.424296
0.503894
0.575559
0.637187
0.682887
0.694306
0.685218
0.664541
0.637978
0.609112
0.580132
0.552322
0.526382
0.502641
0.462837
0.377060
0.283368
0.191952
0.107006
0.031236
0.000000
0.000000
-0.147315
-0.252882
-0.343912
-0.429247
-0.508552
-0.579798
-0.640881
-0.684315
-0.694349
-0.684450
-0.663333
-0.636564
-0.607638
-0.578686
-0.550954
-0.525118
-0.501492
-0.457431
-0.370894
-0.277321
-0.186342
-0.102022
-0.027017
0.000000
0.000000
0.155602
0.258409
0.348879
0.433984
0.513008
0.583852
0.644413
0.685677
0.694386
0.683712
0.662173
0.635208
0.606225
0.577300
0.549643
0.523907
0.500390
0.452254
0.364988
0.271527
0.180968
0.097246
0.022974
0.000000
-0.009535
-0.163241
-0.264763
-0.354778
-0.439453
-0.517918
-0.588062
-0.647800
-0.686621
-0.693863
-0.682355
-0.660386
-0.633247
-0.604246
-0.575395
-0.547862
-0.522274
-0.498914
-0.446920
-0.358933
-0.265551
-0.175374
-0.092217
-0.018651
0.000000
0.021926
0.171120
0.271616
0.361158
0.445316
0.523112
0.592435
0.651227
0.687441
0.693126
0.680739
0.658327
0.631017
0.602011
0.573252
0.545865
0.520447
0.497264
0.441928
0.353276
0.259924
0.170051
0.087372
0.014419
0.000000
-0.033864
-0.178700
-0.278199
-0.367279
-0.450932
-0.528078
-0.596607
-0.654485
-0.688200
-0.692393
-0.679166
-0.656331
-0.628858
-0.599849
-0.571181
-0.543935
-0.518683
-0.495671
-0.437100
-0.347804
-0.254484
-0.164905
-0.082689
-0.010331
0.000000
0.045268
0.185904
0.284431
0.373054
0.456214
0.532731
0.600496
0.657497
0.688855
0.691644
0.677629
0.654399
0.626778
0.597771
0.569193
0.542085
0.516991
0.494145
0.432468
0.342552
0.249257
0.159959
0.078185
0.006396
0.000000
-0.056226
-0.192823
-0.290415
-0.378601
-0.461286
-0.537198
-0.604229
-0.660388
-0.689485
-0.690926
-0.676155
-0.652546
-0.624783
-0.595779
-0.567287
-0.540310
-0.515369
-0.492681
-0.428033
-0.337524
-0.244255
-0.155227
-0.073875
-0.002631
0.000000
0.066718
0.199450
0.296149
0.383915
0.466147
0.541481
0.607808
0.663162
0.690092
0.690241
0.674745
0.650773
0.622873
0.593871
0.565462
0.538611
0.513816
0.491280
0.423372
0.332240
0.239025
0.150310
0.069433
0.000000
0.000000
-0.076872
-0.206014
-0.301915
-0.389317
-0.471137
-0.545926
-0.611576
-0.666141
-0.690799
-0.689592
-0.673331
-0.648973
-0.620925
-0.591918
-0.563590
-0.536867
-0.512221
-0.489839
-0.418317
-0.326464
-0.233274
-0.144873
-0.064491
0.000000
0.000000
0.085669
0.211892
0.307193
0.394340
0.475845
0.550188
0.615261
0.669138
0.691616
0.689101
0.672098
0.647358
0.619156
0.590136
0.561875
0.535264
0.510752
0.488512
0.413465
0.320888
0.227698
0.139581
0.059659
0.000000
0.000000
-0.094194
-0.217582
-0.312299
-0.399196
-0.480393
-0.554302
-0.618816
-0.672026
-0.692398
-0.688619
-0.670898
-0.645791
-0.617441
-0.588407
-0.560213
-0.533711
-0.509330
-0.487226
-0.408836
-0.315569
-0.222375
-0.134522
-0.055036
0.000000
0.000000
0.102383
0.223057
0.317216
0.403875
0.484781
0.558276
0.622253
0.674824
0.693167
0.688171
0.669758
0.644295
0.615802
0.586754
0.558622
0.532225
0.507967
0.485994
0.404404
0.310477
0.217281
0.129683
0.050615
0.000000
0.000000
-0.110215
-0.228291
-0.321917
-0.408350
-0.488975
-0.562073
-0.625538
-0.677497
-0.693899
-0.687739
-0.668664
-0.642862
-0.614231
-0.585170
-0.557098
-0.530801
-0.506662
-0.481502
-0.398379
-0.304323
-0.211435
-0.124366
-0.045985
0.000000
0.000000
0.118680
0.233852
0.326855
0.413010
0.493311
0.565965
0.628869
0.679762
0.694347
0.687105
0.667427
0.641324
0.612584
0.583529
0.555531
0.529344
0.505332
0.475331
0.391322
0.297376
0.204965
0.118590
0.041065
0.000000
0.000000
-0.128098
-0.240078
-0.332412
-0.418282
-0.498240
-0.570419
-0.632714
-0.681165
-0.694264
-0.686159
-0.666015
-0.639702
-0.610908
-0.581893
-0.553988
-0.527921
-0.504040
-0.469369
-0.384508
-0.290674
-0.198728
-0.113027
-0.036333
0.000000
0.000000
0.137285
0.246190
0.337895
0.423506
0.503150
0.574881
0.636597
0.682658
0.694298
0.685339
0.664732
0.638203
0.609346
0.580362
0.552540
0.526583
0.502824
0.463698
0.378042
0.284331
0.192844
0.107799
0.031907
0.000000
0.000000
-0.145997
-0.252004
-0.343123
-0.428494
-0.507844
-0.579154
-0.640321
-0.684099
-0.694344
-0.684568
-0.663517
-0.636780
-0.607863
-0.578907
-0.551163
-0.525311
-0.501667
-0.458256
-0.371834
-0.278243
-0.187198
-0.102782
-0.027661
0.000000
0.000000
0.154337
0.257566
0.348120
0.433261
0.512327
0.583233
0.643874
0.685469
0.694380
0.683824
0.662350
0.635415
0.606441
0.577511
0.549843
0.524091
0.500558
0.453044
0.365888
0.272411
0.181788
0.097974
0.023590
0.000000
-0.007732
-0.162087
-0.263755
-0.353836
-0.438585
-0.517146
-0.587408
-0.647284
-0.686490
-0.693963
-0.682585
-0.660683
-0.633570
-0.604571
-0.575706
-0.548153
-0.522540
-0.499154
-0.447638
-0.359746
-0.266361
-0.176141
-0.092917
-0.019263
0.000000
0.020175
0.170002
0.270640
0.360248
0.444477
0.522367
0.591806
0.650731
0.687318
0.693225
0.680964
0.658616
0.631330
0.602325
0.573554
0.546146
0.520705
0.497497
0.442632
0.354072
0.260715
0.170798
0.088051
0.015012
0.000000
-0.032208
-0.177654
-0.277294
-0.366440
-0.450164
-0.527402
-0.596043
-0.654048
-0.688106
-0.692503
-0.679390
-0.656612
-0.629161
-0.600152
-0.571471
-0.544205
-0.518929
-0.495893
-0.437776
-0.348571
-0.255247
-0.165628
-0.083347
-0.010906
0.000000
0.043669
0.184894
0.283558
0.372246
0.455475
0.532080
0.599952
0.657076
0.688764
0.691749
0.677844
0.654669
0.627069
0.598062
0.569472
0.542344
0.517228
0.494359
0.433114
0.343285
0.249987
0.160650
0.078813
0.006945
0.000000
-0.054695
-0.191856
-0.289579
-0.377825
-0.460576
-0.536573
-0.603706
-0.659983
-0.689396
-0.691026
-0.676360
-0.652804
-0.625061
-0.596057
-0.567553
-0.540558
-0.515596
-0.492886
-0.428652
-0.338227
-0.244954
-0.155888
-0.074477
-0.003157
0.000000
0.065253
0.198525
0.295348
0.383173
0.465468
0.540883
0.607309
0.662775
0.690007
0.690337
0.674942
0.651021
0.623140
0.594137
0.565717
0.538848
0.514033
0.491475
0.424043
0.333000
0.239776
0.151015
0.070069
0.000000
0.000000
-0.075719
-0.205240
-0.301218
-0.388653
-0.470514
-0.545361
-0.611086
-0.665741
-0.690688
-0.689654
-0.673492
-0.649184
-0.621157
-0.592153
-0.563816
-0.537077
-0.512414
-0.490014
-0.418968
-0.327212
-0.234021
-0.145582
-0.065137
0.000000
0.000000
0.084533
0.211134
0.306514
0.393694
0.475241
0.549642
0.614790
0.668756
0.691515
0.689168
0.672260
0.647569
0.619386
0.590367
0.562098
0.535472
0.510943
0.488684
0.414084
0.321599
0.228410
0.140258
0.060278
0.000000
0.000000
-0.093098
-0.216849
-0.311640
-0.398569
-0.479805
-0.553770
-0.618355
-0.671651
-0.692294
-0.688679
-0.671050
-0.645991
-0.617660
-0.588628
-0.560425
-0.533910
-0.509512
-0.487391
-0.409428
-0.316249
-0.223055
-0.135168
-0.055626
0.000000
0.000000
0.101337
0.222357
0.316588
0.403278
0.484220
0.557768
0.621814
0.674467
0.693069
0.688229
0.669904
0.644487
0.616011
0.586965
0.558825
0.532415
0.508142
0.486152
0.404972
0.311129
0.217934
0.130304
0.051181
0.000000
0.000000
-0.109212
-0.227621
-0.321315
-0.407777
-0.488438
-0.561587
-0.625118
-0.677155
-0.693806
-0.687794
-0.668804
-0.643045
-0.614432
-0.585373
-0.557293
-0.530983
-0.506830
-0.482261
-0.399249
-0.305182
-0.212237
-0.125085
-0.046599
0.000000
0.000000
0.117543
0.233110
0.326198
0.412393
0.492738
0.565452
0.628432
0.679615
0.694375
0.687236
0.667611
0.641531
0.612796
0.583735
0.555724
0.529522
0.505493
0.476066
0.392163
0.298205
0.205739
0.119282
0.041657
0.000000
0.000000
-0.126962
-0.239325
-0.331737
-0.417639
-0.497637
-0.569872
-0.632239
-0.680983
-0.694261
-0.686260
-0.666174
-0.639887
-0.611100
-0.582081
-0.554166
-0.528085
-0.504189
-0.470062
-0.385299
-0.291449
-0.199447
-0.113665
-0.036874
0.000000
0.000000
0.136218
0.245477
0.337254
0.422894
0.502574
0.574357
0.636139
0.682480
0.694291
0.685432
0.664880
0.638377
0.609527
0.580540
0.552708
0.526739
0.502965
0.464365
0.378802
0.285077
0.193536
0.108413
0.032427
0.000000
0.000000
-0.144976
-0.251323
-0.342511
-0.427911
-0.507295
-0.578655
-0.639886
-0.683931
-0.694339
-0.684659
-0.663661
-0.636948
-0.608038
-0.579078
-0.551325
-0.525461
-0.501803
-0.458894
-0.372563
-0.278958
-0.187861
-0.103372
-0.028160
0.000000
0.000000
0.153357
0.256912
0.347533
0.432701
0.511800
0.582754
0.643456
0.685307
0.694375
0.683911
0.662486
0.635575
0.606608
0.577675
0.549998
0.524235
0.500688
0.453655
0.366586
0.273095
0.182422
0.098538
0.024068
0.000000
-0.006334
-0.161194
-0.262975
-0.353107
-0.437913
-0.516548
-0.586902
-0.646884
-0.686389
-0.694041
-0.682764
-0.660914
-0.633821
-0.604822
-0.575948
-0.548378
-0.522747
-0.499341
-0.448193
-0.360376
-0.266989
-0.176736
-0.093459
-0.019738
0.000000
0.018819
0.169135
0.269885
0.359542
0.443828
0.521790
0.591318
0.650347
0.687222
0.693301
0.681138
0.658839
0.631573
0.602569
0.573788
0.546364
0.520904
0.497677
0.443176
0.354688
0.261328
0.171378
0.088578
0.015471
0.000000
-0.030925
-0.176843
-0.276593
-0.365790
-0.449570
-0.526879
-0.595605
-0.653709
-0.688032
-0.692588
-0.679564
-0.656830
-0.629396
-0.600386
-0.571695
-0.544414
-0.519120
-0.496066
-0.438300
-0.349165
-0.255838
-0.166188
-0.083857
-0.011352
0.000000
0.042431
0.184113
0.282882
0.371620
0.454902
0.531576
0.599531
0.656751
0.688693
0.691830
0.678011
0.654879
0.627295
0.598288
0.569687
0.542545
0.517411
0.494524
0.433615
0.343853
0.250552
0.161184
0.079300
0.007370
0.000000
-0.053510
-0.191107
-0.288931
-0.377224
-0.460027
-0.536089
-0.603302
-0.659670
-0.689327
-0.691103
-0.676519
-0.653005
-0.625277
-0.596272
-0.567759
-0.540750
-0.515771
-0.493044
-0.429132
-0.338771
-0.245495
-0.156400
-0.074943
-0.003564
0.000000
0.064118
0.197808
0.294728
0.382598
0.464942
0.540420
0.606921
0.662475
0.689941
0.690411
0.675095
0.651212
0.623347
0.594344
0.565914
0.539032
0.514201
0.491627
0.424562
0.333589
0.240358
0.151561
0.070561
0.000000
0.000000
-0.074826
-0.204641
-0.300679
-0.388139
-0.470031
-0.544923
-0.610706
-0.665431
-0.690602
-0.689702
-0.673617
-0.649348
-0.621336
-0.592334
-0.563990
-0.537241
-0.512563
-0.490149
-0.419472
-0.327791
-0.234600
-0.146131
-0.065638
0.000000
0.000000
0.083652
0.210548
0.305988
0.393195
0.474773
0.549219
0.614425
0.668460
0.691436
0.689219
0.672385
0.647732
0.619564
0.590547
0.562270
0.535633
0.511090
0.488817
0.414563
0.322150
0.228962
0.140782
0.060758
0.000000
0.000000
-0.092249
-0.216282
-0.311130
-0.398083
-0.479350
-0.553358
-0.617998
-0.671360
-0.692214
-0.688725
-0.671168
-0.646145
-0.617830
-0.588799
-0.560590
-0.534064
-0.509653
-0.487518
-0.409887
-0.316775
-0.223582
-0.135669
-0.056083
0.000000
0.000000
0.100526
0.221815
0.316101
0.402814
0.483786
0.557375
0.621474
0.674190
0.692993
0.688273
0.670017
0.644635
0.616174
0.587129
0.558983
0.532562
0.508277
0.486274
0.405411
0.311634
0.218440
0.130784
0.051620
0.000000
0.000000
-0.108435
-0.227102
-0.320849
-0.407333
-0.488023
-0.561211
-0.624792
-0.676890
-0.693733
-0.687837
-0.668913
-0.643187
-0.614588
-0.585530
-0.557444
-0.531124
-0.506959
-0.482850
-0.399923
-0.305847
-0.212858
-0.125641
-0.047075
0.000000
0.000000
0.116662
0.232535
0.325690
0.411914
0.492294
0.565055
0.628093
0.679501
0.694398
0.687336
0.667753
0.641692
0.612960
0.583895
0.555874
0.529660
0.505618
0.476636
0.392815
0.298848
0.206339
0.119819
0.042115
0.000000
0.000000
-0.126083
-0.238741
-0.331214
-0.417141
-0.497170
-0.569448
-0.631870
-0.680842
-0.694258
-0.686339
-0.666296
-0.640030
-0.611249
-0.582228
-0.554304
-0.528213
-0.504305
-0.470599
-0.385911
-0.292049
-0.200004
-0.114160
-0.037293
0.000000
0.000000
0.135391
0.244925
0.336758
0.422420
0.502128
0.573950
0.635785
0.682343
0.694286
0.685505
0.664995
0.638511
0.609668
0.580678
0.552838
0.526859
0.503075
0.464881
0.379391
0.285654
0.194072
0.108888
0.032829
0.000000
0.000000
-0.144186
-0.250796
-0.342038
-0.427459
-0.506870
-0.578269
-0.639549
-0.683802
-0.694336
-0.684730
-0.663771
-0.637077
-0.608173
-0.579210
-0.551450
-0.525576
-0.501908
-0.459389
-0.373127
-0.279511
-0.188375
-0.103828
-0.028546
0.000000
0.000000
0.152598
0.256406
0.347078
0.432267
0.511392
0.582382
0.643133
0.685183
0.694372
0.683979
0.662593
0.635699
0.606737
0.577802
0.550118
0.524345
0.500789
0.454129
0.367126
0.273625
0.182914
0.098975
0.024438
0.000000
-0.005252
-0.160502
-0.262370
-0.352543
-0.437392
-0.516084
-0.586510
-0.646574
-0.686311
-0.694101
-0.682902
-0.661092
-0.634015
-0.605017
-0.576135
-0.548553
-0.522906
-0.499485
-0.448624
-0.360864
-0.267475
-0.177196
-0.093879
-0.020106
0.000000
0.017768
0.168464
0.269299
0.358996
0.443325
0.521343
0.590941
0.650050
0.687147
0.693361
0.681273
0.659012
0.631761
0.602758
0.573969
0.546533
0.521059
0.497817
0.443598
0.355166
0.261803
0.171826
0.088986
0.015827
0.000000
-0.029931
-0.176216
-0.276049
-0.365286
-0.449110
-0.526473
-0.595267
-0.653447
-0.687976
-0.692653
-0.679699
-0.656999
-0.629578
-0.600568
-0.571869
-0.544575
-0.519268
-0.496199
-0.438706
-0.349625
-0.256296
-0.166621
-0.084252
-0.011697
0.000000
0.041471
0.183507
0.282358
0.371134
0.454459
0.531186
0.599205
0.656498
0.688639
0.691894
0.678140
0.655041
0.627469
0.598462
0.569854
0.542700
0.517554
0.494652
0.434003
0.344293
0.250989
0.161598
0.079677
0.007700
0.000000
-0.052591
-0.190527
-0.288429
-0.376759
-0.459601
-0.535714
-0.602988
-0.659427
-0.689274
-0.691163
-0.676643
-0.653160
-0.625444
-0.596439
-0.567919
-0.540899
-0.515907
-0.493167
-0.429504
-0.339192
-0.245915
-0.156797
-0.075304
-0.003880
0.000000
0.063239
0.197253
0.294248
0.382153
0.464535
0.540061
0.606622
0.662242
0.689891
0.690469
0.675213
0.651361
0.623507
0.594504
0.566067
0.539175
0.514331
0.491745
0.424964
0.334045
0.240809
0.151984
0.070942
0.000090
0.000000
-0.074059
-0.204134
-0.300227
-0.387711
-0.469632
-0.544564
-0.610398
-0.665182
-0.690537
-0.689748
-0.673724
-0.649487
-0.621489
-0.592487
-0.564137
-0.537378
-0.512689
-0.490262
-0.419884
-0.328264
-0.235072
-0.146578
-0.066046
0.000000
0.000000
0.082933
0.210068
0.305558
0.392786
0.474390
0.548873
0.614126
0.668218
0.691371
0.689261
0.672487
0.647864
0.619709
0.590693
0.562411
0.535765
0.511211
0.488926
0.414956
0.322602
0.229414
0.141211
0.061150
0.000000
0.000000
-0.091555
-0.215818
-0.310714
-0.397687
-0.478979
-0.553021
-0.617707
-0.671124
-0.692149
-0.688763
-0.671265
-0.646272
-0.617969
-0.588939
-0.560725
-0.534190
-0.509768
-0.487623
-0.410262
-0.317207
-0.224014
-0.136079
-0.056458
0.000000
0.000000
0.099863
0.221372
0.315702
0.402435
0.483431
0.557053
0.621196
0.673963
0.692931
0.688310
0.670110
0.644756
0.616307
0.587264
0.559112
0.532683
0.508387
0.486374
0.405771
0.312048
0.218853
0.131177
0.051979
0.000000
0.000000
-0.107799
-0.226677
-0.320468
-0.406970
-0.487682
-0.560903
-0.624526
-0.676673
-0.693674
-0.687872
-0.669002
-0.643304
-0.614715
-0.585658
-0.557568
-0.531240
-0.507065
-0.483331
-0.400475
-0.306391
-0.213367
-0.126097
-0.047465
0.000000
0.000000
0.115941
0.232064
0.325274
0.411523
0.491931
0.564730
0.627816
0.679328
0.694371
0.687396
0.667860
0.641823
0.613099
0.584032
0.556005
0.529781
0.505729
0.477153
0.393407
0.299430
0.206880
0.120301
0.042525
0.000000
0.000000
-0.125287
-0.238212
-0.330741
-0.416691
-0.496747
-0.569064
-0.631538
-0.680717
-0.694260
-0.686414
-0.666412
-0.640164
-0.611388
-0.582364
-0.554432
-0.528332
-0.504413
-0.471099
-0.386482
-0.292610
-0.200525
-0.114625
-0.037687
0.000000
0.000000
0.134622
0.244413
0.336298
0.421982
0.501715
0.573576
0.635458
0.682217
0.694283
0.685574
0.665103
0.638637
0.609799
0.580806
0.552960
0.526971
0.503177
0.465358
0.379935
0.286188
0.194566
0.109328
0.033201
0.000000
0.000000
-0.143454
-0.250308
-0.341599
-0.427040
-0.506476
-0.577910
-0.639237
-0.683681
-0.694333
-0.684795
-0.663874
-0.637197
-0.608298
-0.579333
-0.551566
-0.525683
-0.502005
-0.459846
-0.373649
-0.280023
-0.188849
-0.104250
-0.028903
0.000000
0.000000
0.151897
0.255938
0.346658
0.431866
0.511015
0.582039
0.642834
0.685067
0.694369
0.684041
0.662691
0.635814
0.606856
0.577919
0.550229
0.524448
0.500882
0.454567
0.367626
0.274115
0.183368
0.099379
0.024780
0.000000
-0.004251
-0.159862
-0.261811
-0.352020
-0.436910
-0.515656
-0.586147
-0.646287
-0.686238
-0.694157
-0.683030
-0.661257
-0.634194
-0.605197
-0.576308
-0.548714
-0.523054
-0.499618
-0.449130
-0.361438
-0.268039
-0.177722
-0.094350
-0.020508
0.000000
0.016623
0.167740
0.268671
0.358413
0.442790
0.520871
0.590545
0.649742
0.687077
0.693433
0.681424
0.659204
0.631968
0.602965
0.574167
0.546718
0.521228
0.497969
0.444063
0.355693
0.262327
0.172322
0.089437
0.016221
0.000000
-0.028818
-0.175508
-0.275434
-0.364714
-0.448584
-0.526008
-0.594875
-0.653141
-0.687903
-0.692720
-0.679844
-0.657185
-0.629778
-0.600769
-0.572061
-0.544755
-0.519432
-0.496347
-0.439155
-0.350134
-0.256802
-0.167099
-0.084686
-0.012077
0.000000
0.040411
0.182837
0.281778
0.370597
0.453967
0.530752
0.598843
0.656217
0.688577
0.691963
0.678283
0.655221
0.627663
0.598655
0.570039
0.542872
0.517711
0.494794
0.434434
0.344781
0.251476
0.162059
0.080096
0.008066
0.000000
-0.051572
-0.189883
-0.287872
-0.376243
-0.459130
-0.535299
-0.602641
-0.659158
-0.689216
-0.691230
-0.676780
-0.653332
-0.625630
-0.596625
-0.568096
-0.541064
-0.516058
-0.493303
-0.429917
-0.339660
-0.246380
-0.157237
-0.075705
-0.004230
0.000000
0.062262
0.196636
0.293714
0.381658
0.464083
0.539663
0.606288
0.661984
0.689834
0.690532
0.675344
0.651526
0.623685
0.594681
0.566237
0.539333
0.514476
0.491875
0.425411
0.334552
0.241310
0.152454
0.071365
0.000455
0.000000
-0.072984
-0.203445
-0.299625
-0.387149
-0.469115
-0.544106
-0.610012
-0.664880
-0.690470
-0.689821
-0.673876
-0.649679
-0.621695
-0.592693
-0.564335
-0.537562
-0.512857
-0.490414
-0.420405
-0.328859
-0.235665
-0.147140
-0.066558
0.000000
0.000000
0.082024
0.209460
0.305012
0.392267
0.473904
0.548433
0.613745
0.667908
0.691286
0.689311
0.672613
0.648030
0.619891
0.590876
0.562587
0.535929
0.511362
0.489063
0.415456
0.323176
0.229988
0.141756
0.061647
0.000000
0.000000
-0.090678
-0.215233
-0.310189
-0.397188
-0.478511
-0.552599
-0.617342
-0.670827
-0.692069
-0.688813
-0.671389
-0.646434
-0.618145
-0.589117
-0.560896
-0.534350
-0.509915
-0.487755
-0.410739
-0.317755
-0.224562
-0.136600
-0.056934
0.000000
0.000000
0.099019
0.220808
0.315196
0.401953
0.482979
0.556644
0.620842
0.673675
0.692852
0.688356
0.670227
0.644911
0.616476
0.587434
0.559276
0.532836
0.508528
0.486501
0.406228
0.312572
0.219378
0.131675
0.052435
0.000000
0.000000
-0.106993
-0.226138
-0.319984
-0.406510
-0.487250
-0.560511
-0.624187
-0.676398
-0.693599
-0.687917
-0.669114
-0.643451
-0.614877
-0.585822
-0.557725
-0.531387
-0.507199
-0.483943
-0.401175
-0.307082
-0.214012
-0.126675
-0.047959
0.000000
0.000000
0.115026
0.231467
0.324746
0.411026
0.491470
0.564318
0.627465
0.679048
0.694302
0.687453
0.667989
0.641988
0.613278
0.584212
0.556177
0.529942
0.505876
0.477849
0.394202
0.300211
0.207605
0.120947
0.043073
0.000000
0.000000
-0.124220
-0.237503
-0.330105
-0.416087
-0.496181
-0.568551
-0.631093
-0.680552
-0.694266
-0.686519
-0.666571
-0.640347
-0.611577
-0.582549
-0.554607
-0.528493
-0.504560
-0.471778
-0.387258
-0.293374
-0.201236
-0.115259
-0.038227
0.000000
0.000000
0.133576
0.243717
0.335674
0.421387
0.501157
0.573068
0.635017
0.682048
0.694280
0.685668
0.665250
0.638808
0.609977
0.580981
0.553125
0.527124
0.503315
0.466004
0.380672
0.286911
0.195237
0.109924
0.033706
0.000000
0.000000
-0.142460
-0.249645
-0.341003
-0.426471
-0.505941
-0.577423
-0.638812
-0.683517
-0.694327
-0.684883
-0.664012
-0.637359
-0.608466
-0.579499
-0.551723
-0.525828
-0.502137
-0.460466
-0.374356
-0.280716
-0.189492
-0.104821
-0.029387
0.000000
0.000000
0.150947
0.255305
0.346089
0.431323
0.510504
0.581575
0.642429
0.684911
0.694365
0.684126
0.662824
0.635969
0.607019
0.578078
0.550379
0.524587
0.501008
0.455160
0.368303
0.274779
0.183985
0.099927
0.025243
0.000000
-0.002894
-0.158994
-0.261053
-0.351312
-0.436257
-0.515075
-0.585655
-0.645899
-0.686140
-0.694232
-0.683204
-0.661480
-0.634437
-0.605441
-0.576542
-0.548933
-0.523254
-0.499799
-0.449820
-0.362221
-0.268809
-0.178440
-0.094991
-0.021055
0.000000
0.015062
0.166752
0.267815
0.357619
0.442063
0.520229
0.590007
0.649323
0.686983
0.693531
0.681632
0.659466
0.632251
0.603248
0.574438
0.546970
0.521459
0.498177
0.444696
0.356411
0.263041
0.172997
0.090052
0.016758
0.000000
-0.027299
-0.174542
-0.274595
-0.363933
-0.447867
-0.525373
-0.594341
-0.652723
-0.687804
-0.692812
-0.680043
-0.657437
-0.630052
-0.601043
-0.572324
-0.545000
-0.519656
-0.496549
-0.439766
-0.350827
-0.257491
-0.167751
-0.085279
-0.012594
0.000000
0.038965
0.181923
0.280988
0.369864
0.453296
0.530161
0.598349
0.655834
0.688494
0.692058
0.678478
0.655465
0.627926
0.598919
0.570291
0.543107
0.517925
0.494988
0.435022
0.345448
0.252139
0.162686
0.080668
0.008566
0.000000
-0.050182
-0.189005
-0.287113
-0.375540
-0.458486
-0.534732
-0.602168
-0.658791
-0.689136
-0.691321
-0.676967
-0.653567
-0.625883
-0.596878
-0.568338
-0.541289
-0.516264
-0.493489
-0.430480
-0.340298
-0.247015
-0.157838
-0.076252
-0.004708
0.000000
0.060931
0.195795
0.292986
0.380984
0.463466
0.539119
0.605834
0.661632
0.689757
0.690619
0.675523
0.651751
0.623927
0.594923
0.566469
0.539548
0.514673
0.492053
0.426020
0.335242
0.241992
0.153094
0.071942
0.000953
0.000000
-0.071519
-0.202505
-0.298804
-0.386383
-0.468411
-0.543481
-0.609486
-0.664468
-0.690379
-0.689921
-0.674084
-0.649940
-0.621977
-0.592975
-0.564604
-0.537812
-0.513086
-0.490621
-0.421115
-0.329670
-0.236474
-0.147906
-0.067255
0.000000
0.000000
0.080784
0.208632
0.304269
0.391559
0.473241
0.547833
0.613227
0.667486
0.691171
0.689379
0.672786
0.648257
0.620140
0.591126
0.562828
0.536154
0.511568
0.489249
0.416137
0.323959
0.230770
0.142498
0.062325
0.000000
0.000000
-0.089483
-0.214436
-0.309474
-0.396508
-0.477874
-0.552023
-0.616845
-0.670423
-0.691960
-0.688881
-0.671557
-0.646654
-0.618386
-0.589360
-0.561129
-0.534568
-0.510114
-0.487935
-0.411389
-0.318502
-0.225310
-0.137311
-0.057584
0.000000
0.000000
0.097869
0.220039
0.314506
0.401296
0.482363
0.556086
0.620359
0.673283
0.692744
0.688419
0.670388
0.645121
0.616706
0.587666
0.559499
0.533045
0.508719
0.486674
0.406850
0.313287
0.220093
0.132354
0.053055
0.000000
0.000000
-0.105893
-0.225403
-0.319323
-0.405881
-0.486661
-0.559978
-0.623726
-0.676023
-0.693496
-0.687978
-0.669268
-0.643653
-0.615098
-0.586044
-0.557939
-0.531586
-0.507382
-0.484776
-0.402129
-0.308023
-0.214891
-0.127462
-0.048633
0.000000
0.000000
0.113779
0.230653
0.324026
0.410349
0.490842
0.563756
0.626986
0.678667
0.694208
0.687532
0.668165
0.642212
0.613522
0.584457
0.556412
0.530161
0.506076
0.478798
0.395285
0.301275
0.208594
0.121827
0.043819
0.000000
0.000000
-0.122764
-0.236536
-0.329239
-0.415263
-0.495409
-0.567851
-0.630487
-0.680327
-0.694273
-0.686662
-0.666787
-0.640596
-0.611836
-0.582801
-0.554845
-0.528713
-0.504759
-0.472705
-0.388317
-0.294416
-0.202206
-0.116124
-0.038963
0.000000
0.000000
0.132149
0.242768
0.334823
0.420577
0.500396
0.572377
0.634416
0.681817
0.694276
0.685796
0.665450
0.639041
0.610220
0.581219
0.553350
0.527332
0.503505
0.466885
0.381676
0.287896
0.196152
0.110737
0.034395
0.000000
0.000000
-0.141106
-0.248741
-0.340190
-0.425696
-0.505211
-0.576758
-0.638233
-0.683292
-0.694320
-0.685002
-0.664201
-0.637580
-0.608697
-0.579725
-0.551937
-0.526026
-0.502317
-0.461311
-0.375320
-0.281662
-0.190369
-0.105600
-0.030046
0.000000
0.000000
0.149652
0.254441
0.345312
0.430582
0.509808
0.580941
0.641877
0.684698
0.694359
0.684241
0.663005
0.636182
0.607240
0.578295
0.550584
0.524776
0.501181
0.455970
0.369227
0.275685
0.184825
0.100674
0.025876
0.000000
-0.001044
-0.157811
-0.260020
-0.350347
-0.435367
-0.514283
-0.584985
-0.645369
-0.686006
-0.694335
-0.683441
-0.661785
-0.634769
-0.605774
-0.576862
-0.549231
-0.523527
-0.500046
-0.450761
-0.363289
-0.269859
-0.179418
-0.095866
-0.021802
0.000000
0.012934
0.165406
0.266649
0.356536
0.441070
0.519353
0.589273
0.648752
0.686853
0.693665
0.681914
0.659823
0.632636
0.603633
0.574807
0.547314
0.521773
0.498461
0.445559
0.357389
0.264015
0.173919
0.090891
0.017491
0.000000
-0.025228
-0.173226
-0.273451
-0.362868
-0.446889
-0.524508
-0.593613
-0.652153
-0.687669
-0.692936
-0.680313
-0.657782
-0.630424
-0.601416
-0.572682
-0.545333
-0.519961
-0.496825
-0.440601
-0.351772
-0.258430
-0.168639
-0.086087
-0.013299
0.000000
0.036995
0.180678
0.279910
0.368865
0.452382
0.529356
0.597675
0.655312
0.688380
0.692187
0.678743
0.655799
0.628286
0.599278
0.570635
0.543427
0.518218
0.495252
0.435824
0.346357
0.253043
0.163542
0.081447
0.009246
0.000000
-0.048286
-0.187809
-0.286078
-0.374581
-0.457609
-0.533960
-0.601522
-0.658292
-0.689027
-0.691445
-0.677222
-0.653888
-0.626228
-0.597222
-0.568668
-0.541596
-0.516544
-0.493742
-0.431247
-0.341168
-0.247880
-0.158656
-0.076998
-0.005359
0.000000
0.059116
0.194648
0.291994
0.380064
0.462625
0.538378
0.605215
0.661152
0.689652
0.690738
0.675767
0.652058
0.624257
0.595253
0.566784
0.539842
0.514941
0.492295
0.426850
0.336183
0.242922
0.153966
0.072728
0.001631
0.000000
-0.069521
-0.201223
-0.297684
-0.385339
-0.467450
-0.542630
-0.608769
-0.663907
-0.690255
-0.690057
-0.674366
-0.650296
-0.622360
-0.593358
-0.564971
-0.538154
-0.513399
-0.490903
-0.422083
-0.330776
-0.237577
-0.148950
-0.068206
0.000000
0.000000
0.079094
0.207504
0.303256
0.390595
0.472337
0.547014
0.612519
0.666910
0.691013
0.689472
0.673022
0.648566
0.620478
0.591467
0.563156
0.536461
0.511849
0.489503
0.417066
0.325026
0.231837
0.143511
0.063248
0.000000
0.000000
-0.087854
-0.213348
-0.308499
-0.395580
-0.477006
-0.551237
-0.616166
-0.669872
-0.691812
-0.688974
-0.671787
-0.646954
-0.618714
-0.589691
-0.561447
-0.534865
-0.510387
-0.488181
-0.412275
-0.319521
-0.226330
-0.138280
-0.058470
0.000000
0.000000
0.096302
0.218991
0.313565
0.400400
0.481523
0.555326
0.619702
0.672747
0.692597
0.688505
0.670606
0.645407
0.617020
0.587982
0.559804
0.533329
0.508980
0.486910
0.407698
0.314261
0.221068
0.133280
0.053901
0.000000
0.000000
-0.104394
-0.224401
-0.318424
-0.405025
-0.485859
-0.559251
-0.623097
-0.675511
-0.693356
-0.688060
-0.669477
-0.643927
-0.615398
-0.586347
-0.558230
-0.531859
-0.507632
-0.485691
-0.403312
-0.309222
-0.216026
-0.128491
-0.049525
0.000000
0.000000
0.112143
0.229580
0.323074
0.409451
0.490007
0.563007
0.626346
0.678154
0.694079
0.687632
0.668395
0.642509
0.613844
0.584780
0.556723
0.530450
0.506341
0.480042
0.396707
0.302673
0.209894
0.122985
0.044804
0.000000
0.000000
-0.120866
-0.235279
-0.328116
-0.414198
-0.494412
-0.566950
-0.629708
-0.680044
-0.694291
-0.686855
-0.667073
-0.640926
-0.612176
-0.583133
-0.555159
-0.529001
-0.505022
-0.473917
-0.389704
-0.295781
-0.203477
-0.117258
-0.039929
0.000000
0.000000
0.130281
0.241527
0.333710
0.419517
0.499400
0.571472
0.633629
0.681516
0.694270
0.685963
0.665711
0.639347
0.610538
0.581530
0.553645
0.527604
0.503752
0.468036
0.382989
0.289184
0.197346
0.111799
0.035293
0.000000
0.000000
-0.139336
-0.247560
-0.339128
-0.424682
-0.504257
-0.575890
-0.637476
-0.682999
-0.694310
-0.685158
-0.664447
-0.637869
-0.608998
-0.580020
-0.552216
-0.526284
-0.502552
-0.462416
-0.376580
-0.282898
-0.191515
-0.106618
-0.030908
0.000000
0.000000
0.147959
0.253312
0.344298
0.429615
0.508898
0.580113
0.641156
0.684420
0.694352
0.684392
0.663242
0.636459
0.607528
0.578578
0.550852
0.525024
0.501406
0.457028
0.370434
0.276869
0.185924
0.101650
0.026702
0.000000
0.000000
-0.156221
-0.258822
-0.349249
-0.434338
-0.513340
-0.584155
-0.644677
-0.685779
-0.694389
-0.683657
-0.662086
-0.635107
-0.606120
-0.577197
-0.549545
-0.523816
-0.500308
-0.451868
-0.364548
-0.271096
-0.180568
-0.096890
-0.022673
0.000000
0.010418
0.163805
0.265255
0.355238
0.439877
0.518296
0.588382
0.648053
0.686685
0.693814
0.682242
0.660241
0.633089
0.604087
0.575242
0.547720
0.522144
0.498796
0.446569
0.358535
0.265155
0.174998
0.091874
0.018351
0.000000
-0.022782
-0.171667
-0.272093
-0.361603
-0.445726
-0.523476
-0.592743
-0.651470
-0.687502
-0.693078
-0.680630
-0.658186
-0.630863
-0.601857
-0.573104
-0.545727
-0.520321
-0.497150
-0.441584
-0.352886
-0.259537
-0.169685
-0.087039
-0.014130
0.000000
0.034675
0.179212
0.278642
0.367689
0.451307
0.528408
0.596884
0.654699
0.688246
0.692339
0.679056
0.656193
0.628710
0.599701
0.571040
0.543804
0.518562
0.495563
0.436769
0.347429
0.254110
0.164552
0.082367
0.010050
0.000000
-0.046051
-0.186397
-0.284857
-0.373450
-0.456575
-0.533049
-0.600762
-0.657703
-0.688900
-0.691592
-0.677523
-0.654266
-0.626635
-0.597629
-0.569057
-0.541958
-0.516875
-0.494040
-0.432151
-0.342193
-0.248900
-0.159622
-0.077877
-0.006127
0.000000
0.056975
0.193296
0.290824
0.378980
0.461633
0.537504
0.604484
0.660586
0.689528
0.690877
0.676054
0.652419
0.624647
0.595642
0.567157
0.540189
0.515258
0.492581
0.427730
0.337181
0.243914
0.154903
0.073581
0.002374
0.000000
-0.067435
-0.199903
-0.296540
-0.384278
-0.466479
-0.541773
-0.608053
-0.663351
-0.690133
-0.690194
-0.674649
-0.650652
-0.622743
-0.593741
-0.565337
-0.538495
-0.513710
-0.491184
-0.423044
-0.331868
-0.238658
-0.149966
-0.069122
0.000000
0.000000
0.077436
0.206392
0.302255
0.389642
0.471442
0.546203
0.611816
0.666337
0.690854
0.689562
0.673253
0.648869
0.620811
0.591804
0.563480
0.536764
0.512126
0.489754
0.417999
0.326098
0.232908
0.144526
0.064175
0.000000
0.000000
-0.086225
-0.212262
-0.307525
-0.394655
-0.476140
-0.550454
-0.615491
-0.669324
-0.691666
-0.689069
-0.672019
-0.647255
-0.619044
-0.590022
-0.561766
-0.535163
-0.510659
-0.488428
-0.413162
-0.320540
-0.227350
-0.139250
-0.059357
0.000000
0.000000
0.094731
0.217941
0.312621
0.399502
0.480681
0.554563
0.619041
0.672210
0.692449
0.688590
0.670824
0.645693
0.617334
0.588299
0.560109
0.533614
0.509241
0.487145
0.408546
0.315236
0.222043
0.134206
0.054747
0.000000
0.000000
-0.102895
-0.223399
-0.317523
-0.404168
-0.485055
-0.558524
-0.622468
-0.674999
-0.693215
-0.688143
-0.669687
-0.644202
-0.615699
-0.586650
-0.558522
-0.532132
-0.507882
-0.485917
-0.404126
-0.310157
-0.216962
-0.129380
-0.050337
0.000000
0.000000
0.110705
0.228619
0.322212
0.408630
0.489238
0.562311
0.625743
0.677664
0.693945
0.687712
0.668596
0.642772
0.614132
0.585071
0.557002
0.530712
0.506581
0.481130
0.397954
0.303903
0.211043
0.124015
0.045684
0.000000
0.000000
-0.119236
-0.234215
-0.327176
-0.413312
-0.493591
-0.566215
-0.629082
-0.679833
-0.694332
-0.687042
-0.667337
-0.641223
-0.612480
-0.583428
-0.555436
-0.529257
-0.505253
-0.474971
-0.390910
-0.296970
-0.204586
-0.118251
-0.040776
0.000000
0.000000
0.128653
0.240447
0.332742
0.418596
0.498535
0.570687
0.632947
0.681254
0.694266
0.686109
0.665938
0.639612
0.610813
0.581801
0.553900
0.527840
0.503967
0.469029
0.384122
0.290295
0.198376
0.112714
0.036068
0.000000
0.000000
-0.137807
-0.246538
-0.338209
-0.423805
-0.503432
-0.575138
-0.636820
-0.682745
-0.694301
-0.685293
-0.664660
-0.638118
-0.609258
-0.580275
-0.552457
-0.526507
-0.502754
-0.463372
-0.377670
-0.283966
-0.192506
-0.107498
-0.031653
0.000000
0.000000
0.146496
0.252337
0.343422
0.428779
0.508112
0.579398
0.640533
0.684181
0.694346
0.684523
0.663447
0.636699
0.607778
0.578823
0.551084
0.525238
0.501601
0.457943
0.371478
0.277894
0.186874
0.102494
0.027417
0.000000
0.000000
-0.154817
-0.257885
-0.348408
-0.433535
-0.512585
-0.583468
-0.644078
-0.685548
-0.694382
-0.683781
-0.662283
-0.635336
-0.606359
-0.577431
-0.549767
-0.524021
-0.500494
-0.452744
-0.365547
-0.272076
-0.181477
-0.097699
-0.023357
0.000000
0.008415
0.162524
0.264137
0.354193
0.438914
0.517438
0.587656
0.647479
0.686540
0.693925
0.682498
0.660571
0.633448
0.604447
0.575588
0.548043
0.522440
0.499063
0.447366
0.359438
0.266054
0.175850
0.092652
0.019031
0.000000
-0.020838
-0.170426
-0.271010
-0.360593
-0.444795
-0.522649
-0.592044
-0.650919
-0.687364
-0.693188
-0.680879
-0.658506
-0.631211
-0.602206
-0.573439
-0.546040
-0.520607
-0.497409
-0.442365
-0.353770
-0.260416
-0.170515
-0.087794
-0.014788
0.000000
0.032836
0.178050
0.277637
0.366758
0.450455
0.527658
0.596257
0.654214
0.688141
0.692461
0.679305
0.656506
0.629046
0.600037
0.571361
0.544103
0.518836
0.495809
0.437520
0.348280
0.254958
0.165354
0.083098
0.010689
0.000000
-0.044275
-0.185277
-0.283889
-0.372552
-0.455755
-0.532327
-0.600158
-0.657236
-0.688799
-0.691709
-0.677763
-0.654567
-0.626959
-0.597952
-0.569366
-0.542246
-0.517138
-0.494278
-0.432869
-0.343007
-0.249710
-0.160388
-0.078575
-0.006737
0.000000
0.055275
0.192222
0.289896
0.378119
0.460845
0.536810
0.603904
0.660137
0.689430
0.690988
0.676282
0.652706
0.624956
0.595951
0.567452
0.540464
0.515510
0.492808
0.428418
0.337961
0.244689
0.155637
0.074249
0.002958
0.000000
-0.065808
-0.198876
-0.295652
-0.383454
-0.465725
-0.541110
-0.607498
-0.662921
-0.690039
-0.690301
-0.674867
-0.650927
-0.623039
-0.594036
-0.565620
-0.538758
-0.513951
-0.491401
-0.423789
-0.332712
-0.239492
-0.150748
-0.069828
0.000000
0.000000
0.076156
0.205533
0.301482
0.388905
0.470750
0.545575
0.611272
0.665892
0.690730
0.689631
0.673431
0.649104
0.621069
0.592064
0.563730
0.536998
0.512341
0.489948
0.418721
0.326928
0.233738
0.145313
0.064892
0.000000
0.000000
-0.084963
-0.211421
-0.306771
-0.393939
-0.475470
-0.549849
-0.614968
-0.668901
-0.691553
-0.689143
-0.672198
-0.647489
-0.619299
-0.590280
-0.562013
-0.535394
-0.510871
-0.488619
-0.413849
-0.321330
-0.228141
-0.140001
-0.060044
0.000000
0.000000
0.093513
0.217127
0.311890
0.398806
0.480028
0.553972
0.618530
0.671793
0.692334
0.688656
0.670993
0.645915
0.617577
0.588544
0.560345
0.533835
0.509443
0.487328
0.409204
0.315991
0.222798
0.134924
0.055403
0.000000
0.000000
-0.101733
-0.222622
-0.316826
-0.403504
-0.484433
-0.557960
-0.621981
-0.674602
-0.693106
-0.688207
-0.669849
-0.644414
-0.615932
-0.586885
-0.558748
-0.532343
-0.508076
-0.486092
-0.404756
-0.310882
-0.217687
-0.130069
-0.050967
0.000000
0.000000
0.109592
0.227875
0.321543
0.407994
0.488642
0.561771
0.625277
0.677284
0.693841
0.687773
0.668751
0.642976
0.614356
0.585296
0.557219
0.530914
0.506766
0.481974
0.398920
0.304856
0.211933
0.124813
0.046367
0.000000
0.000000
-0.117974
-0.233391
-0.326447
-0.412627
-0.492955
-0.565646
-0.628597
-0.679670
-0.694364
-0.687186
-0.667541
-0.641453
-0.612716
-0.583657
-0.555651
-0.529454
-0.505432
-0.475787
-0.391844
-0.297891
-0.205446
-0.119020
-0.041433
0.000000
0.000000
0.127393
0.239610
0.331993
0.417883
0.497866
0.570079
0.632419
0.681052
0.694262
0.686222
0.666114
0.639817
0.611027
0.582010
0.554098
0.528023
0.504133
0.469799
0.384999
0.291155
0.199174
0.113423
0.036669
0.000000
0.000000
-0.136622
-0.245747
-0.337497
-0.423126
-0.502792
-0.574556
-0.636312
-0.682548
-0.694294
-0.685397
-0.664824
-0.638311
-0.609459
-0.580472
-0.552644
-0.526680
-0.502911
-0.464112
-0.378514
-0.284794
-0.193274
-0.108180
-0.032230
0.000000
0.000000
0.145363
0.251581
0.342743
0.428132
0.507503
0.578844
0.640051
0.683995
0.694341
0.684625
0.663606
0.636884
0.607972
0.579013
0.551264
0.525404
0.501751
0.458652
0.372287
0.278687
0.187610
0.103148
0.027971
0.000000
0.000000
-0.153729
-0.257160
-0.347756
-0.432913
-0.512000
-0.582936
-0.643615
-0.685369
-0.694377
-0.683878
-0.662435
-0.635514
-0.606544
-0.577613
-0.549939
-0.524180
-0.500639
-0.453423
-0.366322
-0.272835
-0.182182
-0.098325
-0.023887
0.000000
0.006864
0.161532
0.263270
0.353384
0.438167
0.516774
0.587094
0.647035
0.686427
0.694012
0.682696
0.660826
0.633726
0.604727
0.575856
0.548293
0.522668
0.499270
0.447983
0.360137
0.266751
0.176510
0.093254
0.019558
0.000000
-0.019333
-0.169464
-0.270171
-0.359810
-0.444074
-0.522009
-0.591503
-0.650493
-0.687258
-0.693272
-0.681072
-0.658754
-0.631481
-0.602477
-0.573699
-0.546282
-0.520829
-0.497609
-0.442970
-0.354455
-0.261096
-0.171158
-0.088378
-0.015297
0.000000
0.031411
0.177151
0.276858
0.366036
0.449795
0.527077
0.595771
0.653838
0.688060
0.692555
0.679498
0.656748
0.629307
0.600298
0.571610
0.544335
0.519047
0.496000
0.438101
0.348940
0.255614
0.165976
0.083664
0.011183
0.000000
-0.042900
-0.184409
-0.283138
-0.371857
-0.455119
-0.531767
-0.599691
-0.656874
-0.688720
-0.691800
-0.677948
-0.654799
-0.627209
-0.598202
-0.569606
-0.542469
-0.517342
-0.494461
-0.433425
-0.343637
-0.250337
-0.160982
-0.079115
-0.007209
0.000000
0.053959
0.191391
0.289176
0.377452
0.460235
0.536273
0.603455
0.659788
0.689353
0.691074
0.676459
0.652929
0.625195
0.596191
0.567681
0.540677
0.515705
0.492984
0.428951
0.338565
0.245290
0.156206
0.074767
0.003410
0.000000
-0.064548
-0.198080
-0.294963
-0.382816
-0.465142
-0.540595
-0.607068
-0.662588
-0.689966
-0.690383
-0.675037
-0.651140
-0.623269
-0.594266
-0.565839
-0.538962
-0.514137
-0.491570
-0.424365
-0.333366
-0.240138
-0.151354
-0.070374
0.000000
0.000000
0.075165
0.204868
0.300883
0.388334
0.470214
0.545089
0.610850
0.665548
0.690634
0.689684
0.673569
0.649286
0.621268
0.592265
0.563924
0.537179
0.512507
0.490098
0.419281
0.327572
0.234381
0.145923
0.065448
0.000000
0.000000
-0.083986
-0.210770
-0.306187
-0.393384
-0.474950
-0.549379
-0.614563
-0.668572
-0.691466
-0.689200
-0.672337
-0.647670
-0.619497
-0.590479
-0.562205
-0.535572
-0.511034
-0.488767
-0.414381
-0.321941
-0.228753
-0.140583
-0.060576
0.000000
0.000000
0.092571
0.216497
0.311324
0.398267
0.479523
0.553514
0.618133
0.671470
0.692244
0.688707
0.671123
0.646087
0.617765
0.588734
0.560528
0.534006
0.509599
0.487470
0.409713
0.316576
0.223383
0.135479
0.055910
0.000000
0.000000
-0.100834
-0.222021
-0.316285
-0.402990
-0.483951
-0.557524
-0.621603
-0.674295
-0.693022
-0.688257
-0.669974
-0.644579
-0.616112
-0.587067
-0.558923
-0.532507
-0.508226
-0.486228
-0.405245
-0.311443
-0.218248
-0.130602
-0.051454
0.000000
0.000000
0.108729
0.227299
0.321026
0.407502
0.488180
0.561353
0.624916
0.676990
0.693761
0.687821
0.668872
0.643134
0.614529
0.585470
0.557387
0.531071
0.506910
0.482627
0.399668
0.305595
0.212623
0.125430
0.046895
0.000000
0.000000
-0.116996
-0.232753
-0.325882
-0.412095
-0.492462
-0.565206
-0.628222
-0.679544
-0.694389
-0.687298
-0.667699
-0.641631
-0.612898
-0.583834
-0.555817
-0.529607
-0.505571
-0.476420
-0.392568
-0.298605
-0.206111
-0.119616
-0.041941
0.000000
0.000000
0.126416
0.238962
0.331412
0.417330
0.497347
0.569608
0.632010
0.680895
0.694259
0.686309
0.666250
0.639976
0.611192
0.582172
0.554252
0.528165
0.504262
0.470396
0.385679
0.291822
0.199793
0.113973
0.037134
0.000000
0.000000
-0.135705
-0.245134
-0.336946
-0.422600
-0.502297
-0.574104
-0.635919
-0.682395
-0.694288
-0.685478
-0.664952
-0.638460
-0.609615
-0.580625
-0.552789
-0.526813
-0.503033
-0.464685
-0.379168
-0.285435
-0.193869
-0.108708
-0.032677
0.000000
0.000000
0.144485
0.250996
0.342217
0.427630
0.507031
0.578415
0.639677
0.683851
0.694337
0.684703
0.663729
0.637028
0.608122
0.579160
0.551403
0.525532
0.501868
0.459202
0.372913
0.279302
0.188180
0.103655
0.028400
0.000000
0.000000
-0.152886
-0.256598
-0.347251
-0.432431
-0.511547
-0.582523
-0.643255
-0.685230
-0.694373
-0.683953
-0.662552
-0.635652
-0.606688
-0.577754
-0.550073
-0.524303
-0.500751
-0.453949
-0.366921
-0.273424
-0.182727
-0.098809
-0.024297
0.000000
0.005662
0.160764
0.262599
0.352757
0.437589
0.516260
0.586658
0.646691
0.686340
0.694078
0.682850
0.661024
0.633941
0.604943
0.576064
0.548486
0.522846
0.499430
0.448461
0.360679
0.267291
0.177022
0.093720
0.019966
0.000000
-0.018166
-0.168719
-0.269521
-0.359203
-0.443515
-0.521512
-0.591084
-0.650163
-0.687176
-0.693338
-0.681222
-0.658947
-0.631690
-0.602686
-0.573900
-0.546469
-0.521001
-0.497764
-0.443439
-0.354985
-0.261623
-0.171656
-0.088831
-0.015692
0.000000
0.030308
0.176453
0.276255
0.365477
0.449284
0.526627
0.595395
0.653546
0.687997
0.692628
0.679648
0.656935
0.629509
0.600499
0.571803
0.544514
0.519212
0.496148
0.438552
0.349451
0.256123
0.166457
0.084102
0.011566
0.000000
-0.041835
-0.183736
-0.282557
-0.371318
-0.454627
-0.531334
-0.599329
-0.656594
-0.688659
-0.691870
-0.678091
-0.654980
-0.627403
-0.598396
-0.569791
-0.542641
-0.517500
-0.494604
-0.433856
-0.344126
-0.250823
-0.161442
-0.079534
-0.007575
0.000000
0.052939
0.190747
0.288619
0.376935
0.459763
0.535856
0.603107
0.659519
0.689294
0.691140
0.676596
0.653101
0.625381
0.596376
0.567858
0.540842
0.515856
0.493120
0.429363
0.339032
0.245756
0.156646
0.075167
0.003760
0.000000
-0.063572
-0.197463
-0.294430
-0.382322
-0.464689
-0.540197
-0.606735
-0.662330
-0.689910
-0.690447
-0.675168
-0.651305
-0.623446
-0.594443
-0.566009
-0.539121
-0.514282
-0.491700
-0.424812
-0.333872
-0.240638
-0.151824
-0.070797
0.000000
0.000000
0.074396
0.204353
0.300419
0.387892
0.469799
0.544712
0.610524
0.665282
0.690560
0.689726
0.673676
0.649427
0.621423
0.592421
0.564074
0.537319
0.512635
0.490214
0.419715
0.328070
0.234879
0.146395
0.065879
0.000000
0.000000
-0.083229
-0.210265
-0.305735
-0.392954
-0.474548
-0.549016
-0.614250
-0.668318
-0.691398
-0.689244
-0.672445
-0.647810
-0.619650
-0.590633
-0.562353
-0.535711
-0.511161
-0.488881
-0.414793
-0.322415
-0.229227
-0.141034
-0.060988
0.000000
0.000000
0.091840
0.216008
0.310885
0.397849
0.479131
0.553159
0.617827
0.671220
0.692175
0.688747
0.671225
0.646220
0.617911
0.588882
0.560669
0.534138
0.509721
0.487580
0.410107
0.317029
0.223836
0.135910
0.056303
0.000000
0.000000
-0.100137
-0.221555
-0.315867
-0.402592
-0.483577
-0.557186
-0.621311
-0.674057
-0.692957
-0.688295
-0.670072
-0.644706
-0.616252
-0.587208
-0.559059
-0.532633
-0.508342
-0.486333
-0.405623
-0.311878
-0.218683
-0.131015
-0.051831
0.000000
0.000000
0.108061
0.226852
0.320625
0.407120
0.487823
0.561030
0.624636
0.676763
0.693699
0.687858
0.668965
0.643256
0.614663
0.585605
0.557517
0.531192
0.507021
0.483133
0.400248
0.306167
0.213157
0.125909
0.047304
0.000000
0.000000
-0.116238
-0.232258
-0.325445
-0.411684
-0.492080
-0.564864
-0.627931
-0.679419
-0.694393
-0.687377
-0.667818
-0.641769
-0.613041
-0.583974
-0.555949
-0.529729
-0.505681
-0.476927
-0.393149
-0.299176
-0.206644
-0.120092
-0.042347
0.000000
0.000000
0.125634
0.238443
0.330947
0.416887
0.496932
0.569231
0.631682
0.680771
0.694258
0.686380
0.666361
0.640104
0.611326
0.582303
0.554376
0.528279
0.504366
0.470878
0.386229
0.292362
0.200294
0.114419
0.037512
0.000000
0.000000
-0.134962
-0.244639
-0.336501
-0.422175
-0.501897
-0.573741
-0.635602
-0.682272
-0.694284
-0.685543
-0.665055
-0.638581
-0.609741
-0.580749
-0.552906
-0.526922
-0.503132
-0.465148
-0.379695
-0.285953
-0.194348
-0.109134
-0.033037
0.000000
0.000000
0.143776
0.250523
0.341792
0.427225
0.506650
0.578068
0.639375
0.683734
0.694334
0.684766
0.663829
0.637144
0.608243
0.579279
0.551515
0.525636
0.501962
0.459645
0.373419
0.279798
0.188640
0.104064
0.028746
0.000000
0.000000
-0.152206
-0.256144
-0.346843
-0.432042
-0.511181
-0.582190
-0.642965
-0.685118
-0.694370
-0.684014
-0.662647
-0.635763
-0.606804
-0.577868
-0.550180
-0.524403
-0.500841
-0.454374
-0.367405
-0.273899
-0.183168
-0.099201
-0.024629
0.000000
0.004692
0.160144
0.262058
0.352250
0.437122
0.515845
0.586307
0.646413
0.686270
0.694132
0.682974
0.661184
0.634115
0.605118
0.576232
0.548643
0.522989
0.499560
0.448905
0.361183
0.267789
0.177489
0.094141
0.020330
0.000000
-0.017130
-0.168060
-0.268949
-0.358671
-0.443027
-0.521080
-0.590720
-0.649878
-0.687108
-0.693401
-0.681357
-0.659119
-0.631876
-0.602873
-0.574079
-0.546636
-0.521153
-0.497902
-0.443857
-0.355459
-0.262095
-0.172102
-0.089237
-0.016046
0.000000
0.029311
0.175821
0.275707
0.364968
0.448817
0.526214
0.595049
0.653277
0.687935
0.692691
0.679780
0.657103
0.629689
0.600680
0.571976
0.544675
0.519359
0.496282
0.438956
0.349909
0.256578
0.166887
0.084494
0.011908
0.000000
-0.040880
-0.183134
-0.282035
-0.370835
-0.454185
-0.530944
-0.599003
-0.656342
-0.688605
-0.691932
-0.678220
-0.655141
-0.627577
-0.598570
-0.569957
-0.542796
-0.517641
-0.494731
-0.434243
-0.344565
-0.251260
-0.161855
-0.079911
-0.007904
0.000000
0.052023
0.190168
0.288119
0.376472
0.459339
0.535483
0.602795
0.659277
0.689242
0.691200
0.676719
0.653256
0.625547
0.596543
0.568018
0.540991
0.515991
0.493242
0.429734
0.339453
0.246174
0.157042
0.075528
0.004075
0.000000
-0.062695
-0.196909
-0.293950
-0.381877
-0.464283
-0.539839
-0.606436
-0.662099
-0.689859
-0.690504
-0.675286
-0.651453
-0.623606
-0.594603
-0.566162
-0.539263
-0.514412
-0.491817
-0.425213
-0.334327
-0.241088
-0.152246
-0.071178
-0.000293
0.000000
0.073460
0.203750
0.299892
0.387398
0.469344
0.544309
0.610183
0.665014
0.690500
0.689788
0.673809
0.649594
0.621604
0.592602
0.564247
0.537480
0.512783
0.490347
0.420174
0.328595
0.235403
0.146891
0.066331
0.000000
0.000000
-0.082427
-0.209730
-0.305254
-0.392497
-0.474119
-0.548628
-0.613914
-0.668045
-0.691324
-0.689289
-0.672557
-0.647957
-0.619811
-0.590795
-0.562509
-0.535856
-0.511295
-0.489002
-0.415234
-0.322921
-0.229733
-0.141514
-0.061427
0.000000
0.000000
0.091067
0.215492
0.310422
0.397409
0.478718
0.552786
0.617504
0.670959
0.692105
0.688791
0.671334
0.646362
0.618067
0.589039
0.560820
0.534279
0.509850
0.487696
0.410528
0.317512
0.224319
0.136369
0.056723
0.000000
0.000000
-0.099393
-0.221058
-0.315420
-0.402167
-0.483179
-0.556825
-0.620999
-0.673803
-0.692887
-0.688336
-0.670175
-0.644842
-0.616401
-0.587358
-0.559203
-0.532768
-0.508465
-0.486445
-0.406025
-0.312340
-0.219145
-0.131454
-0.052233
0.000000
0.000000
0.107350
0.226377
0.320198
0.406714
0.487442
0.560685
0.624337
0.676520
0.693632
0.687897
0.669065
0.643386
0.614805
0.585749
0.557655
0.531322
0.507140
0.483672
0.400865
0.306776
0.213726
0.126419
0.047740
0.000000
0.000000
-0.115431
-0.231731
-0.324980
-0.411246
-0.491674
-0.564501
-0.627621
-0.679172
-0.694332
-0.687428
-0.667932
-0.641914
-0.613199
-0.584132
-0.556101
-0.529870
-0.505811
-0.477541
-0.393850
-0.299865
-0.207284
-0.120661
-0.042830
0.000000
0.000000
0.124693
0.237817
0.330387
0.416354
0.496432
0.568779
0.631290
0.680625
0.694263
0.686473
0.666500
0.640266
0.611493
0.582467
0.554530
0.528421
0.504495
0.471477
0.386914
0.293036
0.200921
0.114978
0.037988
0.000000
0.000000
-0.134039
-0.244025
-0.335950
-0.421651
-0.501404
-0.573293
-0.635213
-0.682123
-0.694282
-0.685626
-0.665185
-0.638732
-0.609898
-0.580903
-0.553052
-0.527056
-0.503254
-0.465718
-0.380345
-0.286590
-0.194940
-0.109660
-0.033483
0.000000
0.000000
0.142900
0.249939
0.341267
0.426723
0.506178
0.577639
0.639000
0.683589
0.694330
0.684844
0.663951
0.637287
0.608392
0.579425
0.551653
0.525764
0.502079
0.460191
0.374042
0.280409
0.189207
0.104568
0.029173
0.000000
0.000000
-0.151368
-0.255585
-0.346341
-0.431563
-0.510731
-0.581781
-0.642608
-0.684980
-0.694366
-0.684088
-0.662765
-0.635901
-0.606947
-0.578008
-0.550313
-0.524525
-0.500952
-0.454897
-0.368003
-0.274485
-0.183712
-0.099684
-0.025038
0.000000
0.003495
0.159378
0.261389
0.351626
0.436547
0.515332
0.585873
0.646071
0.686183
0.694199
0.683127
0.661381
0.634329
0.605333
0.576438
0.548836
0.523166
0.499719
0.449514
0.361874
0.268468
0.178122
0.094707
0.020813
0.000000
-0.015754
-0.167190
-0.268194
-0.357971
-0.442385
-0.520513
-0.590245
-0.649509
-0.687025
-0.693488
-0.681540
-0.659350
-0.632125
-0.603122
-0.574318
-0.546859
-0.521356
-0.498085
-0.444415
-0.356093
-0.262725
-0.172698
-0.089779
-0.016520
0.000000
0.027972
0.174970
0.274967
0.364279
0.448185
0.525654
0.594578
0.652908
0.687848
0.692771
0.679955
0.657325
0.629930
0.600922
0.572208
0.544891
0.519556
0.496460
0.439495
0.350520
0.257185
0.167462
0.085017
0.012365
0.000000
-0.039606
-0.182328
-0.281338
-0.370189
-0.453593
-0.530423
-0.598568
-0.656004
-0.688531
-0.692016
-0.678392
-0.655357
-0.627810
-0.598802
-0.570179
-0.543003
-0.517830
-0.494902
-0.434762
-0.345153
-0.251845
-0.162408
-0.080415
-0.008344
0.000000
0.050797
0.189394
0.287449
0.375851
0.458771
0.534983
0.602377
0.658954
0.689171
0.691280
0.676884
0.653463
0.625771
0.596766
0.568231
0.541189
0.516173
0.493406
0.430230
0.340015
0.246734
0.157572
0.076010
0.004496
0.000000
-0.061521
-0.196167
-0.293309
-0.381283
-0.463739
-0.539360
-0.606035
-0.661788
-0.689791
-0.690581
-0.675444
-0.651651
-0.623820
-0.594816
-0.566366
-0.539453
-0.514585
-0.491974
-0.425750
-0.334936
-0.241690
-0.152810
-0.071686
-0.000732
0.000000
0.072168
0.202921
0.299167
0.386723
0.468723
0.543758
0.609719
0.664651
0.690419
0.689877
0.673992
0.649825
0.621852
0.592850
0.564485
0.537701
0.512985
0.490529
0.420800
0.329311
0.236116
0.147567
0.066946
0.000000
0.000000
-0.081334
-0.208999
-0.304598
-0.391873
-0.473535
-0.548098
-0.613456
-0.667673
-0.691222
-0.689349
-0.672710
-0.648157
-0.620030
-0.591016
-0.562721
-0.536055
-0.511476
-0.489166
-0.415835
-0.323612
-0.230423
-0.142169
-0.062024
0.000000
0.000000
0.090013
0.214789
0.309791
0.396809
0.478157
0.552278
0.617065
0.670602
0.692009
0.688851
0.671482
0.646556
0.618279
0.589252
0.561026
0.534471
0.510026
0.487855
0.411101
0.318171
0.224979
0.136996
0.057296
0.000000
0.000000
-0.098379
-0.220380
-0.314812
-0.401587
-0.482636
-0.556333
-0.620573
-0.673457
-0.692792
-0.688391
-0.670317
-0.645027
-0.616604
-0.587563
-0.559400
-0.532952
-0.508634
-0.486597
-0.406574
-0.312970
-0.219776
-0.132053
-0.052780
0.000000
0.000000
0.106380
0.225729
0.319616
0.406160
0.486922
0.560214
0.623931
0.676189
0.693541
0.687951
0.669200
0.643564
0.615000
0.585945
0.557844
0.531498
0.507301
0.484406
0.401706
0.307606
0.214502
0.127113
0.048334
0.000000
0.000000
-0.114332
-0.231014
-0.324345
-0.410649
-0.491120
-0.564005
-0.627198
-0.678836
-0.694250
-0.687497
-0.668087
-0.642113
-0.613414
-0.584348
-0.556308
-0.530064
-0.505987
-0.478378
-0.394805
-0.300804
-0.208156
-0.121437
-0.043488
0.000000
0.000000
0.123409
0.236964
0.329623
0.415628
0.495751
0.568161
0.630755
0.680427
0.694270
0.686599
0.666691
0.640486
0.611721
0.582689
0.554740
0.528615
0.504671
0.472294
0.387848
0.293955
0.201776
0.115741
0.038637
0.000000
0.000000
-0.132781
-0.243189
-0.335200
-0.420936
-0.500733
-0.572683
-0.634682
-0.681920
-0.694278
-0.685739
-0.665361
-0.638938
-0.610112
-0.581113
-0.553250
-0.527240
-0.503421
-0.466495
-0.381231
-0.287460
-0.195746
-0.110377
-0.034090
0.000000
0.000000
0.141706
0.249141
0.340550
0.426040
0.505534
0.577053
0.638490
0.683392
0.694323
0.684949
0.664117
0.637482
0.608595
0.579624
0.551842
0.525938
0.502237
0.460937
0.374893
0.281243
0.189981
0.105255
0.029754
0.000000
0.000000
-0.150226
-0.254824
-0.345656
-0.430910
-0.510116
-0.581222
-0.642122
-0.684793
-0.694361
-0.684190
-0.662925
-0.636088
-0.607142
-0.578199
-0.550494
-0.524692
-0.501104
-0.455611
-0.368818
-0.275284
-0.184453
-0.100343
-0.025596
0.000000
0.001864
0.158335
0.260478
0.350775
0.435762
0.514634
0.585282
0.645604
0.686065
0.694289
0.683336
0.661650
0.634622
0.605627
0.576720
0.549099
0.523406
0.499937
0.450344
0.362815
0.269394
0.178985
0.095478
0.021471
0.000000
-0.013877
-0.166002
-0.267165
-0.357015
-0.441510
-0.519741
-0.589598
-0.649005
-0.686911
-0.693606
-0.681789
-0.659665
-0.632465
-0.603462
-0.574643
-0.547162
-0.521633
-0.498335
-0.445177
-0.356956
-0.263583
-0.173510
-0.090519
-0.017166
0.000000
0.026145
0.173809
0.273958
0.363340
0.447322
0.524891
0.593936
0.652406
0.687728
0.692881
0.680193
0.657629
0.630259
0.601251
0.572523
0.545185
0.519826
0.496703
0.440231
0.351353
0.258014
0.168245
0.085729
0.012987
0.000000
-0.037868
-0.181230
-0.280388
-0.369307
-0.452787
-0.529713
-0.597974
-0.655544
-0.688430
-0.692129
-0.678626
-0.655651
-0.628127
-0.599119
-0.570482
-0.543285
-0.518088
-0.495135
-0.435469
-0.345954
-0.252643
-0.163163
-0.081102
-0.008945
0.000000
0.049126
0.188339
0.286536
0.375006
0.457998
0.534302
0.601808
0.658513
0.689076
0.691390
0.677109
0.653746
0.626075
0.597070
0.568522
0.541460
0.516420
0.493630
0.430907
0.340782
0.247497
0.158294
0.076668
0.005071
0.000000
-0.059920
-0.195156
-0.292434
-0.380472
-0.462997
-0.538706
-0.605489
-0.661365
-0.689699
-0.690685
-0.675659
-0.651922
-0.624111
-0.595107
-0.566644
-0.539712
-0.514822
-0.492188
-0.426482
-0.335766
-0.242510
-0.153580
-0.072380
-0.001330
0.000000
0.070406
0.201791
0.298180
0.385802
0.467876
0.543007
0.609087
0.664156
0.690310
0.689997
0.674241
0.650139
0.622190
0.593188
0.564809
0.538003
0.513260
0.490778
0.421654
0.330286
0.237088
0.148488
0.067785
0.000000
0.000000
-0.079843
-0.208004
-0.303705
-0.391022
-0.472737
-0.547377
-0.612832
-0.667165
-0.691083
-0.689431
-0.672917
-0.648429
-0.620328
-0.591316
-0.563011
-0.536325
-0.511724
-0.489390
-0.416654
-0.324553
-0.231364
-0.143062
-0.062839
0.000000
0.000000
0.088576
0.213830
0.308931
0.395991
0.477391
0.551585
0.616467
0.670116
0.691878
0.688933
0.671685
0.646821
0.618569
0.589544
0.561307
0.534733
0.510266
0.488072
0.411883
0.319069
0.225878
0.137850
0.058077
0.000000
0.000000
-0.096996
-0.219456
-0.313982
-0.400797
-0.481895
-0.555663
-0.619993
-0.672985
-0.692662
-0.688467
-0.670509
-0.645280
-0.616881
-0.587842
-0.559669
-0.533203
-0.508864
-0.486805
-0.407322
-0.313830
-0.220636
-0.132870
-0.053526
0.000000
0.000000
0.105058
0.224845
0.318822
0.405404
0.486214
0.559573
0.623376
0.675738
0.693418
0.688024
0.669384
0.643805
0.615265
0.586213
0.558101
0.531738
0.507522
0.485408
0.402854
0.308738
0.215559
0.128060
0.049144
0.000000
0.000000
-0.112832
-0.230035
-0.323480
-0.409835
-0.490365
-0.563330
-0.626623
-0.678377
-0.694137
-0.687591
-0.668298
-0.642383
-0.613707
-0.584642
-0.556590
-0.530327
-0.506228
-0.479518
-0.396108
-0.302083
-0.209345
-0.122495
-0.044386
0.000000
0.000000
0.121660
0.235802
0.328581
0.414637
0.494822
0.567320
0.630026
0.680156
0.694279
0.686771
0.666951
0.640786
0.612032
0.582993
0.555026
0.528879
0.504911
0.473408
0.389121
0.295207
0.202942
0.116781
0.039522
0.000000
0.000000
-0.131066
-0.242048
-0.334177
-0.419961
-0.499818
-0.571851
-0.633959
-0.681642
-0.694273
-0.685893
-0.665601
-0.639219
-0.610405
-0.581400
-0.553521
-0.527490
-0.503648
-0.467554
-0.382439
-0.288645
-0.196846
-0.111354
-0.034917
0.000000
0.000000
0.140077
0.248054
0.339573
0.425107
0.504657
0.576254
0.637793
0.683122
0.694314
0.685093
0.664344
0.637748
0.608872
0.579896
0.552099
0.526176
0.502453
0.461953
0.376052
0.282380
0.191035
0.106191
0.030547
0.000000
0.000000
-0.148668
-0.253785
-0.344723
-0.430020
-0.509279
-0.580460
-0.641458
-0.684537
-0.694355
-0.684329
-0.663143
-0.636343
-0.607407
-0.578460
-0.550740
-0.524920
-0.501312
-0.456585
-0.369928
-0.276373
-0.185464
-0.101241
-0.026356
0.000000
0.000000
0.156901
0.259275
0.349657
0.434727
0.513706
0.584488
0.644967
0.685891
0.694392
0.683596
0.661991
0.634996
0.606004
0.577083
0.549438
0.523717
0.500217
0.451444
0.364063
0.270621
0.180127
0.096499
0.022341
0.000000
-0.011388
-0.164425
-0.265797
-0.355744
-0.440344
-0.518711
-0.588733
-0.648331
-0.686755
-0.693760
-0.682118
-0.660081
-0.632915
-0.603912
-0.575075
-0.547563
-0.522001
-0.498667
-0.446184
-0.358097
-0.264719
-0.174585
-0.091498
-0.018022
0.000000
0.023724
0.172269
0.272618
0.362093
0.446177
0.523876
0.593082
0.651737
0.687568
0.693025
0.680509
0.658031
0.630695
0.601687
0.572942
0.545576
0.520182
0.497025
0.441206
0.352458
0.259112
0.169283
0.086674
0.013811
0.000000
-0.035565
-0.179775
-0.279129
-0.368140
-0.451719
-0.528772
-0.597187
-0.654934
-0.688297
-0.692280
-0.678936
-0.656041
-0.628547
-0.599538
-0.570884
-0.543659
-0.518430
-0.495443
-0.436406
-0.347016
-0.253700
-0.164163
-0.082013
-0.009741
0.000000
0.046911
0.186940
0.285327
0.373885
0.456973
0.533399
0.601054
0.657929
0.688949
0.691536
0.677407
0.654121
0.626479
0.597473
0.568908
0.541819
0.516748
0.493926
0.431804
0.341799
0.248508
0.159251
0.077539
0.005832
0.000000
-0.057798
-0.193816
-0.291274
-0.379397
-0.462014
-0.537840
-0.604765
-0.660804
-0.689576
-0.690824
-0.675944
-0.652280
-0.624497
-0.595493
-0.567013
-0.540056
-0.515136
-0.492471
-0.427397
-0.336803
-0.243538
-0.154548
-0.073257
-0.002091
0.000000
0.068223
0.200401
0.296971
0.384677
0.466844
0.542095
0.608321
0.663559
0.690178
0.690143
0.674543
0.650518
0.622599
0.593597
0.565200
0.538367
0.513593
0.491079
0.422684
0.331459
0.238253
0.149586
0.068781
0.000000
0.000000
-0.078057
-0.206808
-0.302630
-0.389999
-0.471777
-0.546507
-0.612079
-0.666552
-0.690913
-0.689528
-0.673166
-0.648756
-0.620686
-0.591678
-0.563359
-0.536650
-0.512022
-0.489660
-0.417648
-0.325695
-0.232506
-0.144145
-0.063827
0.000000
0.000000
0.086836
0.212670
0.307890
0.395002
0.476465
0.550748
0.615744
0.669530
0.691721
0.689033
0.671932
0.647142
0.618920
0.589898
0.561647
0.535051
0.510557
0.488335
0.412829
0.320157
0.226967
0.138886
0.059024
0.000000
0.000000
-0.095320
-0.218335
-0.312975
-0.399839
-0.480997
-0.554849
-0.619289
-0.672412
-0.692504
-0.688558
-0.670742
-0.645586
-0.617216
-0.588180
-0.559994
-0.533507
-0.509143
-0.487057
-0.408228
-0.314870
-0.221677
-0.133859
-0.054430
0.000000
0.000000
0.103458
0.223775
0.317861
0.404490
0.485357
0.558797
0.622704
0.675191
0.693268
0.688112
0.669608
0.644099
0.615586
0.586536
0.558413
0.532029
0.507788
0.485833
0.403820
0.309806
0.216611
0.129047
0.050033
0.000000
0.000000
-0.111245
-0.228980
-0.322535
-0.408938
-0.489526
-0.562572
-0.625969
-0.677848
-0.693995
-0.687682
-0.668520
-0.642673
-0.614024
-0.584962
-0.556897
-0.530613
-0.506491
-0.480722
-0.397486
-0.303441
-0.210612
-0.123629
-0.045354
0.000000
0.000000
0.119848
0.234614
0.327529
0.413645
0.493899
0.566491
0.629317
0.679912
0.694317
0.686972
0.667238
0.641111
0.612366
0.583318
0.555332
0.529161
0.505166
0.474575
0.390457
0.296524
0.204170
0.117879
0.040458
0.000000
0.000000
-0.129264
-0.240852
-0.333105
-0.418941
-0.498860
-0.570982
-0.633203
-0.681353
-0.694267
-0.686054
-0.665853
-0.639512
-0.610710
-0.581699
-0.553805
-0.527752
-0.503886
-0.468657
-0.383696
-0.289878
-0.197989
-0.112371
-0.035778
0.000000
0.000000
0.138381
0.246922
0.338554
0.424134
0.503741
0.575420
0.637066
0.682840
0.694304
0.685242
0.664580
0.638024
0.609160
0.580179
0.552367
0.526423
0.502678
0.463013
0.377261
0.283565
0.192134
0.107168
0.031373
0.000000
0.000000
-0.147045
-0.252703
-0.343751
-0.429093
-0.508407
-0.579666
-0.640767
-0.684271
-0.694348
-0.684474
-0.663370
-0.636609
-0.607684
-0.578732
-0.550997
-0.525158
-0.501527
-0.457600
-0.371086
-0.277509
-0.186517
-0.102177
-0.027149
0.000000
0.000000
0.155344
0.258237
0.348724
0.433836
0.512869
0.583726
0.644303
0.685634
0.694385
0.683735
0.662209
0.635250
0.606269
0.577343
0.549684
0.523944
0.500424
0.452416
0.365172
0.271708
0.181136
0.097395
0.023100
0.000000
-0.009167
-0.163005
-0.264557
-0.354585
-0.439275
-0.517760
-0.587928
-0.647695
-0.686594
-0.693884
-0.682402
-0.660447
-0.633313
-0.604312
-0.575458
-0.547921
-0.522329
-0.498963
-0.447067
-0.359099
-0.265717
-0.175531
-0.092360
-0.018776
0.000000
0.021568
0.170892
0.271416
0.360972
0.445144
0.522959
0.592307
0.651126
0.687416
0.693146
0.680785
0.658386
0.631081
0.602075
0.573314
0.545922
0.520500
0.497312
0.442072
0.353438
0.260086
0.170204
0.087511
0.014541
0.000000
-0.033526
-0.178486
-0.278014
-0.367107
-0.450775
-0.527940
-0.596492
-0.654396
-0.688181
-0.692415
-0.679212
-0.656388
-0.628920
-0.599911
-0.571240
-0.543991
-0.518733
-0.495717
-0.437238
-0.347961
-0.254640
-0.165053
-0.082823
-0.010449
0.000000
0.044941
0.185697
0.284252
0.372889
0.456063
0.532598
0.600385
0.657411
0.688836
0.691665
0.677673
0.654454
0.626837
0.597831
0.569250
0.542138
0.517040
0.494189
0.432600
0.342702
0.249406
0.160101
0.078313
0.006508
0.000000
-0.055913
-0.192625
-0.290244
-0.378442
-0.461141
-0.537071
-0.604122
-0.660305
-0.689467
-0.690946
-0.676197
-0.652599
-0.624840
-0.595835
-0.567341
-0.540361
-0.515415
-0.492723
-0.428160
-0.337668
-0.244398
-0.155362
-0.073998
-0.002739
0.000000
0.066419
0.199261
0.295985
0.383763
0.466008
0.541359
0.607706
0.663083
0.690074
0.690261
0.674785
0.650823
0.622928
0.593925
0.565514
0.538659
0.513860
0.491320
0.423509
0.332396
0.239179
0.150454
0.069563
0.000000
0.000000
-0.076637
-0.205856
-0.301772
-0.389181
-0.471010
-0.545811
-0.611476
-0.666059
-0.690776
-0.689605
-0.673364
-0.649016
-0.620972
-0.591966
-0.563636
-0.536910
-0.512260
-0.489875
-0.418450
-0.326617
-0.233426
-0.145018
-0.064623
0.000000
0.000000
0.085437
0.211737
0.307054
0.394208
0.475721
0.550076
0.615164
0.669060
0.691596
0.689115
0.672131
0.647401
0.619203
0.590183
0.561921
0.535307
0.510791
0.488547
0.413591
0.321033
0.227844
0.139719
0.059786
0.000000
0.000000
-0.093970
-0.217433
-0.312164
-0.399067
-0.480273
-0.554194
-0.618722
-0.671949
-0.692377
-0.688632
-0.670929
-0.645832
-0.617486
-0.588452
-0.560256
-0.533752
-0.509367
-0.487260
-0.408957
-0.315708
-0.222514
-0.134655
-0.055157
0.000000
0.000000
0.102169
0.222914
0.317087
0.403753
0.484666
0.558172
0.622164
0.674751
0.693147
0.688183
0.669788
0.644334
0.615845
0.586797
0.558663
0.532264
0.508003
0.486027
0.404520
0.310610
0.217415
0.129810
0.050731
0.000000
0.000000
-0.110010
-0.228154
-0.321794
-0.408233
-0.488865
-0.561974
-0.625452
-0.677427
-0.693880
-0.687750
-0.668693
-0.642899
-0.614272
-0.585211
-0.557138
-0.530838
-0.506697
-0.481657
-0.398557
-0.304499
-0.211599
-0.124513
-0.046111
0.000000
0.000000
0.118448
0.233700
0.326720
0.412884
0.493193
0.565860
0.628779
0.679732
0.694352
0.687132
0.667464
0.641367
0.612627
0.583571
0.555570
0.529380
0.505365
0.475481
0.391494
0.297545
0.205123
0.118731
0.041186
0.000000
0.000000
-0.127866
-0.239924
-0.332274
-0.418150
-0.498117
-0.570307
-0.632617
-0.681128
-0.694263
-0.686179
-0.666048
-0.639740
-0.610947
-0.581931
-0.554024
-0.527954
-0.504070
-0.469510
-0.384670
-0.290832
-0.198875
-0.113157
-0.036444
0.000000
0.000000
0.137067
0.246044
0.337764
0.423381
0.503032
0.574774
0.636503
0.682622
0.694296
0.685358
0.664763
0.638238
0.609383
0.580398
0.552574
0.526615
0.502852
0.463834
0.378197
0.284483
0.192986
0.107924
0.032013
0.000000
0.000000
-0.145788
-0.251865
-0.342998
-0.428375
-0.507732
-0.579052
-0.640232
-0.684064
-0.694343
-0.684587
-0.663547
-0.636815
-0.607899
-0.578942
-0.551196
-0.525342
-0.501695
-0.458386
-0.371983
-0.278389
-0.187334
-0.102903
-0.027763
0.000000
0.000000
0.154137
0.257432
0.348000
0.433146
0.512220
0.583135
0.643789
0.685436
0.694379
0.683842
0.662378
0.635448
0.606475
0.577545
0.549875
0.524121
0.500584
0.453169
0.366031
0.272550
0.181917
0.098090
0.023688
0.000000
-0.007446
-0.161905
-0.263596
-0.353687
-0.438448
-0.517023
-0.587305
-0.647202
-0.686470
-0.693979
-0.682622
-0.660730
-0.633621
-0.604622
-0.575756
-0.548199
-0.522583
-0.499192
-0.447751
-0.359875
-0.266490
-0.176263
-0.093028
-0.019360
0.000000
0.019898
0.169825
0.270486
0.360104
0.444345
0.522249
0.591706
0.650653
0.687298
0.693241
0.681000
0.658661
0.631380
0.602375
0.573602
0.546191
0.520746
0.497534
0.442743
0.354198
0.260841
0.170917
0.088159
0.015106
0.000000
-0.031946
-0.177488
-0.277150
-0.366307
-0.450043
-0.527295
-0.595953
-0.653979
-0.688091
-0.692520
-0.679426
-0.656657
-0.629209
-0.600200
-0.571517
-0.544248
-0.518968
-0.495929
-0.437883
-0.348693
-0.255368
-0.165742
-0.083451
-0.010998
0.000000
0.043416
0.184735
0.283420
0.372118
0.455358
0.531977
0.599866
0.657010
0.688750
0.691766
0.677878
0.654712
0.627115
0.598108
0.569516
0.542385
0.517266
0.494392
0.433217
0.343401
0.250102
0.160759
0.078913
0.007032
0.000000
-0.054453
-0.191703
-0.289446
-0.377702
-0.460464
-0.536474
-0.603623
-0.659919
-0.689382
-0.691042
-0.676393
-0.652845
-0.625105
-0.596101
-0.567595
-0.540597
-0.515632
-0.492918
-0.428751
-0.338338
-0.245065
-0.155993
-0.074572
-0.003240
0.000000
0.065021
0.198378
0.295221
0.383055
0.465361
0.540788
0.607229
0.662713
0.689994
0.690352
0.674973
0.651060
0.623182
0.594180
0.565757
0.538886
0.514067
0.491506
0.424149
0.333121
0.239895
0.151127
0.070169
0.000000
0.000000
-0.075537
-0.205118
-0.301108
-0.388548
-0.470415
-0.545272
-0.611008
-0.665678
-0.690670
-0.689664
-0.673518
-0.649218
-0.621193
-0.592190
-0.563851
-0.537111
-0.512444
-0.490041
-0.419071
-0.327330
-0.234139
-0.145694
-0.065240
0.000000
0.000000
0.084353
0.211014
0.306406
0.393592
0.475145
0.549555
0.614715
0.668696
0.691499
0.689178
0.672285
0.647602
0.619423
0.590404
0.562133
0.535505
0.510973
0.488711
0.414182
0.321712
0.228523
0.140365
0.060376
0.000000
0.000000
-0.092924
-0.216733
-0.311536
-0.398469
-0.479712
-0.553686
-0.618282
-0.671592
-0.692278
-0.688688
-0.671074
-0.646022
-0.617695
-0.588663
-0.560459
-0.533942
-0.509541
-0.487417
-0.409522
-0.316356
-0.223163
-0.135271
-0.055720
0.000000
0.000000
0.101171
0.222246
0.316488
0.403183
0.484132
0.557688
0.621745
0.674410
0.693054
0.688238
0.669927
0.644517
0.616045
0.586999
0.558858
0.532445
0.508169
0.486177
0.405061
0.311232
0.218037
0.130402
0.051271
0.000000
0.000000
-0.109053
-0.227515
-0.321220
-0.407686
-0.488353
-0.561510
-0.625051
-0.677101
-0.693791
-0.687803
-0.668827
-0.643074
-0.614464
-0.585405
-0.557324
-0.531012
-0.506856
-0.482382
-0.399387
-0.305318
-0.212364
-0.125199
-0.046697
0.000000
0.000000
0.117363
0.232992
0.326094
0.412295
0.492647
0.565371
0.628363
0.679591
0.694380
0.687256
0.667640
0.641564
0.612830
0.583768
0.555755
0.529550
0.505519
0.476183
0.392297
0.298337
0.205862
0.119392
0.041750
0.000000
0.000000
-0.126783
-0.239205
-0.331630
-0.417537
-0.497542
-0.569785
-0.632163
-0.680954
-0.694260
-0.686276
-0.666199
-0.639916
-0.611130
-0.582111
-0.554194
-0.528112
-0.504213
-0.470172
-0.385424
-0.291572
-0.199561
-0.113767
-0.036959
0.000000
0.000000
0.136049
0.245364
0.337153
0.422797
0.502483
0.574274
0.636067
0.682452
0.694290
0.685447
0.664904
0.638404
0.609556
0.580568
0.552735
0.526763
0.502987
0.464470
0.378922
0.285195
0.193645
0.108510
0.032509
0.000000
0.000000
-0.144815
-0.251216
-0.342414
-0.427818
-0.507208
-0.578576
-0.639817
-0.683905
-0.694339
-0.684674
-0.663683
-0.636974
-0.608065
-0.579105
-0.551351
-0.525484
-0.501824
-0.458995
-0.372678
-0.279071
-0.187966
-0.103465
-0.028239
0.000000
0.000000
0.153202
0.256809
0.347440
0.432612
0.511717
0.582678
0.643390
0.685282
0.694375
0.683925
0.662508
0.635600
0.606634
0.577701
0.550023
0.524257
0.500709
0.453752
0.366696
0.273203
0.182523
0.098627
0.024143
0.000000
-0.006113
-0.161052
-0.262851
-0.352992
-0.437806
-0.516453
-0.586822
-0.646820
-0.686373
-0.694053
-0.682792
-0.660950
-0.633860
-0.604862
-0.575986
-0.548414
-0.522779
-0.499370
-0.448281
-0.360476
-0.267088
-0.176830
-0.093545
-0.019813
0.000000
0.018604
0.168998
0.269765
0.359431
0.443725
0.521699
0.591241
0.650287
0.687206
0.693314
0.681165
0.658875
0.631611
0.602608
0.573825
0.546399
0.520936
0.497706
0.443263
0.354786
0.261425
0.171469
0.088661
0.015544
0.000000
-0.030722
-0.176715
-0.276481
-0.365687
-0.449476
-0.526796
-0.595536
-0.653656
-0.688021
-0.692601
-0.679592
-0.656865
-0.629433
-0.600423
-0.571731
-0.544447
-0.519150
-0.496093
-0.438383
-0.349259
-0.255932
-0.166276
-0.083937
-0.011423
0.000000
0.042234
0.183989
0.282775
0.371520
0.454812
0.531496
0.599465
0.656699
0.688682
0.691843
0.678038
0.654912
0.627330
0.598323
0.569721
0.542576
0.517440
0.494550
0.433695
0.343943
0.250641
0.161269
0.079377
0.007438
0.000000
-0.053322
-0.190988
-0.288828
-0.377129
-0.459940
-0.536013
-0.603237
-0.659620
-0.689317
-0.691115
-0.676545
-0.653036
-0.625311
-0.596306
-0.567792
-0.540780
-0.515799
-0.493069
-0.429208
-0.338857
-0.245581
-0.156481
-0.075017
-0.003629
0.000000
0.063938
0.197695
0.294630
0.382507
0.464859
0.540347
0.606860
0.662427
0.689931
0.690423
0.675119
0.651243
0.623380
0.594377
0.565945
0.539061
0.514228
0.491651
0.424644
0.333682
0.240450
0.151648
0.070639
0.000000
0.000000
-0.074685
-0.204546
-0.300594
-0.388058
-0.469955
-0.544854
-0.610646
-0.665382
-0.690588
-0.689710
-0.673636
-0.649374
-0.621365
-0.592363
-0.564018
-0.537267
-0.512587
-0.490170
-0.419552
-0.327883
-0.234692
-0.146218
-0.065717
0.000000
0.000000
0.083513
0.210455
0.305905
0.393115
0.474699
0.549152
0.614367
0.668413
0.691424
0.689228
0.672405
0.647758
0.619593
0.590575
0.562298
0.535659
0.511114
0.488838
0.414639
0.322237
0.229049
0.140865
0.060834
0.000000
0.000000
-0.092114
-0.216192
-0.311050
-0.398006
-0.479278
-0.553292
-0.617942
-0.671314
-0.692201
-0.688732
-0.671187
-0.646170
-0.617857
-0.588826
-0.560616
-0.534088
-0.509675
-0.487538
-0.409959
-0.316859
-0.223666
-0.135748
-0.056156
0.000000
0.000000
0.100398
0.221730
0.316024
0.402741
0.483717
0.557313
0.621420
0.674146
0.692981
0.688281
0.670035
0.644659
0.616200
0.587155
0.559008
0.532586
0.508298
0.486293
0.405481
0.311714
0.218520
0.130860
0.051690
0.000000
0.000000
-0.108312
-0.227020
-0.320775
-0.407263
-0.487957
-0.561151
-0.624741
-0.676848
-0.693722
-0.687844
-0.668930
-0.643210
-0.614612
-0.585555
-0.557468
-0.531147
-0.506979
-0.482943
-0.400030
-0.305952
-0.212957
-0.125729
-0.047151
0.000000
0.000000
0.116522
0.232444
0.325609
0.411838
0.492224
0.564992
0.628040
0.679483
0.694401
0.687352
0.667775
0.641717
0.612986
0.583920
0.555898
0.529681
0.505638
0.476726
0.392919
0.298950
0.206434
0.119904
0.042187
0.000000
0.000000
-0.125943
-0.238648
-0.331131
-0.417063
-0.497096
-0.569380
-0.631812
-0.680819
-0.694258
-0.686351
-0.666316
-0.640053
-0.611272
-0.582251
-0.554326
-0.528233
-0.504324
-0.470684
-0.386008
-0.292144
-0.200092
-0.114239
-0.037359
0.000000
0.000000
0.135260
0.244838
0.336679
0.422345
0.502057
0.573886
0.635728
0.682321
0.694286
0.685517
0.665014
0.638532
0.609690
0.580699
0.552859
0.526878
0.503092
0.464963
0.379484
0.285746
0.194156
0.108964
0.032893
0.000000
0.000000
-0.144060
-0.250713
-0.341963
-0.427388
-0.506803
-0.578207
-0.639496
-0.683781
-0.694336
-0.684741
-0.663789
-0.637098
-0.608194
-0.579231
-0.551470
-0.525595
-0.501925
-0.459467
-0.373216
-0.279599
-0.188456
-0.103900
-0.028608
0.000000
0.000000
0.152478
0.256326
0.347006
0.432198
0.511328
0.582324
0.643081
0.685163
0.694371
0.683989
0.662609
0.635719
0.606757
0.577822
0.550137
0.524363
0.500805
0.454204
0.367212
0.273709
0.182992
0.099044
0.024496
0.000000
-0.005081
-0.160392
-0.262275
-0.352453
-0.437309
-0.516011
-0.586447
-0.646525
-0.686298
-0.694111
-0.682924
-0.661120
-0.634045
-0.605048
-0.576164
-0.548580
-0.522932
-0.499508
-0.448708
-0.360959
-0.267568
-0.177284
-0.093958
-0.020173
0.000000
0.017577
0.168343
0.269194
0.358898
0.443235
0.521264
0.590874
0.649998
0.687135
0.693373
0.681298
0.659044
0.631796
0.602792
0.574002
0.546564
0.521087
0.497842
0.443676
0.355254
0.261890
0.171909
0.089061
0.015893
0.000000
-0.029746
-0.176098
-0.275947
-0.365191
-0.449022
-0.526396
-0.595202
-0.653396
-0.687964
-0.692665
-0.679723
-0.657030
-0.629611
-0.600601
-0.571901
-0.544605
-0.519295
-0.496224
-0.438781
-0.349710
-0.256381
-0.166701
-0.084324
-0.011760
0.000000
0.041294
0.183395
0.282262
0.371045
0.454377
0.531113
0.599145
0.656451
0.688629
0.691905
0.678164
0.655071
0.627502
0.598494
0.569885
0.542729
0.517580
0.494676
0.434075
0.344374
0.251070
0.161675
0.079747
0.007761
0.000000
-0.052421
-0.190419
-0.288336
-0.376673
-0.459523
-0.535645
-0.602930
-0.659382
-0.689264
-0.691174
-0.676666
-0.653188
-0.625475
-0.596470
-0.567949
-0.540926
-0.515932
-0.493189
-0.429573
-0.339270
-0.245992
-0.156870
-0.075371
-0.003938
0.000000
0.063076
0.197150
0.294159
0.382070
0.464460
0.539995
0.606566
0.662199
0.689881
0.690479
0.675235
0.651389
0.623537
0.594533
0.566095
0.539201
0.514355
0.491766
0.425039
0.334130
0.240893
0.152062
0.071012
0.000151
0.000000
-0.073879
-0.204019
-0.300127
-0.387617
-0.469546
-0.544487
-0.610333
-0.665132
-0.690526
-0.689760
-0.673749
-0.649519
-0.621523
-0.592521
-0.564170
-0.537409
-0.512717
-0.490288
-0.419971
-0.328363
-0.235171
-0.146672
-0.066131
0.000000
0.000000
0.082781
0.209966
0.305467
0.392699
0.474309
0.548799
0.614063
0.668166
0.691357
0.689269
0.672508
0.647892
0.619740
0.590723
0.562440
0.535792
0.511236
0.488949
0.415039
0.322697
0.229509
0.141302
0.061233
0.000000
0.000000
-0.091409
-0.215720
-0.310626
-0.397604
-0.478901
-0.552951
-0.617647
-0.671074
-0.692136
-0.688771
-0.671286
-0.646299
-0.617998
-0.588969
-0.560754
-0.534217
-0.509793
-0.487645
-0.410342
-0.317298
-0.224105
-0.136166
-0.056537
0.000000
0.000000
0.099722
0.221278
0.315618
0.402355
0.483355
0.556985
0.621137
0.673915
0.692918
0.688318
0.670130
0.644782
0.616335
0.587292
0.559140
0.532709
0.508411
0.486395
0.405847
0.312135
0.218941
0.131260
0.052055
0.000000
0.000000
-0.107665
-0.226587
-0.320387
-0.406893
-0.487610
-0.560837
-0.624469
-0.676627
-0.693662
-0.687880
-0.669021
-0.643329
-0.614742
-0.585686
-0.557594
-0.531264
-0.507087
-0.483433
-0.400592
-0.306506
-0.213474
-0.126193
-0.047547
0.000000
0.000000
0.115788
0.231964
0.325186
0.411440
0.491854
0.564661
0.627758
0.679282
0.694359
0.687405
0.667882
0.641850
0.613129
0.584062
0.556034
0.529808
0.505753
0.477269
0.393540
0.299560
0.207001
0.120409
0.042616
0.000000
0.000000
-0.125109
-0.238094
-0.330635
-0.416590
-0.496653
-0.568979
-0.631464
-0.680689
-0.694261
-0.686432
-0.666439
-0.640194
-0.611420
-0.582394
-0.554462
-0.528358
-0.504438
-0.471212
-0.386611
-0.292738
-0.200644
-0.114731
-0.037777
0.000000
0.000000
0.134448
0.244297
0.336194
0.421883
0.501622
0.573491
0.635385
0.682189
0.694283
0.685589
0.665127
0.638665
0.609829
0.580835
0.552987
0.526997
0.503200
0.465466
0.380058
0.286308
0.194678
0.109428
0.033286
0.000000
0.000000
-0.143288
-0.250197
-0.341499
-0.426945
-0.506387
-0.577829
-0.639166
-0.683654
-0.694332
-0.684810
-0.663897
-0.637224
-0.608326
-0.579360
-0.551592
-0.525707
-0.502027
-0.459950
-0.373767
-0.280139
-0.188956
-0.104345
-0.028984
0.000000
0.000000
0.151739
0.255833
0.346563
0.431775
0.510930
0.581962
0.642766
0.685041
0.694368
0.684055
0.662713
0.635840
0.606883
0.577946
0.550254
0.524471
0.500903
0.454666
0.367739
0.274225
0.183471
0.099470
0.024857
0.000000
-0.004025
-0.159717
-0.261685
-0.351902
-0.436801
-0.515559
-0.586065
-0.646222
-0.686222
-0.694169
-0.683059
-0.661294
-0.634235
-0.605238
-0.576347
-0.548750
-0.523087
-0.499649
-0.449245
-0.361568
-0.268167
-0.177842
-0.094457
-0.020599
0.000000
0.016363
0.167575
0.268528
0.358280
0.442669
0.520764
0.590455
0.649672
0.687062
0.693449
0.681459
0.659248
0.632015
0.603012
0.574212
0.546760
0.521267
0.498004
0.444168
0.355812
0.262446
0.172434
0.089539
0.016311
0.000000
-0.028564
-0.175347
-0.275294
-0.364584
-0.448464
-0.525902
-0.594786
-0.653071
-0.687887
-0.692736
-0.679877
-0.657227
-0.629824
-0.600815
-0.572105
-0.544796
-0.519469
-0.496381
-0.439257
-0.350249
-0.256917
-0.167208
-0.084785
-0.012163
0.000000
0.040170
0.182685
0.281647
0.370475
0.453855
0.530654
0.598760
0.656153
0.688563
0.691979
0.678316
0.655262
0.627707
0.598699
0.570081
0.542911
0.517747
0.494827
0.434533
0.344893
0.251586
0.162164
0.080192
0.008149
0.000000
-0.051340
-0.189737
-0.287745
-0.376126
-0.459022
-0.535204
-0.602562
-0.659097
-0.689202
-0.691245
-0.676811
-0.653371
-0.625672
-0.596667
-0.568137
-0.541101
-0.516092
-0.493334
-0.430011
-0.339766
-0.246486
-0.157337
-0.075797
-0.004310
0.000000
0.062040
0.196496
0.293593
0.381546
0.463980
0.539572
0.606213
0.661926
0.689821
0.690547
0.675374
0.651564
0.623725
0.594722
0.566276
0.539369
0.514509
0.491905
0.425512
0.334667
0.241423
0.152560
0.071461
0.000538
0.000000
-0.072740
-0.203288
-0.299488
-0.387022
-0.468998
-0.544002
-0.609924
-0.664812
-0.690455
-0.689838
-0.673911
-0.649723
-0.621742
-0.592740
-0.564380
-0.537604
-0.512895
-0.490449
-0.420523
-0.328994
-0.235800
-0.147268
-0.066674
0.000000
0.000000
0.081817
0.209322
0.304888
0.392149
0.473793
0.548333
0.613659
0.667838
0.691267
0.689322
0.672642
0.648068
0.619933
0.590918
0.562627
0.535967
0.511396
0.489094
0.415569
0.323306
0.230118
0.141880
0.061760
0.000000
0.000000
-0.090479
-0.215100
-0.310070
-0.397074
-0.478405
-0.552503
-0.617259
-0.670760
-0.692051
-0.688824
-0.671417
-0.646470
-0.618185
-0.589158
-0.560935
-0.534386
-0.509948
-0.487785
-0.410847
-0.317879
-0.224687
-0.136719
-0.057043
0.000000
0.000000
0.098827
0.220680
0.315081
0.401844
0.482876
0.556551
0.620761
0.673610
0.692834
0.688367
0.670254
0.644946
0.616514
0.587473
0.559313
0.532871
0.508559
0.486530
0.406331
0.312691
0.219497
0.131788
0.052538
0.000000
0.000000
-0.106809
-0.226015
-0.319873
-0.406405
-0.487152
-0.560423
-0.624111
-0.676335
-0.693582
-0.687927
-0.669140
-0.643485
-0.614914
-0.585859
-0.557760
-0.531420
-0.507230
-0.484081
-0.401334
-0.307239
-0.214159
-0.126806
-0.048071
0.000000
0.000000
0.114818
0.231331
0.324626
0.410913
0.491365
0.564224
0.627385
0.678985
0.694286
0.687466
0.668018
0.642025
0.613319
0.584253
0.556216
0.529978
0.505909
0.478007
0.394383
0.300388
0.207770
0.121094
0.043197
0.000000
0.000000
-0.123977
-0.237342
-0.329961
-0.415949
-0.496052
-0.568434
-0.630992
-0.680514
-0.694267
-0.686543
-0.666607
-0.640388
-0.611620
-0.582591
-0.554647
-0.528529
-0.504593
-0.471933
-0.387435
-0.293548
-0.201398
-0.115404
-0.038350
0.000000
0.000000
0.133338
0.243559
0.335532
0.421252
0.501030
0.572953
0.634917
0.682010
0.694279
0.685689
0.665283
0.638847
0.610018
0.581020
0.553163
0.527159
0.503347
0.466151
0.380839
0.287075
0.195390
0.110060
0.033821
0.000000
0.000000
-0.142234
-0.249494
-0.340867
-0.426342
-0.505819
-0.577312
-0.638716
-0.683479
-0.694326
-0.684903
-0.664044
-0.637396
-0.608505
-0.579536
-0.551758
-0.525861
-0.502167
-0.460607
-0.374517
-0.280874
-0.189639
-0.104951
-0.029497
0.000000
0.000000
0.150731
0.255161
0.345959
0.431199
0.510388
0.581469
0.642337
0.684876
0.694364
0.684145
0.662854
0.636005
0.607055
0.578115
0.550414
0.524619
0.501037
0.455295
0.368457
0.274930
0.184125
0.100051
0.025349
0.000000
-0.002585
-0.158797
-0.260881
-0.351151
-0.436109
-0.514943
-0.585543
-0.645810
-0.686118
-0.694249
-0.683244
-0.661531
-0.634493
-0.605497
-0.576596
-0.548982
-0.523300
-0.499840
-0.449977
-0.362399
-0.268984
-0.178603
-0.095137
-0.021180
0.000000
0.014707
0.166527
0.267621
0.357438
0.441897
0.520083
0.589884
0.649228
0.686961
0.693554
0.681679
0.659525
0.632315
0.603312
0.574499
0.547028
0.521511
0.498225
0.444840
0.356574
0.263203
0.173151
0.090192
0.016880
0.000000
-0.026953
-0.174323
-0.274404
-0.363755
-0.447704
-0.525229
-0.594220
-0.652628
-0.687781
-0.692832
-0.680088
-0.657495
-0.630114
-0.601105
-0.572384
-0.545055
-0.519706
-0.496595
-0.439906
-0.350985
-0.257648
-0.167899
-0.085414
-0.012712
0.000000
0.038637
0.181716
0.280808
0.369697
0.453144
0.530027
0.598237
0.655747
0.688475
0.692079
0.678522
0.655521
0.627986
0.598979
0.570348
0.543160
0.517974
0.495032
0.435156
0.345600
0.252290
0.162829
0.080798
0.008679
0.000000
-0.049866
-0.188806
-0.286940
-0.375380
-0.458340
-0.534603
-0.602060
-0.658708
-0.689118
-0.691342
-0.677010
-0.653621
-0.625940
-0.596935
-0.568393
-0.541340
-0.516311
-0.493531
-0.430608
-0.340443
-0.247159
-0.157974
-0.076377
-0.004816
0.000000
0.060628
0.195604
0.292821
0.380830
0.463325
0.538996
0.605731
0.661552
0.689740
0.690639
0.675564
0.651802
0.623982
0.594978
0.566521
0.539597
0.514718
0.492093
0.426158
0.335399
0.242147
0.153239
0.072073
0.001066
0.000000
-0.071186
-0.202291
-0.298617
-0.386209
-0.468250
-0.543339
-0.609366
-0.664375
-0.690358
-0.689944
-0.674131
-0.650000
-0.622041
-0.593039
-0.564665
-0.537869
-0.513138
-0.490668
-0.421276
-0.329855
-0.236658
-0.148080
-0.067414
0.000000
0.000000
0.080503
0.208444
0.304100
0.391399
0.473090
0.547696
0.613109
0.667390
0.691144
0.689395
0.672825
0.648308
0.620196
0.591183
0.562883
0.536206
0.511615
0.489291
0.416292
0.324137
0.230948
0.142667
0.062479
0.000000
0.000000
-0.089212
-0.214254
-0.309311
-0.396353
-0.477730
-0.551892
-0.616732
-0.670331
-0.691936
-0.688897
-0.671596
-0.646704
-0.618441
-0.589415
-0.561182
-0.534617
-0.510160
-0.487976
-0.411537
-0.318672
-0.225480
-0.137472
-0.057732
0.000000
0.000000
0.097608
0.219864
0.314349
0.401147
0.482223
0.555959
0.620250
0.673193
0.692720
0.688434
0.670424
0.645168
0.616758
0.587719
0.559550
0.533092
0.508762
0.486713
0.406991
0.313449
0.220255
0.132509
0.053196
0.000000
0.000000
-0.105643
-0.225236
-0.319173
-0.405739
-0.486528
-0.559857
-0.623621
-0.675937
-0.693472
-0.687991
-0.669303
-0.643698
-0.615148
-0.586094
-0.557987
-0.531632
-0.507424
-0.484965
-0.402346
-0.308237
-0.215091
-0.127641
-0.048786
0.000000
0.000000
0.113496
0.230468
0.323863
0.410195
0.490699
0.563628
0.626877
0.678580
0.694187
0.687550
0.668204
0.642264
0.613578
0.584512
0.556466
0.530210
0.506122
0.479014
0.395532
0.301517
0.208819
0.122027
0.043989
0.000000
0.000000
-0.122434
-0.236316
-0.329042
-0.415076
-0.495233
-0.567692
-0.630349
-0.680276
-0.694275
-0.686695
-0.666836
-0.640653
-0.611894
-0.582858
-0.554900
-0.528763
-0.504805
-0.472915
-0.388558
-0.294653
-0.202427
-0.116321
-0.039130
0.000000
0.000000
0.131825
0.242553
0.334630
0.420393
0.500223
0.572219
0.634279
0.681765
0.694275
0.685825
0.665495
0.639095
0.610275
0.581273
0.553401
0.527379
0.503548
0.467085
0.381905
0.288120
0.196359
0.110922
0.034551
0.000000
0.000000
-0.140798
-0.248535
-0.340005
-0.425520
-0.505045
-0.576607
-0.638101
-0.683241
-0.694318
-0.685029
-0.664244
-0.637630
-0.608749
-0.579776
-0.551985
-0.526071
-0.502358
-0.461504
-0.375539
-0.281877
-0.190569
-0.105777
-0.030196
0.000000
0.000000
0.149357
0.254244
0.345136
0.430414
0.509650
0.580797
0.641751
0.684650
0.694358
0.684268
0.663046
0.636230
0.607290
0.578344
0.550631
0.524819
0.501220
0.456154
0.369437
0.275891
0.185016
0.100844
0.026020
0.000000
-0.000623
-0.157542
-0.259785
-0.350127
-0.435165
-0.514103
-0.584832
-0.645249
-0.685976
-0.694358
-0.683495
-0.661855
-0.634844
-0.605850
-0.576935
-0.549299
-0.523589
-0.500102
-0.450975
-0.363531
-0.270098
-0.179641
-0.096065
-0.021972
0.000000
0.012450
0.165100
0.266383
0.356289
0.440845
0.519154
0.589106
0.648622
0.686824
0.693696
0.681978
0.659904
0.632723
0.603720
0.574891
0.547392
0.521844
0.498525
0.445755
0.357612
0.264236
0.174128
0.091081
0.017657
0.000000
-0.024757
-0.172926
-0.273190
-0.362626
-0.446667
-0.524311
-0.593448
-0.652024
-0.687638
-0.692964
-0.680375
-0.657860
-0.630509
-0.601501
-0.572763
-0.545409
-0.520030
-0.496888
-0.440790
-0.351987
-0.258644
-0.168841
-0.086271
-0.013460
0.000000
0.036547
0.180395
0.279665
0.368638
0.452174
0.529173
0.597522
0.655194
0.688354
0.692216
0.678804
0.655875
0.628368
0.599360
0.570713
0.543499
0.518284
0.495312
0.436006
0.346563
0.253249
0.163737
0.081624
0.009401
0.000000
-0.047855
-0.187537
-0.285843
-0.374363
-0.457410
-0.533784
-0.601376
-0.658178
-0.689003
-0.691474
-0.677280
-0.653961
-0.626307
-0.597301
-0.568743
-0.541666
-0.516608
-0.493799
-0.431421
-0.341365
-0.248077
-0.158843
-0.077167
-0.005507
0.000000
0.058703
0.194388
0.291769
0.379855
0.462434
0.538210
0.605074
0.661043
0.689628
0.690765
0.675822
0.652127
0.624332
0.595328
0.566856
0.539909
0.515003
0.492350
0.427030
0.336388
0.243125
0.154157
0.072901
0.001780
0.000000
-0.069090
-0.200948
-0.297444
-0.385116
-0.467245
-0.542449
-0.608617
-0.663788
-0.690228
-0.690086
-0.674426
-0.650372
-0.622442
-0.593440
-0.565049
-0.538227
-0.513465
-0.490963
-0.422288
-0.331010
-0.237809
-0.149170
-0.068405
0.000000
0.000000
0.078738
0.207265
0.303041
0.390391
0.472146
0.546841
0.612369
0.666788
0.690979
0.689492
0.673071
0.648631
0.620549
0.591540
0.563225
0.536526
0.511908
0.489557
0.417264
0.325253
0.232064
0.143726
0.063445
0.000000
0.000000
-0.087508
-0.213118
-0.308292
-0.395384
-0.476822
-0.551070
-0.616022
-0.669755
-0.691781
-0.688994
-0.671836
-0.647018
-0.618784
-0.589761
-0.561515
-0.534928
-0.510444
-0.488234
-0.412464
-0.319737
-0.226546
-0.138485
-0.058658
0.000000
0.000000
0.095968
0.218769
0.313365
0.400210
0.481345
0.555164
0.619562
0.672633
0.692566
0.688523
0.670652
0.645468
0.617087
0.588050
0.559869
0.533390
0.509035
0.486960
0.407878
0.314468
0.221275
0.133477
0.054081
0.000000
0.000000
-0.104076
-0.224188
-0.318232
-0.404843
-0.485688
-0.559097
-0.622964
-0.675402
-0.693326
-0.688078
-0.669522
-0.643985
-0.615462
-0.586411
-0.558292
-0.531917
-0.507685
-0.485739
-0.403485
-0.309421
-0.216225
-0.128680
-0.049698
0.000000
0.000000
0.111838
0.229376
0.322891
0.409276
0.489844
0.562859
0.626218
0.678050
0.694051
0.687649
0.668437
0.642564
0.613905
0.584842
0.556782
0.530506
0.506392
0.480273
0.396972
0.302934
0.210138
0.123204
0.044991
0.000000
0.000000
-0.120520
-0.235053
-0.327917
-0.414010
-0.494238
-0.566794
-0.629575
-0.679999
-0.694300
-0.686895
-0.667129
-0.640989
-0.612241
-0.583196
-0.555218
-0.529056
-0.505071
-0.474141
-0.389960
-0.296033
-0.203712
-0.117469
-0.040109
0.000000
0.000000
0.129935
0.241297
0.333504
0.419321
0.499216
0.571305
0.633484
0.681460
0.694269
0.685994
0.665759
0.639403
0.610596
0.581588
0.553699
0.527654
0.503797
0.468247
0.383229
0.289419
0.197564
0.111993
0.035458
0.000000
0.000000
-0.139011
-0.247343
-0.338933
-0.424496
-0.504082
-0.575730
-0.637337
-0.682945
-0.694308
-0.685187
-0.664492
-0.637921
-0.609053
-0.580074
-0.552267
-0.526331
-0.502595
-0.462619
-0.376811
-0.283124
-0.191726
-0.106805
-0.031066
0.000000
0.000000
0.147649
0.253105
0.344112
0.429438
0.508731
0.579961
0.641024
0.684369
0.694350
0.684420
0.663286
0.636510
0.607581
0.578630
0.550902
0.525069
0.501447
0.457222
0.370656
0.277087
0.186125
0.101829
0.026854
0.000000
0.000000
-0.155923
-0.258623
-0.349071
-0.434167
-0.513180
-0.584009
-0.644550
-0.685730
-0.694387
-0.683683
-0.662128
-0.635156
-0.606170
-0.577246
-0.549592
-0.523860
-0.500347
-0.452054
-0.364760
-0.271304
-0.180761
-0.097062
-0.022818
0.000000
0.009993
0.163533
0.265018
0.355016
0.439673
0.518114
0.588228
0.647931
0.686654
0.693838
0.682296
0.660311
0.633165
0.604164
0.575316
0.547788
0.522207
0.498853
0.446738
0.358727
0.265346
0.175179
0.092039
0.018495
0.000000
-0.022370
-0.171404
-0.271863
-0.361389
-0.445528
-0.523300
-0.592595
-0.651353
-0.687473
-0.693101
-0.680682
-0.658254
-0.630937
-0.601931
-0.573175
-0.545793
-0.520382
-0.497205
-0.441750
-0.353074
-0.259724
-0.169862
-0.087199
-0.014269
0.000000
0.034284
0.178965
0.278428
0.367491
0.451126
0.528249
0.596751
0.654596
0.688224
0.692365
0.679109
0.656259
0.628781
0.599773
0.571108
0.543867
0.518620
0.495615
0.436929
0.347610
0.254290
0.164722
0.082522
0.010186
0.000000
-0.045674
-0.186160
-0.284652
-0.373259
-0.456401
-0.532896
-0.600634
-0.657604
-0.688878
-0.691617
-0.677574
-0.654330
-0.626704
-0.597698
-0.569123
-0.542019
-0.516931
-0.494091
-0.432304
-0.342366
-0.249072
-0.159784
-0.078025
-0.006257
0.000000
0.056614
0.193068
0.290627
0.378797
0.461466
0.537357
0.604361
0.660491
0.689507
0.690901
0.676103
0.652480
0.624712
0.595708
0.567219
0.540247
0.515312
0.492629
0.427876
0.337346
0.244078
0.155059
0.073722
0.002498
0.000000
-0.067090
-0.199685
-0.296352
-0.384103
-0.466319
-0.541633
-0.607935
-0.663260
-0.690113
-0.690217
-0.674695
-0.650710
-0.622806
-0.593803
-0.565397
-0.538551
-0.513761
-0.491230
-0.423202
-0.332047
-0.238835
-0.150132
-0.069272
0.000000
0.000000
0.077165
0.206210
0.302091
0.389485
0.471295
0.546070
0.611700
0.666242
0.690827
0.689576
0.673291
0.648919
0.620866
0.591859
0.563533
0.536813
0.512172
0.489795
0.418152
0.326274
0.233084
0.144693
0.064327
0.000000
0.000000
-0.085957
-0.212084
-0.307365
-0.394503
-0.475998
-0.550326
-0.615380
-0.669235
-0.691642
-0.689085
-0.672057
-0.647305
-0.619098
-0.590077
-0.561819
-0.535212
-0.510704
-0.488468
-0.413308
-0.320708
-0.227518
-0.139409
-0.059502
0.000000
0.000000
0.094472
0.217768
0.312466
0.399354
0.480542
0.554437
0.618933
0.672121
0.692424
0.688604
0.670860
0.645740
0.617385
0.588351
0.560159
0.533661
0.509284
0.487184
0.408686
0.315396
0.222203
0.134359
0.054886
0.000000
0.000000
-0.102648
-0.223234
-0.317375
-0.404027
-0.484923
-0.558404
-0.622365
-0.674915
-0.693192
-0.688157
-0.669721
-0.644247
-0.615748
-0.586700
-0.558570
-0.532177
-0.507923
-0.485954
-0.404260
-0.310311
-0.217116
-0.129526
-0.050471
0.000000
0.000000
0.110469
0.228461
0.322070
0.408495
0.489111
0.562196
0.625644
0.677583
0.693923
0.687725
0.668629
0.642815
0.614180
0.585118
0.557048
0.530755
0.506620
0.481309
0.398159
0.304105
0.211232
0.124184
0.045829
0.000000
0.000000
-0.118968
-0.234040
-0.327021
-0.413167
-0.493456
-0.566095
-0.628979
-0.679799
-0.694339
-0.687072
-0.667380
-0.641272
-0.612530
-0.583477
-0.555482
-0.529298
-0.505291
-0.475144
-0.391108
-0.297165
-0.204769
-0.118414
-0.040915
0.000000
0.000000
0.128386
0.240269
0.332583
0.418444
0.498393
0.570558
0.632835
0.681211
0.694265
0.686133
0.665975
0.639655
0.610859
0.581845
0.553942
0.527879
0.504002
0.469193
0.384308
0.290477
0.198546
0.112865
0.036196
0.000000
0.000000
-0.137555
-0.246370
-0.338058
-0.423661
-0.503296
-0.575014
-0.636712
-0.682703
-0.694299
-0.685315
-0.664695
-0.638159
-0.609300
-0.580317
-0.552497
-0.526544
-0.502788
-0.463529
-0.377849
-0.284142
-0.192669
-0.107643
-0.031775
0.000000
0.000000
0.146256
0.252176
0.343278
0.428642
0.507983
0.579280
0.640431
0.684141
0.694345
0.684545
0.663481
0.636738
0.607819
0.578864
0.551122
0.525273
0.501633
0.458094
0.371650
0.278062
0.187030
0.102633
0.027535
0.000000
0.000000
-0.154586
-0.257731
-0.348269
-0.433403
-0.512461
-0.583355
-0.643980
-0.685510
-0.694381
-0.683802
-0.662315
-0.635374
-0.606398
-0.577470
-0.549804
-0.524055
-0.500525
-0.452889
-0.365712
-0.272237
-0.181627
-0.097831
-0.023469
0.000000
0.008086
0.162314
0.263953
0.354021
0.438755
0.517297
0.587537
0.647385
0.686516
0.693944
0.682540
0.660625
0.633507
0.604507
0.575645
0.548096
0.522488
0.499107
0.447497
0.359586
0.266202
0.175990
0.092779
0.019143
0.000000
-0.020519
-0.170221
-0.270832
-0.360426
-0.444642
-0.522513
-0.591930
-0.650829
-0.687342
-0.693206
-0.680920
-0.658559
-0.631269
-0.602263
-0.573494
-0.546091
-0.520654
-0.497451
-0.442494
-0.353915
-0.260560
-0.170652
-0.087918
-0.014896
0.000000
0.032533
0.177859
0.277471
0.366604
0.450315
0.527535
0.596154
0.654134
0.688124
0.692481
0.679346
0.656557
0.629101
0.600092
0.571414
0.544152
0.518881
0.495850
0.437643
0.348420
0.255097
0.165486
0.083218
0.010794
0.000000
-0.043983
-0.185093
-0.283729
-0.372405
-0.455620
-0.532208
-0.600059
-0.657159
-0.688782
-0.691728
-0.677802
-0.654616
-0.627012
-0.598005
-0.569417
-0.542293
-0.517182
-0.494317
-0.432987
-0.343141
-0.249843
-0.160514
-0.078690
-0.006837
0.000000
0.054996
0.192046
0.289743
0.377977
0.460716
0.536696
0.603809
0.660063
0.689414
0.691006
0.676320
0.652754
0.625007
0.596002
0.567501
0.540509
0.515551
0.492845
0.428531
0.338089
0.244817
0.155758
0.074359
0.003054
0.000000
-0.065541
-0.198707
-0.295505
-0.383319
-0.465601
-0.541000
-0.607407
-0.662851
-0.690024
-0.690318
-0.674903
-0.650972
-0.623088
-0.594085
-0.565666
-0.538802
-0.513990
-0.491437
-0.423911
-0.332851
-0.239629
-0.150877
-0.069944
0.000000
0.000000
0.075946
0.205392
0.301355
0.388784
0.470636
0.545472
0.611182
0.665819
0.690710
0.689642
0.673460
0.649143
0.621111
0.592107
0.563771
0.537036
0.512376
0.489979
0.418840
0.327065
0.233874
0.145443
0.065010
0.000000
0.000000
-0.084756
-0.211283
-0.306647
-0.393821
-0.475359
-0.549749
-0.614882
-0.668831
-0.691535
-0.689155
-0.672228
-0.647527
-0.619341
-0.590322
-0.562054
-0.535431
-0.510905
-0.488650
-0.413962
-0.321459
-0.228271
-0.140125
-0.060157
0.000000
0.000000
0.093313
0.216993
0.311770
0.398692
0.479921
0.553875
0.618446
0.671725
0.692315
0.688667
0.671020
0.645951
0.617617
0.588585
0.560384
0.533871
0.509476
0.487358
0.409312
0.316115
0.222922
0.135042
0.055510
0.000000
0.000000
-0.101542
-0.222494
-0.316711
-0.403395
-0.484331
-0.557868
-0.621901
-0.674537
-0.693089
-0.688217
-0.669876
-0.644449
-0.615970
-0.586924
-0.558785
-0.532378
-0.508107
-0.486121
-0.404860
-0.311001
-0.217806
-0.130182
-0.051070
0.000000
0.000000
0.109409
0.227753
0.321434
0.407890
0.488544
0.561682
0.625200
0.677222
0.693824
0.687783
0.668777
0.643009
0.614392
0.585333
0.557255
0.530947
0.506797
0.482112
0.399079
0.305013
0.212080
0.124944
0.046479
0.000000
0.000000
-0.117766
-0.233255
-0.326327
-0.412514
-0.492850
-0.565553
-0.628517
-0.679644
-0.694370
-0.687210
-0.667574
-0.641491
-0.612754
-0.583695
-0.555686
-0.529487
-0.505461
-0.475922
-0.391998
-0.298043
-0.205587
-0.119146
-0.041541
0.000000
0.000000
0.127185
0.239472
0.331870
0.417765
0.497756
0.569979
0.632332
0.681019
0.694261
0.686240
0.666143
0.639850
0.611062
0.582044
0.554131
0.528053
0.504160
0.469926
0.385143
0.291297
0.199306
0.113540
0.036768
0.000000
0.000000
-0.136427
-0.245617
-0.337380
-0.423014
-0.502687
-0.574460
-0.636229
-0.682515
-0.694293
-0.685414
-0.664851
-0.638342
-0.609492
-0.580505
-0.552675
-0.526708
-0.502937
-0.464234
-0.378653
-0.284930
-0.193400
-0.108292
-0.032324
0.000000
0.000000
0.145177
0.251457
0.342631
0.428025
0.507403
0.578753
0.639971
0.683964
0.694340
0.684641
0.663632
0.636915
0.608004
0.579044
0.551293
0.525431
0.501776
0.458769
0.372420
0.278817
0.187731
0.103256
0.028062
0.000000
0.000000
-0.153550
-0.257040
-0.347648
-0.432811
-0.511904
-0.582848
-0.643538
-0.685339
-0.694376
-0.683894
-0.662460
-0.635544
-0.606575
-0.577643
-0.549968
-0.524206
-0.500662
-0.453535
-0.366449
-0.272960
-0.182298
-0.098427
-0.023974
0.000000
0.006609
0.161369
0.263128
0.353250
0.438045
0.516665
0.587001
0.646962
0.686409
0.694026
0.682729
0.660868
0.633771
0.604773
0.575900
0.548334
0.522706
0.499304
0.448084
0.360252
0.266866
0.176619
0.093353
0.019645
0.000000
-0.019085
-0.169306
-0.270033
-0.359681
-0.443955
-0.521903
-0.591414
-0.650423
-0.687241
-0.693286
-0.681104
-0.658795
-0.631525
-0.602521
-0.573742
-0.546322
-0.520865
-0.497642
-0.443069
-0.354567
-0.261208
-0.171264
-0.088474
-0.015381
0.000000
0.031177
0.177003
0.276730
0.365917
0.449687
0.526981
0.595691
0.653776
0.688047
0.692571
0.679530
0.656788
0.629350
0.600340
0.571651
0.544373
0.519082
0.496032
0.438197
0.349049
0.255722
0.166078
0.083757
0.011264
0.000000
-0.042674
-0.184266
-0.283015
-0.371743
-0.455015
-0.531675
-0.599614
-0.656815
-0.688707
-0.691814
-0.677978
-0.654838
-0.627250
-0.598243
-0.569645
-0.542505
-0.517375
-0.494492
-0.433517
-0.343741
-0.250441
-0.161079
-0.079204
-0.007287
0.000000
0.053743
0.191254
0.289058
0.377342
0.460135
0.536184
0.603381
0.659731
0.689341
0.691088
0.676488
0.652965
0.625235
0.596230
0.567719
0.540712
0.515737
0.493013
0.429038
0.338664
0.245389
0.156299
0.074852
0.003484
0.000000
-0.064341
-0.197949
-0.294850
-0.382711
-0.465046
-0.540511
-0.606997
-0.662534
-0.689954
-0.690397
-0.675065
-0.651175
-0.623306
-0.594303
-0.565875
-0.538996
-0.514168
-0.491597
-0.424460
-0.333474
-0.240244
-0.151454
-0.070464
0.000000
0.000000
0.075002
0.204759
0.300785
0.388240
0.470126
0.545009
0.610781
0.665492
0.690619
0.689693
0.673592
0.649316
0.621301
0.592298
0.563956
0.537209
0.512534
0.490122
0.419373
0.327677
0.234486
0.146023
0.065540
0.000000
0.000000
-0.083825
-0.210663
-0.306091
-0.393293
-0.474865
-0.549302
-0.614497
-0.668518
-0.691452
-0.689209
-0.672360
-0.647700
-0.619529
-0.590511
-0.562236
-0.535602
-0.511061
-0.488791
-0.414469
-0.322042
-0.228854
-0.140679
-0.060664
0.000000
0.000000
0.092416
0.216393
0.311230
0.398178
0.479440
0.553439
0.618068
0.671417
0.692230
0.688716
0.671145
0.646115
0.617796
0.588766
0.560558
0.534034
0.509625
0.487493
0.409796
0.316672
0.223479
0.135571
0.055994
0.000000
0.000000
-0.100686
-0.221922
-0.316197
-0.402905
-0.483872
-0.557452
-0.621541
-0.674245
-0.693008
-0.688265
-0.669995
-0.644606
-0.616142
-0.587097
-0.558952
-0.532533
-0.508250
-0.486250
-0.405325
-0.311535
-0.218340
-0.130690
-0.051534
0.000000
0.000000
0.108588
0.227204
0.320941
0.407421
0.488104
0.561285
0.624856
0.676942
0.693748
0.687829
0.668892
0.643160
0.614557
0.585499
0.557414
0.531097
0.506934
0.482734
0.399791
0.305716
0.212736
0.125532
0.046982
0.000000
0.000000
-0.116835
-0.232648
-0.325790
-0.412008
-0.492381
-0.565133
-0.628160
-0.679523
-0.694393
-0.687317
-0.667725
-0.641660
-0.612928
-0.583863
-0.555845
-0.529632
-0.505594
-0.476524
-0.392687
-0.298722
-0.206221
-0.119713
-0.042025
0.000000
0.000000
0.126256
0.238855
0.331317
0.417239
0.497262
0.569531
0.631943
0.680869
0.694259
0.686323
0.666272
0.640002
0.611220
0.582199
0.554277
0.528188
0.504283
0.470494
0.385791
0.291931
0.199894
0.114063
0.037210
0.000000
0.000000
-0.135554
-0.245033
-0.336855
-0.422513
-0.502215
-0.574030
-0.635854
-0.682370
-0.694287
-0.685491
-0.664973
-0.638485
-0.609640
-0.580651
-0.552813
-0.526835
-0.503053
-0.464780
-0.379275
-0.285541
-0.193966
-0.108795
-0.032750
0.000000
0.000000
0.144341
0.250900
0.342131
0.427548
0.506954
0.578344
0.639616
0.683827
0.694337
0.684716
0.663750
0.637052
0.608146
0.579184
0.551426
0.525554
0.501887
0.459292
0.373016
0.279403
0.188274
0.103738
0.028471
0.000000
0.000000
-0.152747
-0.256505
-0.347168
-0.432352
-0.511472
-0.582455
-0.643196
-0.685207
-0.694373
-0.683965
-0.662572
-0.635675
-0.606711
-0.577777
-0.550094
-0.524324
-0.500769
-0.454036
-0.367020
-0.273521
-0.182817
-0.098889
-0.024365
0.000000
0.005465
0.160638
0.262489
0.352653
0.437494
0.516175
0.586587
0.646635
0.686326
0.694089
0.682875
0.661057
0.633977
0.604979
0.576098
0.548518
0.522875
0.499457
0.448539
0.360768
0.267379
0.177106
0.093797
0.020034
0.000000
-0.017975
-0.168596
-0.269414
-0.359103
-0.443424
-0.521431
-0.591015
-0.650108
-0.687162
-0.693349
-0.681246
-0.658978
-0.631724
-0.602721
-0.573933
-0.546500
-0.521029
-0.497789
-0.443516
-0.355072
-0.261710
-0.171738
-0.088905
-0.015757
0.000000
0.030127
0.176339
0.276156
0.365385
0.449200
0.526553
0.595333
0.653499
0.687987
0.692640
0.679672
0.656966
0.629542
0.600532
0.571835
0.544544
0.519238
0.496173
0.438626
0.349535
0.256206
0.166536
0.084174
0.011629
0.000000
-0.041659
-0.183626
-0.282461
-0.371230
-0.454546
-0.531262
-0.599269
-0.656548
-0.688650
-0.691881
-0.678115
-0.655009
-0.627435
-0.598428
-0.569821
-0.542670
-0.517526
-0.494627
-0.433927
-0.344206
-0.250903
-0.161517
-0.079603
-0.007635
0.000000
0.052772
0.190641
0.288527
0.376850
0.459685
0.535788
0.603050
0.659474
0.689285
0.691151
0.676619
0.653129
0.625411
0.596406
0.567888
0.540869
0.515880
0.493143
0.429431
0.339109
0.245832
0.156719
0.075233
0.003818
0.000000
-0.063412
-0.197362
-0.294342
-0.382240
-0.464615
-0.540132
-0.606680
-0.662288
-0.689901
-0.690457
-0.675190
-0.651332
-0.623475
-0.594472
-0.566037
-0.539147
-0.514306
-0.491721
-0.424885
-0.333956
-0.240721
-0.151901
-0.070867
-0.000025
0.000000
0.074249
0.204256
0.300334
0.387811
0.469723
0.544645
0.610466
0.665236
0.690549
0.689735
0.673697
0.649454
0.621452
0.592450
0.564102
0.537345
0.512659
0.490236
0.419792
0.328159
0.234967
0.146479
0.065955
0.000000
0.000000
-0.083094
-0.210175
-0.305654
-0.392877
-0.474476
-0.548951
-0.614193
-0.668272
-0.691386
-0.689252
-0.672464
-0.647835
-0.619677
-0.590660
-0.562380
-0.535735
-0.511184
-0.488902
-0.414867
-0.322500
-0.229312
-0.141115
-0.061062
0.000000
0.000000
0.091710
0.215921
0.310807
0.397775
0.479061
0.553096
0.617772
0.671176
0.692163
0.688754
0.671243
0.646244
0.617937
0.588908
0.560695
0.534162
0.509742
0.487599
0.410178
0.317110
0.223917
0.135987
0.056374
0.000000
0.000000
-0.100012
-0.221471
-0.315792
-0.402520
-0.483511
-0.557125
-0.621258
-0.674014
-0.692945
-0.688302
-0.670089
-0.644729
-0.616277
-0.587233
-0.559083
-0.532656
-0.508362
-0.486352
-0.405691
-0.311955
-0.218761
-0.131089
-0.051899
0.000000
0.000000
0.107942
0.226772
0.320553
0.407052
0.487759
0.560972
0.624586
0.676722
0.693687
0.687865
0.668982
0.643278
0.614687
0.585630
0.557540
0.531214
0.507041
0.483223
0.400351
0.306269
0.213253
0.125995
0.047378
0.000000
0.000000
-0.116102
-0.232170
-0.325367
-0.411610
-0.492012
-0.564803
-0.627878
-0.679378
-0.694383
-0.687386
-0.667837
-0.641793
-0.613067
-0.584000
-0.555975
-0.529753
-0.505703
-0.477030
-0.393266
-0.299292
-0.206752
-0.120187
-0.042428
0.000000
0.000000
0.125476
0.238338
0.330853
0.416798
0.496848
0.569155
0.631617
0.680746
0.694259
0.686396
0.666384
0.640132
0.611354
0.582331
0.554402
0.528303
0.504387
0.470979
0.386344
0.292475
0.200399
0.114513
0.037592
0.000000
0.000000
-0.134807
-0.244536
-0.336408
-0.422087
-0.501814
-0.573665
-0.635536
-0.682247
-0.694284
-0.685557
-0.665077
-0.638607
-0.609767
-0.580775
-0.552931
-0.526944
-0.503152
-0.465244
-0.379805
-0.286060
-0.194448
-0.109223
-0.033112
0.000000
0.000000
0.143629
0.250425
0.341704
0.427141
0.506571
0.577996
0.639312
0.683710
0.694333
0.684779
0.663849
0.637168
0.608268
0.579303
0.551538
0.525658
0.501982
0.459737
0.373524
0.279900
0.188735
0.104148
0.028818
0.000000
0.000000
-0.152065
-0.256050
-0.346759
-0.431962
-0.511106
-0.582122
-0.642905
-0.685095
-0.694370
-0.684026
-0.662667
-0.635786
-0.606828
-0.577891
-0.550202
-0.524423
-0.500860
-0.454461
-0.367506
-0.273997
-0.183259
-0.099282
-0.024698
0.000000
0.004491
0.160015
0.261945
0.352146
0.437026
0.515759
0.586234
0.646356
0.686256
0.694143
0.683000
0.661217
0.634151
0.605154
0.576266
0.548675
0.523019
0.499586
0.449007
0.361299
0.267903
0.177595
0.094236
0.020411
0.000000
-0.016899
-0.167914
-0.268822
-0.358553
-0.442919
-0.520985
-0.590640
-0.649816
-0.687094
-0.693415
-0.681388
-0.659158
-0.631918
-0.602915
-0.574119
-0.546674
-0.521187
-0.497933
-0.443951
-0.355566
-0.262200
-0.172202
-0.089328
-0.016126
0.000000
0.029086
0.175678
0.275583
0.364852
0.448711
0.526120
0.594970
0.653215
0.687921
0.692704
0.679809
0.657140
0.629730
0.600720
0.572015
0.544712
0.519392
0.496311
0.439046
0.350011
0.256680
0.166984
0.084582
0.011985
0.000000
-0.040666
-0.182998
-0.281918
-0.370726
-0.454085
-0.530857
-0.598930
-0.656285
-0.688592
-0.691946
-0.678249
-0.655177
-0.627616
-0.598609
-0.569995
-0.542831
-0.517673
-0.494760
-0.434331
-0.344664
-0.251358
-0.161948
-0.079995
-0.007978
0.000000
0.051818
0.190038
0.288006
0.376367
0.459243
0.535399
0.602725
0.659223
0.689230
0.691214
0.676747
0.653291
0.625585
0.596580
0.568054
0.541024
0.516022
0.493270
0.429817
0.339547
0.246268
0.157131
0.075609
0.004146
0.000000
-0.062498
-0.196785
-0.293843
-0.381777
-0.464192
-0.539759
-0.606369
-0.662047
-0.689848
-0.690517
-0.675312
-0.651486
-0.623642
-0.594638
-0.566196
-0.539295
-0.514441
-0.491844
-0.425303
-0.334430
-0.241189
-0.152340
-0.071263
-0.000367
0.000000
0.073243
0.203611
0.299770
0.387285
0.469240
0.544216
0.610105
0.664953
0.690486
0.689803
0.673840
0.649633
0.621645
0.592644
0.564287
0.537517
0.512816
0.490378
0.420279
0.328716
0.235522
0.147005
0.066434
0.000000
0.000000
-0.082243
-0.209607
-0.305144
-0.392392
-0.474021
-0.548539
-0.613837
-0.667983
-0.691307
-0.689299
-0.672583
-0.647990
-0.619848
-0.590832
-0.562545
-0.535890
-0.511325
-0.489030
-0.415335
-0.323037
-0.229849
-0.141624
-0.061527
0.000000
0.000000
0.090890
0.215374
0.310316
0.397308
0.478624
0.552701
0.617430
0.670899
0.692088
0.688801
0.671359
0.646395
0.618103
0.589074
0.560855
0.534311
0.509879
0.487723
0.410624
0.317623
0.224430
0.136474
0.056820
0.000000
0.000000
-0.099223
-0.220944
-0.315318
-0.402069
-0.483088
-0.556743
-0.620927
-0.673745
-0.692871
-0.688345
-0.670199
-0.644873
-0.616435
-0.587393
-0.559237
-0.532799
-0.508494
-0.486470
-0.406118
-0.312446
-0.219251
-0.131555
-0.052325
0.000000
0.000000
0.107187
0.226268
0.320100
0.406621
0.487354
0.560606
0.624269
0.676464
0.693617
0.687906
0.669087
0.643416
0.614838
0.585782
0.557687
0.531351
0.507167
0.483795
0.401006
0.306915
0.213856
0.126535
0.047840
0.000000
0.000000
-0.115247
-0.231611
-0.324873
-0.411146
-0.491581
-0.564417
-0.627550
-0.679116
-0.694319
-0.687439
-0.667958
-0.641948
-0.613235
-0.584168
-0.556136
-0.529903
-0.505840
-0.477681
-0.394010
-0.300023
-0.207430
-0.120791
-0.042941
0.000000
0.000000
0.124477
0.237674
0.330258
0.416232
0.496318
0.568675
0.631200
0.680592
0.694264
0.686494
0.666532
0.640303
0.611532
0.582504
0.554565
0.528454
0.504524
0.471614
0.387071
0.293190
0.201065
0.115106
0.038097
0.000000
0.000000
-0.133828
-0.243885
-0.335824
-0.421531
-0.501292
-0.573191
-0.635124
-0.682089
-0.694281
-0.685645
-0.665214
-0.638767
-0.609934
-0.580939
-0.553085
-0.527087
-0.503282
-0.465848
-0.380494
-0.286736
-0.195075
-0.109781
-0.033584
0.000000
0.000000
0.142700
0.249805
0.341146
0.426609
0.506070
0.577540
0.638915
0.683556
0.694328
0.684861
0.663979
0.637320
0.608426
0.579459
0.551685
0.525793
0.502105
0.460317
0.374185
0.280549
0.189337
0.104683
0.029270
0.000000
0.000000
-0.151176
-0.255458
-0.346226
-0.431454
-0.510628
-0.581687
-0.642527
-0.684949
-0.694366
-0.684105
-0.662792
-0.635932
-0.606979
-0.578040
-0.550343
-0.524553
-0.500978
-0.455017
-0.368140
-0.274619
-0.183836
-0.099795
-0.025132
0.000000
0.003221
0.159203
0.261236
0.351483
0.436415
0.515215
0.585774
0.645992
0.686164
0.694214
0.683162
0.661426
0.634379
0.605382
0.576486
0.548880
0.523206
0.499756
0.449654
0.362032
0.268623
0.178267
0.094836
0.020923
0.000000
-0.015438
-0.166990
-0.268022
-0.357810
-0.442238
-0.520384
-0.590137
-0.649424
-0.687005
-0.693507
-0.681582
-0.659403
-0.632183
-0.603179
-0.574373
-0.546910
-0.521403
-0.498127
-0.444543
-0.356238
-0.262869
-0.172834
-0.089904
-0.016629
0.000000
0.027665
0.174775
0.274797
0.364121
0.448040
0.525526
0.594470
0.652824
0.687828
0.692790
0.679995
0.657376
0.629986
0.600977
0.572261
0.544941
0.519602
0.496501
0.439619
0.350660
0.257325
0.167594
0.085136
0.012469
0.000000
-0.039314
-0.182144
-0.281179
-0.370041
-0.453458
-0.530304
-0.598468
-0.655927
-0.688514
-0.692035
-0.678431
-0.655406
-0.627863
-0.598855
-0.570230
-0.543050
-0.517874
-0.494941
-0.434881
-0.345287
-0.251979
-0.162535
-0.080530
-0.008445
0.000000
0.050517
0.189217
0.287296
0.375709
0.458641
0.534869
0.602282
0.658880
0.689155
0.691299
0.676922
0.653511
0.625822
0.596817
0.568280
0.541235
0.516214
0.493444
0.430344
0.340144
0.246862
0.157693
0.076120
0.004593
0.000000
-0.061252
-0.195998
-0.293162
-0.381146
-0.463614
-0.539250
-0.605944
-0.661717
-0.689776
-0.690598
-0.675480
-0.651697
-0.623868
-0.594865
-0.566413
-0.539496
-0.514625
-0.492010
-0.425873
-0.335076
-0.241827
-0.152939
-0.071803
-0.000833
0.000000
0.071872
0.202732
0.299002
0.386568
0.468580
0.543632
0.609613
0.664568
0.690401
0.689897
0.674034
0.649877
0.621909
0.592907
0.564539
0.537752
0.513031
0.490571
0.420944
0.329475
0.236279
0.147722
0.067087
0.000000
0.000000
-0.081083
-0.208832
-0.304448
-0.391730
-0.473401
-0.547977
-0.613352
-0.667588
-0.691198
-0.689363
-0.672744
-0.648202
-0.620080
-0.591066
-0.562770
-0.536100
-0.511518
-0.489204
-0.415973
-0.323770
-0.230581
-0.142319
-0.062161
0.000000
0.000000
0.089771
0.214628
0.309646
0.396672
0.478028
0.552161
0.616965
0.670521
0.691987
0.688865
0.671517
0.646601
0.618328
0.589301
0.561073
0.534515
0.510066
0.487892
0.411232
0.318322
0.225130
0.137139
0.057427
0.000000
0.000000
-0.098147
-0.220225
-0.314672
-0.401455
-0.482511
-0.556221
-0.620476
-0.673377
-0.692770
-0.688404
-0.670349
-0.645070
-0.616651
-0.587610
-0.559446
-0.532995
-0.508673
-0.486632
-0.406700
-0.313115
-0.219920
-0.132191
-0.052906
0.000000
0.000000
0.106158
0.225580
0.319483
0.406033
0.486803
0.560107
0.623837
0.676113
0.693521
0.687963
0.669231
0.643604
0.615044
0.585990
0.557887
0.531538
0.507338
0.484575
0.401899
0.307796
0.214679
0.127272
0.048470
0.000000
0.000000
-0.114080
-0.230849
-0.324200
-0.410512
-0.490994
-0.563892
-0.627102
-0.678759
-0.694231
-0.687513
-0.668122
-0.642158
-0.613463
-0.584397
-0.556356
-0.530108
-0.506028
-0.478569
-0.395024
-0.301018
-0.208356
-0.121615
-0.043639
0.000000
0.000000
0.123115
0.236769
0.329448
0.415462
0.495595
0.568020
0.630633
0.680381
0.694272
0.686628
0.666734
0.640536
0.611773
0.582740
0.554788
0.528660
0.504711
0.472481
0.388062
0.294165
0.201972
0.115916
0.038786
0.000000
0.000000
-0.132493
-0.242997
-0.335028
-0.420772
-0.500579
-0.572543
-0.634561
-0.681873
-0.694277
-0.685765
-0.665401
-0.638985
-0.610161
-0.581161
-0.553296
-0.527282
-0.503459
-0.466673
-0.381434
-0.287659
-0.195931
-0.110541
-0.034229
0.000000
0.000000
0.141432
0.248959
0.340386
0.425883
0.505387
0.576918
0.638373
0.683346
0.694322
0.684973
0.664155
0.637527
0.608641
0.579670
0.551885
0.525978
0.502273
0.461108
0.375087
0.281434
0.190158
0.105412
0.029887
0.000000
0.000000
-0.149964
-0.254649
-0.345500
-0.430761
-0.509976
-0.581094
-0.642010
-0.684750
-0.694360
-0.684214
-0.662961
-0.636130
-0.607186
-0.578243
-0.550535
-0.524731
-0.501139
-0.455775
-0.369004
-0.275467
-0.184623
-0.100494
-0.025723
0.000000
0.001490
0.158096
0.260269
0.350580
0.435582
0.514474
0.585146
0.645497
0.686038
0.694310
0.683384
0.661712
0.634689
0.605694
0.576785
0.549159
0.523462
0.499986
0.450534
0.363031
0.269606
0.179182
0.095655
0.021622
0.000000
-0.013447
-0.165730
-0.266930
-0.356797
-0.441310
-0.519564
-0.589450
-0.648890
-0.686884
-0.693633
-0.681846
-0.659737
-0.632543
-0.603540
-0.574718
-0.547231
-0.521697
-0.498393
-0.445351
-0.357153
-0.263780
-0.173696
-0.090688
-0.017314
0.000000
0.025727
0.173543
0.273726
0.363125
0.447125
0.524716
0.593789
0.652290
0.687701
0.692906
0.680248
0.657699
0.630335
0.601326
0.572596
0.545253
0.519887
0.496758
0.440400
0.351544
0.258204
0.168425
0.085893
0.013129
0.000000
-0.037470
-0.180978
-0.280170
-0.369106
-0.452603
-0.529550
-0.597838
-0.655438
-0.688407
-0.692155
-0.678679
-0.655719
-0.628199
-0.599191
-0.570552
-0.543349
-0.518147
-0.495188
-0.435631
-0.346138
-0.252825
-0.163336
-0.081259
-0.009082
0.000000
0.048743
0.188097
0.286327
0.374812
0.457821
0.534146
0.601678
0.658412
0.689054
0.691415
0.677161
0.653811
0.626145
0.597139
0.568589
0.541522
0.516477
0.493681
0.431062
0.340958
0.247671
0.158459
0.076818
0.005202
0.000000
-0.059553
-0.194925
-0.292234
-0.380286
-0.462828
-0.538557
-0.605364
-0.661268
-0.689678
-0.690709
-0.675708
-0.651984
-0.624178
-0.595174
-0.566708
-0.539771
-0.514877
-0.492237
-0.426650
-0.335956
-0.242698
-0.153756
-0.072539
-0.001467
0.000000
0.070003
0.201532
0.297954
0.385591
0.467682
0.542835
0.608942
0.664042
0.690285
0.690024
0.674298
0.650211
0.622268
0.593266
0.564883
0.538072
0.513323
0.490835
0.421849
0.330510
0.237311
0.148699
0.067977
0.000000
0.000000
-0.079502
-0.207776
-0.303500
-0.390828
-0.472555
-0.547212
-0.612690
-0.667049
-0.691051
-0.689450
-0.672965
-0.648491
-0.620396
-0.591385
-0.563077
-0.536387
-0.511781
-0.489442
-0.416842
-0.324769
-0.231580
-0.143266
-0.063026
0.000000
0.000000
0.088247
0.213611
0.308734
0.395804
0.477215
0.551426
0.616330
0.670005
0.691848
0.688952
0.671732
0.646881
0.618635
0.589611
0.561371
0.534793
0.510321
0.488122
0.412062
0.319275
0.226084
0.138046
0.058256
0.000000
0.000000
-0.096680
-0.219244
-0.313792
-0.400616
-0.481726
-0.555509
-0.619860
-0.672876
-0.692632
-0.688484
-0.670553
-0.645338
-0.616944
-0.587906
-0.559731
-0.533261
-0.508917
-0.486853
-0.407493
-0.314026
-0.220833
-0.133057
-0.053697
0.000000
0.000000
0.104756
0.224643
0.318641
0.405231
0.486052
0.559427
0.623249
0.675634
0.693389
0.688040
0.669427
0.643861
0.615326
0.586274
0.558160
0.531793
0.507572
0.485637
0.403116
0.308997
0.215801
0.128277
0.049330
0.000000
0.000000
-0.112489
-0.229811
-0.323282
-0.409648
-0.490192
-0.563175
-0.626491
-0.678272
-0.694111
-0.687613
-0.668346
-0.642445
-0.613775
-0.584710
-0.556655
-0.530387
-0.506284
-0.479779
-0.396406
-0.302376
-0.209617
-0.122737
-0.044592
0.000000
0.000000
0.121259
0.235536
0.328343
0.414411
0.494610
0.567127
0.629859
0.680094
0.694281
0.686810
0.667010
0.640854
0.612103
0.583062
0.555092
0.528940
0.504966
0.473663
0.389413
0.295494
0.203209
0.117019
0.039724
0.000000
0.000000
-0.130673
-0.241787
-0.333943
-0.419738
-0.499608
-0.571661
-0.633793
-0.681579
-0.694271
-0.685928
-0.665656
-0.639283
-0.610471
-0.581465
-0.553583
-0.527547
-0.503700
-0.467796
-0.382716
-0.288916
-0.197097
-0.111578
-0.035107
0.000000
0.000000
0.139705
0.247806
0.339349
0.424894
0.504456
0.576071
0.637634
0.683061
0.694312
0.685126
0.664396
0.637809
0.608935
0.579958
0.552158
0.526230
0.502503
0.462186
0.376317
0.282640
0.191276
0.106406
0.030728
0.000000
0.000000
-0.148312
-0.253547
-0.344509
-0.429816
-0.509087
-0.580285
-0.641306
-0.684478
-0.694353
-0.684361
-0.663193
-0.636401
-0.607468
-0.578519
-0.550797
-0.524972
-0.501359
-0.456808
-0.370182
-0.276623
-0.185695
-0.101446
-0.026530
0.000000
0.000000
0.156559
0.259047
0.349452
0.434531
0.513522
0.584321
0.644821
0.685834
0.694390
0.683626
0.662039
0.635051
0.606062
0.577140
0.549492
0.523767
0.500263
0.451657
0.364307
0.270859
0.180349
0.096696
0.022508
0.000000
-0.010900
-0.164113
-0.265525
-0.355490
-0.440110
-0.518502
-0.588557
-0.648191
-0.686720
-0.693787
-0.682180
-0.660161
-0.633002
-0.604000
-0.575159
-0.547642
-0.522073
-0.498732
-0.446378
-0.358317
-0.264938
-0.174793
-0.091687
-0.018187
0.000000
0.023250
0.171966
0.272354
0.361847
0.445950
0.523675
0.592912
0.651602
0.687535
0.693051
0.680569
0.658109
0.630780
0.601772
0.573023
0.545652
0.520252
0.497088
0.441396
0.352673
0.259326
0.169485
0.086857
0.013971
0.000000
-0.035118
-0.179492
-0.278884
-0.367913
-0.451512
-0.528589
-0.597035
-0.654816
-0.688271
-0.692310
-0.678997
-0.656118
-0.628629
-0.599620
-0.570962
-0.543732
-0.518496
-0.495503
-0.436588
-0.347224
-0.253906
-0.164359
-0.082191
-0.009896
0.000000
0.046478
0.186667
0.285091
0.373666
0.456773
0.533224
0.600907
0.657815
0.688924
0.691564
0.677466
0.654194
0.626557
0.597551
0.568983
0.541889
0.516812
0.493983
0.431978
0.341997
0.248705
0.159437
0.077709
0.005980
0.000000
-0.057384
-0.193555
-0.291048
-0.379187
-0.461823
-0.537671
-0.604624
-0.660695
-0.689552
-0.690851
-0.675999
-0.652350
-0.624572
-0.595568
-0.567085
-0.540123
-0.515198
-0.492526
-0.427564
-0.336993
-0.243727
-0.154727
-0.073420
-0.002233
0.000000
0.067827
0.200151
0.296755
0.384476
0.466660
0.541933
0.608186
0.663455
0.690156
0.690169
0.674596
0.650585
0.622672
0.593669
0.565269
0.538431
0.513652
0.491131
0.422865
0.331665
0.238457
0.149777
0.068952
0.000000
0.000000
-0.077745
-0.206599
-0.302442
-0.389819
-0.471609
-0.546354
-0.611947
-0.666444
-0.690883
-0.689545
-0.673210
-0.648813
-0.620749
-0.591741
-0.563420
-0.536707
-0.512074
-0.489707
-0.417824
-0.325897
-0.232708
-0.144337
-0.064002
0.000000
0.000000
0.086529
0.212465
0.307707
0.394828
0.476301
0.550600
0.615617
0.669427
0.691693
0.689051
0.671975
0.647199
0.618982
0.589961
0.561707
0.535107
0.510608
0.488382
0.412997
0.320350
0.227160
0.139069
0.059191
0.000000
0.000000
-0.095024
-0.218137
-0.312797
-0.399670
-0.480838
-0.554705
-0.619165
-0.672310
-0.692476
-0.688574
-0.670783
-0.645640
-0.617275
-0.588240
-0.560052
-0.533561
-0.509192
-0.487101
-0.408388
-0.315054
-0.221861
-0.134034
-0.054589
0.000000
0.000000
0.103175
0.223586
0.317691
0.404328
0.485205
0.558660
0.622586
0.675095
0.693241
0.688127
0.669648
0.644150
0.615643
0.586594
0.558468
0.532081
0.507835
0.485875
0.403974
0.309983
0.216787
0.129214
0.050186
0.000000
0.000000
-0.110974
-0.228798
-0.322373
-0.408783
-0.489381
-0.562441
-0.625856
-0.677755
-0.693970
-0.687697
-0.668558
-0.642723
-0.614079
-0.585016
-0.556950
-0.530663
-0.506536
-0.480927
-0.397721
-0.303673
-0.210828
-0.123823
-0.045520
0.000000
0.000000
0.119541
0.234414
0.327351
0.413478
0.493744
0.566353
0.629199
0.679873
0.694325
0.687007
0.667288
0.641167
0.612423
0.583373
0.555384
0.529209
0.505210
0.474774
0.390685
0.296748
0.204379
0.118066
0.040618
0.000000
0.000000
-0.128957
-0.240648
-0.332923
-0.418768
-0.498697
-0.570834
-0.633074
-0.681303
-0.694267
-0.686082
-0.665896
-0.639562
-0.610762
-0.581750
-0.553853
-0.527796
-0.503926
-0.468844
-0.383910
-0.290087
-0.198184
-0.112543
-0.035924
0.000000
0.000000
0.138092
0.246729
0.338380
0.423969
0.503586
0.575278
0.636943
0.682792
0.694303
0.685268
0.664620
0.638071
0.609209
0.580227
0.552412
0.526465
0.502716
0.463193
0.377466
0.283767
0.192321
0.107334
0.031514
0.000000
0.000000
-0.146769
-0.252519
-0.343585
-0.428935
-0.508259
-0.579531
-0.640649
-0.684225
-0.694347
-0.684499
-0.663409
-0.636654
-0.607732
-0.578778
-0.551041
-0.525198
-0.501564
-0.457773
-0.371283
-0.277702
-0.186697
-0.102337
-0.027284
0.000000
0.000000
0.155079
0.258060
0.348565
0.433685
0.512726
0.583596
0.644190
0.685591
0.694383
0.683758
0.662246
0.635294
0.606314
0.577388
0.549726
0.523983
0.500459
0.452581
0.365361
0.271893
0.181307
0.097548
0.023229
0.000000
-0.008789
-0.162763
-0.264346
-0.354388
-0.439094
-0.517598
-0.587791
-0.647586
-0.686567
-0.693905
-0.682450
-0.660509
-0.633381
-0.604380
-0.575524
-0.547982
-0.522384
-0.499013
-0.447217
-0.359269
-0.265886
-0.175691
-0.092507
-0.018904
0.000000
0.021201
0.170657
0.271212
0.360781
0.444969
0.522803
0.592175
0.651022
0.687390
0.693167
0.680832
0.658447
0.631146
0.602141
0.573377
0.545981
0.520554
0.497360
0.442219
0.353605
0.260252
0.170360
0.087653
0.014665
0.000000
-0.033179
-0.178267
-0.277824
-0.366931
-0.450614
-0.527798
-0.596374
-0.654304
-0.688161
-0.692438
-0.679259
-0.656447
-0.628983
-0.599975
-0.571301
-0.544047
-0.518785
-0.495763
-0.437380
-0.348122
-0.254799
-0.165204
-0.082961
-0.010569
0.000000
0.044607
0.185486
0.284069
0.372720
0.455908
0.532462
0.600271
0.657323
0.688817
0.691687
0.677718
0.654511
0.626898
0.597892
0.569309
0.542192
0.517089
0.494233
0.432735
0.342855
0.249559
0.160245
0.078445
0.006623
0.000000
-0.055593
-0.192423
-0.290069
-0.378280
-0.460992
-0.536940
-0.604012
-0.660221
-0.689448
-0.690967
-0.676240
-0.652653
-0.624898
-0.595894
-0.567397
-0.540413
-0.515463
-0.492766
-0.428289
-0.337815
-0.244545
-0.155500
-0.074124
-0.002849
0.000000
0.066112
0.199067
0.295817
0.383608
0.465866
0.541234
0.607601
0.663002
0.690057
0.690281
0.674827
0.650875
0.622984
0.593981
0.565567
0.538709
0.513906
0.491361
0.423650
0.332555
0.239336
0.150602
0.069696
0.000000
0.000000
-0.076395
-0.205694
-0.301627
-0.389042
-0.470879
-0.545692
-0.611373
-0.665975
-0.690753
-0.689618
-0.673398
-0.649060
-0.621021
-0.592015
-0.563684
-0.536954
-0.512301
-0.489911
-0.418586
-0.326773
-0.233583
-0.145166
-0.064758
0.000000
0.000000
0.085199
0.211578
0.306912
0.394073
0.475595
0.549962
0.615066
0.668980
0.691574
0.689129
0.672165
0.647445
0.619251
0.590232
0.561967
0.535350
0.510831
0.488583
0.413721
0.321182
0.227993
0.139861
0.059916
0.000000
0.000000
-0.093741
-0.217279
-0.312026
-0.398936
-0.480150
-0.554082
-0.618625
-0.671871
-0.692355
-0.688644
-0.670961
-0.645873
-0.617532
-0.588499
-0.560301
-0.533794
-0.509405
-0.487294
-0.409081
-0.315850
-0.222657
-0.134790
-0.055280
0.000000
0.000000
0.101950
0.222767
0.316956
0.403628
0.484549
0.558066
0.622072
0.674676
0.693127
0.688195
0.669819
0.644374
0.615888
0.586841
0.558706
0.532303
0.508039
0.486060
0.404639
0.310747
0.217551
0.129940
0.050849
0.000000
0.000000
-0.109800
-0.228014
-0.321668
-0.408113
-0.488753
-0.561872
-0.625364
-0.677355
-0.693861
-0.687762
-0.668722
-0.642938
-0.614314
-0.585254
-0.557178
-0.530876
-0.506732
-0.481816
-0.398739
-0.304678
-0.211767
-0.124664
-0.046239
0.000000
0.000000
0.118209
0.233545
0.326583
0.412755
0.493073
0.565753
0.628688
0.679701
0.694358
0.687159
0.667503
0.641410
0.612672
0.583614
0.555611
0.529417
0.505398
0.475635
0.391670
0.297719
0.205285
0.118876
0.041310
0.000000
0.000000
-0.127628
-0.239766
-0.332133
-0.418016
-0.497991
-0.570193
-0.632518
-0.681090
-0.694263
-0.686201
-0.666081
-0.639778
-0.610987
-0.581971
-0.554061
-0.527989
-0.504102
-0.469656
-0.384835
-0.290994
-0.199025
-0.113291
-0.036557
0.000000
0.000000
0.136843
0.245895
0.337630
0.423253
0.502911
0.574664
0.636407
0.682584
0.694295
0.685378
0.664794
0.638275
0.609421
0.580436
0.552609
0.526647
0.502882
0.463974
0.378356
0.284640
0.193131
0.108053
0.032122
0.000000
0.000000
-0.145575
-0.251722
-0.342870
-0.428253
-0.507617
-0.578947
-0.640141
-0.684029
-0.694342
-0.684606
-0.663577
-0.636850
-0.607936
-0.578978
-0.551230
-0.525373
-0.501723
-0.458520
-0.372136
-0.278539
-0.187473
-0.103026
-0.027868
0.000000
0.000000
0.153932
0.257295
0.347877
0.433029
0.512109
0.583035
0.643701
0.685402
0.694378
0.683860
0.662406
0.635481
0.606510
0.577579
0.549907
0.524151
0.500612
0.453297
0.366177
0.272694
0.182050
0.098208
0.023788
0.000000
-0.007153
-0.161717
-0.263432
-0.353535
-0.438307
-0.516898
-0.587199
-0.647118
-0.686448
-0.693996
-0.682659
-0.660779
-0.633674
-0.604675
-0.575806
-0.548246
-0.522626
-0.499231
-0.447868
-0.360007
-0.266621
-0.176387
-0.093141
-0.019460
0.000000
0.019614
0.169643
0.270328
0.359956
0.444209
0.522128
0.591604
0.650573
0.687278
0.693257
0.681036
0.658708
0.631431
0.602426
0.573651
0.546237
0.520787
0.497572
0.442857
0.354327
0.260969
0.171038
0.088269
0.015202
0.000000
-0.031677
-0.177318
-0.277004
-0.366171
-0.449918
-0.527186
-0.595862
-0.653908
-0.688075
-0.692538
-0.679462
-0.656702
-0.629258
-0.600249
-0.571564
-0.544291
-0.519008
-0.495965
-0.437993
-0.348817
-0.255492
-0.165860
-0.083558
-0.011091
0.000000
0.043157
0.184571
0.283278
0.371987
0.455238
0.531872
0.599778
0.656942
0.688735
0.691783
0.677913
0.654756
0.627162
0.598156
0.569561
0.542427
0.517304
0.494427
0.433322
0.343520
0.250220
0.160871
0.079015
0.007121
0.000000
-0.054205
-0.191546
-0.289310
-0.377576
-0.460349
-0.536373
-0.603539
-0.659853
-0.689368
-0.691058
-0.676426
-0.652887
-0.625151
-0.596146
-0.567638
-0.540637
-0.515668
-0.492951
-0.428851
-0.338452
-0.245178
-0.156100
-0.074670
-0.003325
0.000000
0.064783
0.198228
0.295092
0.382935
0.465250
0.540691
0.607148
0.662651
0.689980
0.690368
0.675005
0.651100
0.623226
0.594223
0.565798
0.538924
0.514102
0.491538
0.424258
0.333244
0.240017
0.151241
0.070272
0.000000
0.000000
-0.075350
-0.204992
-0.300995
-0.388440
-0.470314
-0.545180
-0.610929
-0.665613
-0.690652
-0.689674
-0.673544
-0.649252
-0.621231
-0.592228
-0.563888
-0.537145
-0.512476
-0.490070
-0.419177
-0.327452
-0.234261
-0.145809
-0.065345
0.000000
0.000000
0.084168
0.210892
0.306296
0.393488
0.475047
0.549467
0.614639
0.668634
0.691482
0.689189
0.672311
0.647636
0.619460
0.590441
0.562169
0.535539
0.511004
0.488739
0.414282
0.321827
0.228639
0.140475
0.060477
0.000000
0.000000
-0.092747
-0.216614
-0.311429
-0.398368
-0.479617
-0.553599
-0.618207
-0.671531
-0.692261
-0.688698
-0.671099
-0.646055
-0.617730
-0.588699
-0.560494
-0.533974
-0.509570
-0.487443
-0.409618
-0.316467
-0.223273
-0.135376
-0.055815
0.000000
0.000000
0.101001
0.222133
0.316386
0.403086
0.484041
0.557605
0.621674
0.674352
0.693038
0.688247
0.669951
0.644548
0.616079
0.587033
0.558891
0.532476
0.508198
0.486202
0.405154
0.311338
0.218143
0.130502
0.051363
0.000000
0.000000
-0.108890
-0.227406
-0.321123
-0.407593
-0.488266
-0.561431
-0.624983
-0.677045
-0.693776
-0.687812
-0.668849
-0.643104
-0.614496
-0.585438
-0.557355
-0.531042
-0.506883
-0.482505
-0.399528
-0.305457
-0.212494
-0.125315
-0.046796
0.000000
0.000000
0.117178
0.232872
0.325988
0.412195
0.492554
0.565288
0.628292
0.679568
0.694385
0.687277
0.667669
0.641598
0.612864
0.583801
0.555786
0.529579
0.505545
0.476302
0.392433
0.298471
0.205987
0.119504
0.041846
0.000000
0.000000
-0.126598
-0.239083
-0.331521
-0.417433
-0.497444
-0.569696
-0.632086
-0.680924
-0.694260
-0.686293
-0.666225
-0.639946
-0.611162
-0.582142
-0.554223
-0.528138
-0.504237
-0.470284
-0.385552
-0.291697
-0.199677
-0.113870
-0.037047
0.000000
0.000000
0.135876
0.245249
0.337049
0.422698
0.502389
0.574189
0.635992
0.682424
0.694289
0.685463
0.664928
0.638432
0.609586
0.580597
0.552762
0.526789
0.503010
0.464578
0.379046
0.285316
0.193758
0.108610
0.032593
0.000000
0.000000
-0.144649
-0.251105
-0.342315
-0.427724
-0.507119
-0.578495
-0.639747
-0.683878
-0.694338
-0.684689
-0.663706
-0.637001
-0.608094
-0.579133
-0.551377
-0.525508
-0.501846
-0.459099
-0.372796
-0.279187
-0.188074
-0.103560
-0.028320
0.000000
0.000000
0.153043
0.256703
0.347345
0.432521
0.511631
0.582600
0.643322
0.685256
0.694374
0.683939
0.662530
0.635626
0.606661
0.577728
0.550048
0.524280
0.500730
0.453851
0.366809
0.273314
0.182626
0.098719
0.024221
0.000000
-0.005886
-0.160907
-0.262725
-0.352874
-0.437697
-0.516356
-0.586739
-0.646755
-0.686357
-0.694066
-0.682821
-0.660987
-0.633901
-0.604903
-0.576025
-0.548450
-0.522813
-0.499400
-0.448372
-0.360578
-0.267190
-0.176926
-0.093633
-0.019890
0.000000
0.018384
0.168858
0.269642
0.359316
0.443620
0.521605
0.591162
0.650224
0.687191
0.693326
0.681194
0.658911
0.631651
0.602647
0.573863
0.546434
0.520968
0.497735
0.443351
0.354886
0.261525
0.171563
0.088746
0.015618
0.000000
-0.030514
-0.176584
-0.276368
-0.365581
-0.449379
-0.526711
-0.595465
-0.653601
-0.688009
-0.692615
-0.679620
-0.656900
-0.629471
-0.600462
-0.571767
-0.544481
-0.519181
-0.496121
-0.438468
-0.349356
-0.256028
-0.166367
-0.084020
-0.011495
0.000000
0.042033
0.183862
0.282665
0.371419
0.454719
0.531415
0.599396
0.656646
0.688671
0.691857
0.678065
0.654946
0.627367
0.598360
0.569756
0.542609
0.517470
0.494577
0.433776
0.344035
0.250733
0.161356
0.079456
0.007507
0.000000
-0.053130
-0.190867
-0.288723
-0.377032
-0.459851
-0.535934
-0.603172
-0.659569
-0.689305
-0.691128
-0.676571
-0.653069
-0.625346
-0.596341
-0.567825
-0.540811
-0.515827
-0.493095
-0.429286
-0.338945
-0.245669
-0.156564
-0.075093
-0.003695
0.000000
0.063754
0.197578
0.294529
0.382414
0.464774
0.540271
0.606797
0.662379
0.689920
0.690435
0.675144
0.651274
0.623413
0.594410
0.565977
0.539091
0.514255
0.491676
0.424729
0.333778
0.240545
0.151736
0.070718
0.000000
0.000000
-0.074540
-0.204449
-0.300506
-0.387974
-0.469876
-0.544783
-0.610585
-0.665332
-0.690574
-0.689718
-0.673656
-0.649401
-0.621394
-0.592392
-0.564046
-0.537293
-0.512611
-0.490192
-0.419634
-0.327977
-0.234786
-0.146307
-0.065799
0.000000
0.000000
0.083370
0.210359
0.305819
0.393034
0.474623
0.549084
0.614308
0.668366
0.691411
0.689236
0.672425
0.647784
0.619622
0.590604
0.562325
0.535685
0.511138
0.488860
0.414717
0.322327
0.229139
0.140950
0.060911
0.000000
0.000000
-0.091976
-0.216100
-0.310967
-0.397927
-0.479204
-0.553225
-0.617884
-0.671267
-0.692188
-0.688740
-0.671206
-0.646195
-0.617884
-0.588854
-0.560643
-0.534113
-0.509698
-0.487559
-0.410034
-0.316944
-0.223751
-0.135829
-0.056230
0.000000
0.000000
0.100267
0.221642
0.315945
0.402666
0.483647
0.557249
0.621365
0.674101
0.692969
0.688288
0.670054
0.644683
0.616226
0.587182
0.559034
0.532610
0.508320
0.486313
0.405552
0.311796
0.218602
0.130938
0.051761
0.000000
0.000000
-0.108186
-0.226936
-0.320700
-0.407191
-0.487889
-0.561090
-0.624688
-0.676805
-0.693710
-0.687851
-0.668948
-0.643233
-0.614638
-0.585580
-0.557493
-0.531170
-0.507000
-0.483038
-0.400139
-0.306060
-0.213058
-0.125820
-0.047228
0.000000
0.000000
0.116379
0.232350
0.325527
0.411761
0.492152
0.564928
0.627985
0.679462
0.694404
0.687368
0.667798
0.641743
0.613013
0.583946
0.555922
0.529704
0.505658
0.476820
0.393026
0.299056
0.206532
0.119992
0.042262
0.000000
0.000000
-0.125799
-0.238552
-0.331045
-0.416981
-0.497019
-0.569311
-0.631751
-0.680796
-0.694258
-0.686364
-0.666336
-0.640076
-0.611297
-0.582275
-0.554349
-0.528254
-0.504343
-0.470773
-0.386109
-0.292244
-0.200184
-0.114320
-0.037428
0.000000
0.000000
0.135124
0.244747
0.336597
0.422267
0.501983
0.573819
0.635670
0.682299
0.694285
0.685529
0.665033
0.638555
0.609713
0.580722
0.552881
0.526898
0.503110
0.465048
0.379581
0.285841
0.194245
0.109042
0.032959
0.000000
0.000000
-0.143930
-0.250626
-0.341885
-0.427313
-0.506733
-0.578144
-0.639441
-0.683760
-0.694335
-0.684753
-0.663807
-0.637119
-0.608216
-0.579253
-0.551491
-0.525614
-0.501942
-0.459549
-0.373309
-0.279690
-0.188541
-0.103975
-0.028671
0.000000
0.000000
0.152353
0.256242
0.346931
0.432126
0.511260
0.582262
0.643028
0.685142
0.694371
0.684000
0.662627
0.635739
0.606779
0.577843
0.550157
0.524381
0.500822
0.454282
0.367301
0.273796
0.183073
0.099116
0.024557
0.000000
-0.004902
-0.160278
-0.262175
-0.352360
-0.437223
-0.515934
-0.586383
-0.646473
-0.686285
-0.694121
-0.682947
-0.661150
-0.634077
-0.605080
-0.576195
-0.548609
-0.522958
-0.499532
-0.448798
-0.361062
-0.267670
-0.177378
-0.094042
-0.020245
0.000000
0.017372
0.168213
0.269081
0.358794
0.443139
0.521179
0.590803
0.649943
0.687123
0.693386
0.681325
0.659079
0.631833
0.602829
0.574038
0.546598
0.521118
0.497870
0.443759
0.355349
0.261984
0.171998
0.089142
0.015963
0.000000
-0.029546
-0.175971
-0.275837
-0.365088
-0.448928
-0.526312
-0.595131
-0.653341
-0.687951
-0.692677
-0.679749
-0.657063
-0.629647
-0.600638
-0.571935
-0.544638
-0.519324
-0.496250
-0.438861
-0.349801
-0.256471
-0.166787
-0.084402
-0.011828
0.000000
0.041104
0.183275
0.282158
0.370948
0.454288
0.531036
0.599080
0.656401
0.688618
0.691918
0.678190
0.655103
0.627536
0.598529
0.569918
0.542760
0.517608
0.494701
0.434153
0.344462
0.251158
0.161758
0.079822
0.007827
0.000000
-0.052238
-0.190304
-0.288236
-0.376580
-0.459438
-0.535570
-0.602868
-0.659334
-0.689254
-0.691186
-0.676690
-0.653219
-0.625508
-0.596503
-0.567980
-0.540956
-0.515959
-0.493214
-0.429647
-0.339354
-0.246076
-0.156949
-0.075443
-0.004001
0.000000
0.062901
0.197039
0.294063
0.381982
0.464378
0.539923
0.606506
0.662153
0.689871
0.690491
0.675258
0.651418
0.623568
0.594565
0.566126
0.539229
0.514381
0.491790
0.425119
0.334221
0.240982
0.152147
0.071088
0.000216
0.000000
-0.073687
-0.203895
-0.300019
-0.387517
-0.469453
-0.544405
-0.610264
-0.665078
-0.690514
-0.689773
-0.673777
-0.649554
-0.621560
-0.592558
-0.564206
-0.537441
-0.512747
-0.490315
-0.420064
-0.328470
-0.235277
-0.146773
-0.066223
0.000000
0.000000
0.082618
0.209858
0.305369
0.392606
0.474222
0.548720
0.613994
0.668110
0.691342
0.689278
0.672530
0.647922
0.619772
0.590756
0.562472
0.535822
0.511263
0.488973
0.415129
0.322800
0.229612
0.141400
0.061322
0.000000
0.000000
-0.091251
-0.215615
-0.310532
-0.397514
-0.478817
-0.552875
-0.617581
-0.671021
-0.692121
-0.688780
-0.671308
-0.646328
-0.618030
-0.589001
-0.560784
-0.534245
-0.509819
-0.487668
-0.410427
-0.317396
-0.224204
-0.136259
-0.056623
0.000000
0.000000
0.099571
0.221176
0.315527
0.402268
0.483274
0.556911
0.621073
0.673864
0.692904
0.688326
0.670151
0.644810
0.616366
0.587323
0.559169
0.532736
0.508436
0.486418
0.405929
0.312229
0.219035
0.131349
0.052137
0.000000
0.000000
-0.107520
-0.226490
-0.320300
-0.406811
-0.487533
-0.560767
-0.624409
-0.676578
-0.693648
-0.687888
-0.669041
-0.643355
-0.614771
-0.585715
-0.557622
-0.531291
-0.507111
-0.483543
-0.400717
-0.306630
-0.213590
-0.126297
-0.047636
0.000000
0.000000
0.115624
0.231857
0.325091
0.411351
0.491771
0.564588
0.627695
0.679231
0.694347
0.687416
0.667905
0.641880
0.613161
0.584094
0.556065
0.529837
0.505780
0.477394
0.393682
0.299700
0.207131
0.120525
0.042715
0.000000
0.000000
-0.124917
-0.237967
-0.330521
-0.416482
-0.496551
-0.568887
-0.631384
-0.680660
-0.694262
-0.686451
-0.666467
-0.640227
-0.611454
-0.582428
-0.554493
-0.528387
-0.504464
-0.471334
-0.386750
-0.292875
-0.200771
-0.114844
-0.037874
0.000000
0.000000
0.134260
0.244172
0.336082
0.421776
0.501522
0.573400
0.635306
0.682159
0.694282
0.685606
0.665154
0.638696
0.609861
0.580866
0.553017
0.527024
0.503225
0.465582
0.380190
0.286438
0.194799
0.109535
0.033376
0.000000
0.000000
-0.143110
-0.250078
-0.341392
-0.426843
-0.506291
-0.577741
-0.639090
-0.683624
-0.694331
-0.684825
-0.663922
-0.637253
-0.608356
-0.579390
-0.551620
-0.525733
-0.502051
-0.460061
-0.373893
-0.280263
-0.189072
-0.104447
-0.029071
0.000000
0.000000
0.151568
0.255719
0.346461
0.431678
0.510838
0.581879
0.642694
0.685013
0.694367
0.684070
0.662737
0.635868
0.606913
0.577974
0.550281
0.524496
0.500926
0.454772
0.367860
0.274345
0.183582
0.099569
0.024940
0.000000
-0.003781
-0.159561
-0.261549
-0.351775
-0.436684
-0.515455
-0.585977
-0.646153
-0.686204
-0.694183
-0.683091
-0.661334
-0.634278
-0.605282
-0.576389
-0.548790
-0.523123
-0.499681
-0.449369
-0.361709
-0.268306
-0.177971
-0.094572
-0.020697
0.000000
0.016083
0.167398
0.268375
0.358138
0.442538
0.520649
0.590359
0.649597
0.687045
0.693467
0.681496
0.659295
0.632066
0.603063
0.574261
0.546806
0.521308
0.498041
0.444282
0.355941
0.262574
0.172556
0.089650
0.016407
0.000000
-0.028292
-0.175173
-0.275144
-0.364444
-0.448336
-0.525788
-0.594690
-0.652996
-0.687869
-0.692752
-0.679913
-0.657272
-0.629873
-0.600864
-0.572152
-0.544840
-0.519509
-0.496417
-0.439366
-0.350374
-0.257040
-0.167325
-0.084892
-0.012256
0.000000
0.039910
0.182521
0.281505
0.370343
0.453735
0.530548
0.598672
0.656085
0.688548
0.691996
0.678351
0.655305
0.627754
0.598747
0.570126
0.542953
0.517785
0.494861
0.434638
0.345012
0.251705
0.162276
0.080294
0.008239
0.000000
-0.051090
-0.189579
-0.287609
-0.376000
-0.458907
-0.535103
-0.602477
-0.659031
-0.689188
-0.691261
-0.676845
-0.653414
-0.625717
-0.596712
-0.568180
-0.541142
-0.516129
-0.493367
-0.430112
-0.339881
-0.246600
-0.157445
-0.075895
-0.004395
0.000000
0.061801
0.196345
0.293462
0.381425
0.463869
0.539474
0.606131
0.661862
0.689808
0.690562
0.675406
0.651604
0.623768
0.594765
0.566317
0.539407
0.514544
0.491937
0.425622
0.334791
0.241546
0.152675
0.071565
0.000627
0.000000
-0.072477
-0.203119
-0.299341
-0.386884
-0.468871
-0.543890
-0.609830
-0.664738
-0.690438
-0.689856
-0.673948
-0.649770
-0.621792
-0.592791
-0.564428
-0.537649
-0.512936
-0.490486
-0.420651
-0.329140
-0.235945
-0.147405
-0.066799
0.000000
0.000000
0.081595
0.209174
0.304755
0.392022
0.473674
0.548225
0.613566
0.667762
0.691246
0.689334
0.672673
0.648109
0.619977
0.590963
0.562671
0.536007
0.511433
0.489127
0.415691
0.323447
0.230259
0.142013
0.061881
0.000000
0.000000
-0.090265
-0.214957
-0.309942
-0.396952
-0.478291
-0.552399
-0.617170
-0.670687
-0.692032
-0.688837
-0.671447
-0.646510
-0.618229
-0.589201
-0.560977
-0.534425
-0.509984
-0.487817
-0.410964
-0.318013
-0.224821
-0.136846
-0.057159
0.000000
0.000000
0.098621
0.220542
0.314957
0.401726
0.482766
0.556451
0.620675
0.673539
0.692815
0.688378
0.670283
0.644983
0.616556
0.587514
0.559353
0.532908
0.508594
0.486561
0.406443
0.312820
0.219625
0.131910
0.052649
0.000000
0.000000
-0.106612
-0.225884
-0.319755
-0.406292
-0.487046
-0.560327
-0.624028
-0.676268
-0.693563
-0.687938
-0.669168
-0.643521
-0.614953
-0.585898
-0.557799
-0.531456
-0.507263
-0.484231
-0.401505
-0.307408
-0.214316
-0.126947
-0.048192
0.000000
0.000000
0.114594
0.231185
0.324497
0.410792
0.491253
0.564124
0.627299
0.678916
0.694270
0.687480
0.668050
0.642065
0.613362
0.584296
0.556259
0.530017
0.505945
0.478178
0.394577
0.300579
0.207947
0.121252
0.043331
0.000000
0.000000
-0.123716
-0.237168
-0.329805
-0.415802
-0.495914
-0.568309
-0.630883
-0.680474
-0.694268
-0.686569
-0.666645
-0.640433
-0.611667
-0.582636
-0.554690
-0.528569
-0.504629
-0.472099
-0.387625
-0.293735
-0.201572
-0.115559
-0.038482
0.000000
0.000000
0.133082
0.243389
0.335379
0.421107
0.500893
0.572829
0.634809
0.681968
0.694279
0.685712
0.665319
0.638889
0.610061
0.581063
0.553203
0.527196
0.503381
0.466309
0.381020
0.287252
0.195554
0.110206
0.033945
0.000000
0.000000
-0.141991
-0.249332
-0.340721
-0.426203
-0.505688
-0.577193
-0.638612
-0.683439
-0.694325
-0.684924
-0.664077
-0.637436
-0.608546
-0.579577
-0.551797
-0.525897
-0.502199
-0.460759
-0.374689
-0.281044
-0.189796
-0.105091
-0.029615
0.000000
0.000000
0.150499
0.255006
0.345820
0.431066
0.510263
0.581355
0.642238
0.684838
0.694363
0.684166
0.662887
0.636043
0.607095
0.578153
0.550450
0.524653
0.501068
0.455441
0.368623
0.275093
0.184276
0.100185
0.025462
0.000000
-0.002254
-0.158584
-0.260696
-0.350978
-0.435949
-0.514801
-0.585423
-0.645715
-0.686094
-0.694268
-0.683286
-0.661586
-0.634552
-0.605557
-0.576653
-0.549036
-0.523349
-0.499885
-0.450146
-0.362590
-0.269172
-0.178779
-0.095294
-0.021314
0.000000
0.014325
0.166286
0.267411
0.357244
0.441719
0.519926
0.589753
0.649125
0.686938
0.693578
0.681729
0.659589
0.632384
0.603381
0.574566
0.547089
0.521567
0.498276
0.444995
0.356749
0.263378
0.173316
0.090342
0.017012
0.000000
-0.026582
-0.174086
-0.274199
-0.363564
-0.447528
-0.525073
-0.594089
-0.652526
-0.687757
-0.692854
-0.680136
-0.657556
-0.630181
-0.601172
-0.572448
-0.545115
-0.519761
-0.496645
-0.440055
-0.351154
-0.257816
-0.168058
-0.085559
-0.012838
0.000000
0.038283
0.181492
0.280615
0.369518
0.452980
0.529883
0.598116
0.655654
0.688454
0.692102
0.678570
0.655581
0.628051
0.599043
0.570410
0.543217
0.518026
0.495079
0.435300
0.345763
0.252452
0.162983
0.080938
0.008801
0.000000
-0.049526
-0.188591
-0.286755
-0.375208
-0.458183
-0.534465
-0.601944
-0.658618
-0.689098
-0.691364
-0.677055
-0.653678
-0.626002
-0.596997
-0.568453
-0.541395
-0.516361
-0.493576
-0.430745
-0.340599
-0.247314
-0.158121
-0.076510
-0.004933
0.000000
0.060303
0.195398
0.292643
0.380665
0.463175
0.538863
0.605620
0.661466
0.689721
0.690660
0.675607
0.651857
0.624041
0.595038
0.566578
0.539650
0.514766
0.492137
0.426307
0.335568
0.242314
0.153396
0.072214
0.001187
0.000000
-0.070827
-0.202061
-0.298416
-0.386022
-0.468078
-0.543186
-0.609238
-0.664274
-0.690336
-0.689968
-0.674181
-0.650064
-0.622109
-0.593107
-0.564731
-0.537931
-0.513194
-0.490719
-0.421450
-0.330053
-0.236856
-0.148268
-0.067584
0.000000
0.000000
0.080199
0.208242
0.303918
0.391226
0.472928
0.547549
0.612982
0.667287
0.691116
0.689411
0.672868
0.648364
0.620257
0.591244
0.562942
0.536261
0.511665
0.489337
0.416459
0.324328
0.231139
0.142849
0.062644
0.000000
0.000000
-0.088919
-0.214059
-0.309136
-0.396187
-0.477574
-0.551751
-0.616610
-0.670232
-0.691909
-0.688913
-0.671637
-0.646757
-0.618500
-0.589474
-0.561239
-0.534671
-0.510209
-0.488020
-0.411696
-0.318855
-0.225663
-0.137646
-0.057891
0.000000
0.000000
0.097327
0.219676
0.314180
0.400986
0.482072
0.555823
0.620132
0.673097
0.692693
0.688449
0.670463
0.645220
0.616815
0.587776
0.559605
0.533143
0.508809
0.486755
0.407143
0.313624
0.220430
0.132675
0.053348
0.000000
0.000000
-0.105374
-0.225056
-0.319012
-0.405585
-0.486383
-0.559727
-0.623509
-0.675846
-0.693447
-0.688006
-0.669340
-0.643748
-0.615202
-0.586149
-0.558040
-0.531681
-0.507469
-0.485169
-0.402579
-0.308467
-0.215306
-0.127834
-0.048951
0.000000
0.000000
0.113191
0.230269
0.323687
0.410029
0.490546
0.563491
0.626760
0.678487
0.694164
0.687569
0.668247
0.642319
0.613637
0.584572
0.556523
0.530264
0.506171
0.479246
0.395797
0.301777
0.209061
0.122242
0.044172
0.000000
0.000000
-0.122078
-0.236079
-0.328830
-0.414874
-0.495044
-0.567521
-0.630200
-0.680221
-0.694277
-0.686730
-0.666888
-0.640714
-0.611957
-0.582920
-0.554958
-0.528816
-0.504853
-0.473142
-0.388817
-0.294908
-0.202664
-0.116533
-0.039310
0.000000
0.000000
0.131476
0.242321
0.334421
0.420194
0.500036
0.572050
0.634132
0.681709
0.694274
0.685856
0.665544
0.639152
0.610335
0.581331
0.553457
0.527430
0.503594
0.467301
0.382151
0.288361
0.196583
0.111121
0.034719
0.000000
0.000000
-0.140466
-0.248314
-0.339806
-0.425330
-0.504867
-0.576445
-0.637960
-0.683187
-0.694316
-0.685059
-0.664290
-0.637684
-0.608806
-0.579831
-0.552038
-0.526119
-0.502402
-0.461710
-0.375775
-0.282108
-0.190783
-0.105968
-0.030357
0.000000
0.000000
0.149040
0.254033
0.344946
0.430233
0.509479
0.580642
0.641616
0.684598
0.694356
0.684296
0.663091
0.636282
0.607344
0.578397
0.550681
0.524866
0.501262
0.456352
0.369663
0.276113
0.185222
0.101026
0.026174
0.000000
-0.000170
-0.157253
-0.259532
-0.349891
-0.434947
-0.513910
-0.584668
-0.645119
-0.685943
-0.694384
-0.683553
-0.661929
-0.634925
-0.605932
-0.577013
-0.549372
-0.523656
-0.500162
-0.451206
-0.363792
-0.270354
-0.179880
-0.096279
-0.022154
0.000000
0.011930
0.164770
0.266098
0.356025
0.440602
0.518940
0.588926
0.648482
0.686792
0.693729
0.682047
0.659991
0.632818
0.603815
0.574981
0.547476
0.521921
0.498595
0.445966
0.357851
0.264474
0.174353
0.091286
0.017837
0.000000
-0.024250
-0.172605
-0.272911
-0.362366
-0.446428
-0.524099
-0.593269
-0.651884
-0.687605
-0.692994
-0.680441
-0.657944
-0.630600
-0.601593
-0.572851
-0.545491
-0.520105
-0.496955
-0.440994
-0.352218
-0.258874
-0.169058
-0.086469
-0.013632
0.000000
0.036065
0.180090
0.279401
0.368393
0.451951
0.528976
0.597358
0.655066
0.688326
0.692247
0.678868
0.655957
0.628455
0.599447
0.570797
0.543578
0.518356
0.495376
0.436202
0.346786
0.253470
0.163946
0.081815
0.009568
0.000000
-0.047392
-0.187244
-0.285590
-0.374128
-0.457196
-0.533595
-0.601218
-0.658056
-0.688976
-0.691504
-0.677343
-0.654039
-0.626391
-0.597385
-0.568824
-0.541741
-0.516677
-0.493861
-0.431609
-0.341578
-0.248288
-0.159043
-0.077350
-0.005667
0.000000
0.058259
0.194107
0.291526
0.379630
0.462228
0.538028
0.604923
0.660926
0.689603
0.690794
0.675882
0.652202
0.624413
0.595409
0.566933
0.539981
0.515068
0.492410
0.427210
0.336592
0.243327
0.154349
0.073076
0.001933
0.000000
-0.068664
-0.200680
-0.297212
-0.384900
-0.467048
-0.542275
-0.608472
-0.663676
-0.690204
-0.690114
-0.674483
-0.650444
-0.622519
-0.593517
-0.565123
-0.538296
-0.513528
-0.491020
-0.422482
-0.331231
-0.238027
-0.149374
-0.068589
0.000000
0.000000
0.078404
0.207041
0.302839
0.390199
0.471965
0.546677
0.612227
0.666672
0.690947
0.689510
0.673118
0.648692
0.620617
0.591607
0.563291
0.536587
0.511964
0.489607
0.417453
0.325470
0.232281
0.143931
0.063632
0.000000
0.000000
-0.087178
-0.212898
-0.308095
-0.395196
-0.476646
-0.550912
-0.615886
-0.669645
-0.691751
-0.689013
-0.671883
-0.647079
-0.618851
-0.589828
-0.561580
-0.534988
-0.510500
-0.488284
-0.412643
-0.319943
-0.226753
-0.138682
-0.058837
0.000000
0.000000
0.095650
0.218556
0.313174
0.400028
0.481174
0.555010
0.619428
0.672525
0.692536
0.688540
0.670696
0.645526
0.617150
0.588114
0.559930
0.533448
0.509088
0.487007
0.408050
0.314666
0.221472
0.133664
0.054252
0.000000
0.000000
-0.103772
-0.223985
-0.318050
-0.404670
-0.485525
-0.558950
-0.622837
-0.675299
-0.693297
-0.688095
-0.669564
-0.644041
-0.615523
-0.586473
-0.558351
-0.531972
-0.507736
-0.485785
-0.403649
-0.309610
-0.216414
-0.128860
-0.049862
0.000000
0.000000
0.111547
0.229181
0.322716
0.409110
0.489688
0.562718
0.626096
0.677951
0.694024
0.687665
0.668478
0.642618
0.613964
0.584900
0.556838
0.530559
0.506441
0.480493
0.397224
0.303183
0.210370
0.123412
0.045169
0.000000
0.000000
-0.120190
-0.234838
-0.327726
-0.413830
-0.494071
-0.566646
-0.629449
-0.679957
-0.694308
-0.686933
-0.667183
-0.641049
-0.612302
-0.583256
-0.555274
-0.529107
-0.505117
-0.474354
-0.390204
-0.296274
-0.203937
-0.117670
-0.040280
0.000000
0.000000
0.129606
0.241079
0.333309
0.419135
0.499041
0.571146
0.633346
0.681407
0.694268
0.686024
0.665805
0.639457
0.610652
0.581643
0.553751
0.527702
0.503841
0.468448
0.383458
0.289644
0.197773
0.112178
0.035615
0.000000
0.000000
-0.138702
-0.247136
-0.338747
-0.424319
-0.503915
-0.575578
-0.637204
-0.682894
-0.694306
-0.685214
-0.664535
-0.637972
-0.609105
-0.580126
-0.552316
-0.526376
-0.502636
-0.462812
-0.377032
-0.283341
-0.191926
-0.106983
-0.031217
0.000000
0.000000
0.147353
0.252908
0.343935
0.429268
0.508572
0.579817
0.640898
0.684321
0.694349
0.684447
0.663327
0.636558
0.607632
0.578680
0.550948
0.525113
0.501487
0.457408
0.370867
0.277294
0.186318
0.102000
0.026999
0.000000
0.000000
-0.155639
-0.258433
-0.348900
-0.434005
-0.513027
-0.583870
-0.644429
-0.685683
-0.694386
-0.683708
-0.662168
-0.635202
-0.606219
-0.577294
-0.549637
-0.523901
-0.500385
-0.452232
-0.364962
-0.271502
-0.180945
-0.097225
-0.022956
0.000000
0.009587
0.163274
0.264792
0.354805
0.439478
0.517940
0.588081
0.647815
0.686625
0.693860
0.682348
0.660378
0.633238
0.604236
0.575386
0.547854
0.522267
0.498907
0.446900
0.358909
0.265528
0.175352
0.092197
0.018633
0.000000
-0.021976
-0.171152
-0.271644
-0.361184
-0.445340
-0.523133
-0.592453
-0.651242
-0.687445
-0.693123
-0.680733
-0.658319
-0.631008
-0.602002
-0.573243
-0.545857
-0.520440
-0.497257
-0.441908
-0.353253
-0.259902
-0.170030
-0.087352
-0.014402
0.000000
0.033912
0.178730
0.278225
0.367303
0.450954
0.528097
0.596624
0.654498
0.688203
0.692390
0.679160
0.656323
0.628849
0.599841
0.571173
0.543928
0.518676
0.495665
0.437081
0.347782
0.254462
0.164885
0.082670
0.010315
0.000000
-0.045314
-0.185933
-0.284456
-0.373078
-0.456235
-0.532750
-0.600512
-0.657509
-0.688858
-0.691641
-0.677623
-0.654391
-0.626769
-0.597763
-0.569185
-0.542077
-0.516984
-0.494139
-0.432449
-0.342531
-0.249236
-0.159940
-0.078166
-0.006380
0.000000
0.056270
0.192851
0.290439
0.378623
0.461306
0.537216
0.604244
0.660400
0.689487
0.690923
0.676149
0.652538
0.624775
0.595771
0.567279
0.540303
0.515363
0.492675
0.428015
0.337504
0.244235
0.155208
0.073858
0.002616
0.000000
-0.066761
-0.199477
