0.000000
-0.108000
0.000000
-0.276175
-0.085142
-0.154076
0.000000
-0.215080
0.000000
-0.186276
0.000000
-0.141433
0.000000
-0.035739
0.054934
0.370201
0.450559
0.567281
0.567721
0.540823
0.505822
0.467481
0.427590
0.387345
0.347806
0.309978
0.274792
0.243087
0.215581
0.192853
0.175326
0.163257
0.156733
0.049890
-0.162442
-0.358901
-0.545084
-0.686022
-0.806277
-0.881596
-0.901835
-0.889043
-0.857506
-0.816368
-0.771379
-0.726060
-0.682481
-0.590254
-0.462248
-0.330164
-0.203580
-0.087195
0.000000
0.000000
0.000000
0.079759
0.200257
0.293683
0.380527
0.462777
0.538733
0.606163
0.663013
0.699650
0.705061
0.692005
0.668721
0.640458
0.610493
0.580812
0.552564
0.526358
0.502462
0.480935
0.410847
0.314944
0.217098
0.124553
0.040850
0.000000
-0.029155
-0.191172
-0.299742
-0.395882
-0.485672
-0.568095
-0.640918
-0.701977
-0.727698
-0.725537
-0.707185
-0.680161
-0.649226
-0.617326
-0.586224
-0.556915
-0.529903
-0.505386
-0.455513
-0.369183
-0.277050
-0.187703
-0.104948
-0.031355
0.000000
0.000266
0.155552
0.256868
0.346487
0.430920
0.509369
0.579735
0.639924
0.681904
0.691193
0.680993
0.659847
0.633212
0.604506
0.575816
0.548360
0.522795
0.499426
0.438606
0.348720
0.255178
0.165478
0.083181
0.010773
0.000000
-0.049306
-0.186775
-0.284143
-0.372052
-0.454631
-0.530649
-0.597996
-0.654669
-0.686879
-0.690250
-0.676634
-0.653680
-0.626251
-0.597379
-0.568896
-0.541856
-0.516812
-0.494002
-0.429971
-0.339658
-0.246447
-0.157397
-0.075961
-0.004575
0.000000
0.067143
0.199561
0.296153
0.383866
0.466063
0.541375
0.607691
0.663044
0.690164
0.690422
0.674981
0.651031
0.623134
0.594121
0.565695
0.538825
0.514010
0.491453
0.421578
0.330283
0.237318
0.148969
0.068499
0.000000
0.000000
-0.082959
-0.209725
-0.305030
-0.392129
-0.473635
-0.548047
-0.613258
-0.667335
-0.690844
-0.688964
-0.672337
-0.647807
-0.619709
-0.590725
-0.562461
-0.535823
-0.511271
-0.488985
-0.413592
-0.321068
-0.228007
-0.140020
-0.060215
0.000000
0.000000
0.096138
0.218544
0.312961
0.399686
0.480728
0.554480
0.618834
0.671887
0.692127
0.688283
0.670538
0.645431
0.617098
0.588088
0.559921
0.533449
0.509095
0.487017
0.407052
0.313562
0.220473
0.132834
0.053616
0.000000
0.000000
-0.107434
-0.226177
-0.319866
-0.406292
-0.486953
-0.560148
-0.623772
-0.675944
-0.693302
-0.687725
-0.668992
-0.643374
-0.614830
-0.585794
-0.557710
-0.531379
-0.507197
-0.482697
-0.399786
-0.305808
-0.212933
-0.125826
-0.047360
0.000000
0.000000
0.117886
0.233137
0.326102
0.412218
0.492500
0.565163
0.628101
0.679385
0.694215
0.687122
0.667529
0.641473
0.612753
0.583703
0.555700
0.529503
0.505478
0.475263
0.391272
0.297391
0.205051
0.118743
0.041279
0.000000
0.000000
-0.128853
-0.240417
-0.332617
-0.418408
-0.498297
-0.570407
-0.632636
-0.681035
-0.694109
-0.685996
-0.665855
-0.639550
-0.610767
-0.581765
-0.553872
-0.527818
-0.503948
-0.468384
-0.383400
-0.289627
-0.197804
-0.112255
-0.035735
0.000000
0.000000
0.139239
0.247371
0.338883
0.424396
0.503941
0.575554
0.637131
0.682786
0.694184
0.685088
0.664412
0.637856
0.608999
0.580029
0.552229
0.526299
0.502567
0.462115
0.376245
0.282595
0.191265
0.106428
0.030782
0.000000
0.000000
-0.148739
-0.253748
-0.344639
-0.429904
-0.509138
-0.580299
-0.641283
-0.684418
-0.694273
-0.684273
-0.663104
-0.636315
-0.607388
-0.578446
-0.550730
-0.524913
-0.501306
-0.456301
-0.369611
-0.276081
-0.185215
-0.101043
-0.026215
0.000000
0.000720
0.157535
0.259735
0.350049
0.435064
0.513984
0.584699
0.645105
0.685880
0.694295
0.683453
0.661827
0.634827
0.605839
0.576928
0.549295
0.523587
0.500101
0.450764
0.363295
0.269881
0.179457
0.095920
0.021869
0.000000
-0.013316
-0.165597
-0.266782
-0.356636
-0.441140
-0.519392
-0.589281
-0.648729
-0.686801
-0.693599
-0.681842
-0.659750
-0.632566
-0.603568
-0.574747
-0.547260
-0.521725
-0.498418
-0.445327
-0.357129
-0.263766
-0.173695
-0.090699
-0.017336
0.000000
0.026070
0.173728
0.273866
0.363240
0.447216
0.524783
0.593828
0.652303
0.687674
0.692857
0.680188
0.657635
0.630272
0.601266
0.572540
0.545202
0.519841
0.496718
0.440205
0.351326
0.257993
0.168233
0.085726
0.012992
0.000000
-0.038133
-0.181376
-0.280500
-0.369402
-0.452864
-0.529771
-0.598012
-0.655561
-0.688414
-0.692094
-0.678581
-0.655603
-0.628078
-0.599072
-0.570439
-0.543245
-0.518052
-0.495103
-0.435325
-0.345792
-0.252486
-0.163020
-0.080977
-0.008842
0.000000
0.049610
0.188630
0.286779
0.375223
0.458190
0.534465
0.601937
0.658604
0.689081
0.691346
0.677038
0.653662
0.625987
0.596983
0.568440
0.541384
0.516351
0.493567
0.430685
0.340532
0.247251
0.158064
0.076463
0.004896
0.000000
-0.060543
-0.195539
-0.292759
-0.380768
-0.463264
-0.538936
-0.605676
-0.661504
-0.689719
-0.690636
-0.675570
-0.651815
-0.623997
-0.594995
-0.566537
-0.539613
-0.514732
-0.492106
-0.426171
-0.335414
-0.242164
-0.153258
-0.072093
-0.001087
0.000000
0.071225
0.202307
0.298626
0.386213
0.468250
0.543336
0.609359
0.664364
0.690348
0.689935
0.674122
0.649992
0.622034
0.593033
0.564660
0.537865
0.513134
0.490665
0.421237
0.329811
0.236618
0.148045
0.067385
0.000000
0.000000
-0.080609
-0.208509
-0.304154
-0.391448
-0.473134
-0.547733
-0.613138
-0.667411
-0.691145
-0.689384
-0.672809
-0.648289
-0.620175
-0.591163
-0.562863
-0.536188
-0.511598
-0.489277
-0.416218
-0.324052
-0.230866
-0.142591
-0.062412
0.000000
0.000000
0.089369
0.214355
0.309399
0.396435
0.477805
0.551958
0.616787
0.670375
0.691944
0.688885
0.671572
0.646675
0.618410
0.589384
0.561153
0.534590
0.510135
0.487954
0.411441
0.318562
0.225372
0.137371
0.057641
0.000000
0.000000
-0.097797
-0.219988
-0.314458
-0.401250
-0.482318
-0.556045
-0.620322
-0.673251
-0.692733
-0.688421
-0.670397
-0.645134
-0.616721
-0.587681
-0.559514
-0.533059
-0.508732
-0.486685
-0.406881
-0.313323
-0.220130
-0.132391
-0.053090
0.000000
0.000000
0.105851
0.225373
0.319295
0.405854
0.486635
0.559953
0.623704
0.676003
0.693489
0.687978
0.669273
0.643660
0.615106
0.586053
0.557947
0.531595
0.507390
0.484798
0.402155
0.308050
0.214917
0.127486
0.048655
0.000000
0.000000
-0.113755
-0.230636
-0.324010
-0.410333
-0.490827
-0.563742
-0.626973
-0.678656
-0.694204
-0.687532
-0.668167
-0.642217
-0.613527
-0.584462
-0.556417
-0.530165
-0.506080
-0.478809
-0.395298
-0.301288
-0.208607
-0.121839
-0.043831
0.000000
0.000000
0.122755
0.236528
0.329231
0.415254
0.495400
0.567843
0.630478
0.680323
0.694272
0.686662
0.666787
0.640598
0.611837
0.582803
0.554847
0.528714
0.504761
0.472706
0.388319
0.294418
0.202209
0.116127
0.038966
0.000000
0.000000
-0.132152
-0.242769
-0.334823
-0.420576
-0.500395
-0.572375
-0.634414
-0.681816
-0.694275
-0.685795
-0.665449
-0.639041
-0.610219
-0.581218
-0.553350
-0.527332
-0.503504
-0.466880
-0.381670
-0.287891
-0.196147
-0.110733
-0.034392
0.000000
0.000000
0.141117
0.248748
0.340195
0.425701
0.505215
0.576762
0.638236
0.683293
0.694319
0.685001
0.664199
0.637578
0.608695
0.579723
0.551935
0.526024
0.502315
0.461302
0.375309
0.281651
0.190360
0.105592
0.030040
0.000000
0.000000
-0.149669
-0.254452
-0.345322
-0.430591
-0.509816
-0.580948
-0.641883
-0.684700
-0.694358
-0.684240
-0.663003
-0.636179
-0.607237
-0.578292
-0.550582
-0.524774
-0.501178
-0.455958
-0.369213
-0.275672
-0.184813
-0.100663
-0.025867
0.000000
0.001075
0.157830
0.260037
0.350362
0.435381
0.514296
0.584995
0.645377
0.686008
0.694333
0.683437
0.661780
0.634763
0.605769
0.576857
0.549226
0.523523
0.500042
0.450744
0.363269
0.269840
0.179401
0.095850
0.021789
0.000000
-0.012975
-0.165431
-0.266671
-0.356556
-0.441089
-0.519369
-0.589286
-0.648762
-0.686855
-0.693663
-0.681908
-0.659816
-0.632628
-0.603625
-0.574800
-0.547307
-0.521767
-0.498455
-0.445542
-0.357370
-0.263995
-0.173900
-0.090874
-0.017476
0.000000
0.025271
0.173253
0.273474
0.362890
0.446909
0.524525
0.593628
0.652164
0.687671
0.692933
0.680307
0.657774
0.630417
0.601409
0.572674
0.545326
0.519954
0.496819
0.440583
0.351752
0.258410
0.168620
0.086070
0.013284
0.000000
-0.037038
-0.180706
-0.279934
-0.368887
-0.452402
-0.529373
-0.597690
-0.655324
-0.688382
-0.692184
-0.678737
-0.655792
-0.628278
-0.599270
-0.570627
-0.543420
-0.518211
-0.495246
-0.435806
-0.346336
-0.253023
-0.163523
-0.081430
-0.009231
0.000000
0.048330
0.187836
0.286102
0.374603
0.457629
0.533978
0.601537
0.658303
0.689030
0.691442
0.677216
0.653880
0.626220
0.597214
0.568661
0.541589
0.516538
0.493736
0.431229
0.341147
0.247860
0.158637
0.076981
0.005344
0.000000
-0.059159
-0.194675
-0.292018
-0.380086
-0.462645
-0.538396
-0.605229
-0.661164
-0.689655
-0.690735
-0.675761
-0.652050
-0.624249
-0.595246
-0.566777
-0.539835
-0.514935
-0.492290
-0.426830
-0.336161
-0.242900
-0.153945
-0.072710
-0.001615
0.000000
0.069570
0.201254
0.297711
0.385364
0.467473
0.542650
0.608786
0.663921
0.690257
0.690054
0.674359
0.650288
0.622351
0.593349
0.564962
0.538146
0.513391
0.490896
0.422059
0.330749
0.237550
0.148925
0.068183
0.000000
0.000000
-0.079136
-0.207531
-0.303280
-0.390619
-0.472359
-0.547034
-0.612536
-0.666924
-0.691017
-0.689470
-0.673016
-0.648558
-0.620470
-0.591459
-0.563148
-0.536454
-0.511842
-0.489497
-0.417043
-0.325000
-0.231811
-0.143486
-0.063226
0.000000
0.000000
0.087894
0.213375
0.308523
0.395603
0.477027
0.551256
0.616183
0.669886
0.691815
0.688972
0.671781
0.646946
0.618706
0.589683
0.561440
0.534858
0.510380
0.488175
0.412253
0.319495
0.226304
0.138256
0.058448
0.000000
0.000000
-0.096341
-0.219017
-0.313588
-0.400423
-0.481544
-0.555345
-0.619718
-0.672761
-0.692601
-0.688503
-0.670600
-0.645400
-0.617012
-0.587975
-0.559796
-0.533322
-0.508973
-0.486904
-0.407677
-0.314237
-0.221043
-0.133257
-0.053880
0.000000
0.000000
0.104432
0.224426
0.318446
0.405046
0.485879
0.559270
0.623113
0.675524
0.693359
0.688058
0.669472
0.643920
0.615391
0.586339
0.558223
0.531852
0.507626
0.485686
0.403292
0.309199
0.216003
0.128469
0.049505
0.000000
0.000000
-0.112179
-0.229604
-0.323096
-0.409471
-0.490026
-0.563025
-0.626361
-0.678166
-0.694082
-0.687630
-0.668390
-0.642502
-0.613837
-0.584773
-0.556715
-0.530444
-0.506335
-0.480014
-0.396675
-0.302642
-0.209865
-0.122960
-0.044782
0.000000
0.000000
0.120907
0.235306
0.328140
0.414220
0.494432
0.566969
0.629724
0.680049
0.694290
0.686850
0.667067
0.640918
0.612168
0.583126
0.555152
0.528995
0.505016
0.473890
0.389673
0.295751
0.203449
0.117233
0.039907
0.000000
0.000000
-0.130322
-0.241554
-0.333734
-0.419540
-0.499422
-0.571492
-0.633646
-0.681522
-0.694270
-0.685960
-0.665705
-0.639340
-0.610531
-0.581524
-0.553638
-0.527598
-0.503747
-0.468011
-0.382960
-0.289155
-0.197320
-0.111775
-0.035274
0.000000
0.000000
0.139375
0.247585
0.339151
0.424705
0.504278
0.575909
0.637493
0.683006
0.694310
0.685155
0.664442
0.637862
0.608991
0.580013
0.552210
0.526278
0.502546
0.462392
0.376552
0.282870
0.191490
0.106596
0.030889
0.000000
0.000000
-0.147996
-0.253337
-0.344320
-0.429636
-0.508918
-0.580131
-0.641172
-0.684426
-0.694352
-0.684389
-0.663237
-0.636453
-0.607522
-0.578572
-0.550847
-0.525019
-0.501401
-0.457005
-0.370407
-0.276843
-0.185900
-0.101628
-0.026684
0.000000
0.000000
0.156256
0.258846
0.349271
0.434358
0.513360
0.584173
0.644692
0.685785
0.694389
0.683653
0.662081
0.635101
0.606114
0.577191
0.549540
0.523811
0.500303
0.451846
0.364522
0.271071
0.180545
0.096870
0.022655
0.000000
-0.010468
-0.163837
-0.265284
-0.355265
-0.439902
-0.518317
-0.588400
-0.648067
-0.686689
-0.693811
-0.682235
-0.660233
-0.633080
-0.604078
-0.575233
-0.547712
-0.522137
-0.498790
-0.446549
-0.358512
-0.265132
-0.174977
-0.091855
-0.018334
0.000000
0.022831
0.171699
0.272121
0.361629
0.445749
0.523497
0.592761
0.651484
0.687505
0.693075
0.680623
0.658178
0.630855
0.601848
0.573096
0.545719
0.520314
0.497144
0.441565
0.352864
0.259515
0.169664
0.087020
0.014113
0.000000
-0.034721
-0.179242
-0.278667
-0.367713
-0.451328
-0.528427
-0.596899
-0.654711
-0.688249
-0.692336
-0.679050
-0.656185
-0.628701
-0.599693
-0.571032
-0.543796
-0.518555
-0.495556
-0.436750
-0.347407
-0.254089
-0.164532
-0.082348
-0.010034
0.000000
0.046096
0.186426
0.284882
0.373473
0.456596
0.533068
0.600777
0.657715
0.688902
0.691589
0.677517
0.654259
0.626627
0.597621
0.569049
0.541951
0.516869
0.494034
0.432133
0.342172
0.248880
0.159602
0.077859
0.006112
0.000000
-0.057018
-0.193323
-0.290848
-0.379002
-0.461653
-0.537522
-0.604499
-0.660598
-0.689531
-0.690874
-0.676048
-0.652412
-0.624639
-0.595635
-0.567149
-0.540182
-0.515252
-0.492575
-0.427712
-0.337161
-0.243894
-0.154885
-0.073564
-0.002359
0.000000
0.067477
0.199929
0.296563
0.384299
0.466498
0.541790
0.608067
0.663362
0.690135
0.690192
0.674643
0.650645
0.622735
0.593733
0.565330
0.538488
0.513704
0.491178
0.423026
0.331847
0.238636
0.149946
0.069105
0.000000
0.000000
-0.077469
-0.206414
-0.302275
-0.389660
-0.471460
-0.546219
-0.611830
-0.666348
-0.690857
-0.689560
-0.673248
-0.648864
-0.620805
-0.591797
-0.563474
-0.536758
-0.512121
-0.489749
-0.417980
-0.326077
-0.232887
-0.144506
-0.064156
0.000000
0.000000
0.086257
0.212284
0.307544
0.394673
0.476157
0.550470
0.615504
0.669335
0.691669
0.689067
0.672014
0.647249
0.619037
0.590016
0.561760
0.535157
0.510654
0.488423
0.413145
0.320520
0.227330
0.139231
0.059339
0.000000
0.000000
-0.094761
-0.217962
-0.312640
-0.399520
-0.480697
-0.554578
-0.619054
-0.672220
-0.692452
-0.688589
-0.670820
-0.645687
-0.617328
-0.588293
-0.560103
-0.533609
-0.509235
-0.487141
-0.408530
-0.315217
-0.222023
-0.134188
-0.054731
0.000000
0.000000
0.102924
0.223418
0.317541
0.404185
0.485071
0.558538
0.622481
0.675009
0.693218
0.688141
0.669682
0.644196
0.615693
0.586644
0.558516
0.532126
0.507877
0.485913
0.404110
0.310139
0.216943
0.129363
0.050322
0.000000
0.000000
-0.110734
-0.228638
-0.322229
-0.408646
-0.489253
-0.562324
-0.625755
-0.677674
-0.693948
-0.687710
-0.668592
-0.642767
-0.614127
-0.585065
-0.556997
-0.530706
-0.506576
-0.481109
-0.397929
-0.303879
-0.211020
-0.123995
-0.045667
0.000000
0.000000
0.119268
0.234236
0.327194
0.413330
0.493607
0.566230
0.629095
0.679838
0.694332
0.687038
0.667332
0.641217
0.612474
0.583423
0.555431
0.529252
0.505248
0.474950
0.390886
0.296946
0.204564
0.118231
0.040759
0.000000
0.000000
-0.128685
-0.240468
-0.332761
-0.418614
-0.498552
-0.570703
-0.632961
-0.681260
-0.694266
-0.686106
-0.665934
-0.639606
-0.610808
-0.581795
-0.553895
-0.527836
-0.503962
-0.469010
-0.384099
-0.290273
-0.198356
-0.112696
-0.036053
0.000000
0.000000
0.137837
0.246558
0.338227
0.423823
0.503448
0.575153
0.636833
0.682750
0.694301
0.685290
0.664655
0.638113
0.609252
0.580270
0.552453
0.526503
0.502750
0.463353
0.377648
0.283945
0.192487
0.107481
0.031638
0.000000
0.000000
-0.146525
-0.252356
-0.343439
-0.428796
-0.508127
-0.579412
-0.640545
-0.684185
-0.694346
-0.684521
-0.663443
-0.636694
-0.607773
-0.578819
-0.551080
-0.525234
-0.501597
-0.457925
-0.371457
-0.277873
-0.186855
-0.102478
-0.027403
0.000000
0.000000
0.154844
0.257904
0.348424
0.433551
0.512600
0.583481
0.644090
0.685552
0.694382
0.683779
0.662279
0.635332
0.606354
0.577427
0.549763
0.524017
0.500491
0.452727
0.365528
0.272057
0.181459
0.097683
0.023343
0.000000
-0.008455
-0.162549
-0.264159
-0.354214
-0.438933
-0.517455
-0.587670
-0.647491
-0.686543
-0.693923
-0.682493
-0.660564
-0.633441
-0.604440
-0.575581
-0.548036
-0.522434
-0.499058
-0.447350
-0.359420
-0.266037
-0.175834
-0.092636
-0.019018
0.000000
0.020877
0.170450
0.271031
0.360613
0.444813
0.522665
0.592058
0.650930
0.687367
0.693185
0.680874
0.658500
0.631204
0.602199
0.573433
0.546033
0.520602
0.497404
0.442350
0.353753
0.260398
0.170499
0.087779
0.014775
0.000000
-0.032872
-0.178073
-0.277656
-0.366776
-0.450472
-0.527673
-0.596269
-0.654223
-0.688143
-0.692459
-0.679301
-0.656499
-0.629040
-0.600031
-0.571355
-0.544097
-0.518830
-0.495804
-0.437505
-0.348264
-0.254941
-0.165338
-0.083083
-0.010676
0.000000
0.044310
0.185299
0.283908
0.372570
0.455771
0.532341
0.600170
0.657245
0.688801
0.691707
0.677758
0.654561
0.626952
0.597946
0.569360
0.542240
0.517133
0.494273
0.432855
0.342991
0.249694
0.160373
0.078561
0.006725
0.000000
-0.055309
-0.192244
-0.289914
-0.378136
-0.460861
-0.536824
-0.603916
-0.660146
-0.689432
-0.690986
-0.676278
-0.652701
-0.624950
-0.595945
-0.567446
-0.540459
-0.515505
-0.492804
-0.428404
-0.337945
-0.244674
-0.155623
-0.074236
-0.002946
0.000000
0.065840
0.198896
0.295669
0.383470
0.465740
0.541123
0.607509
0.662930
0.690041
0.690299
0.674863
0.650921
0.623033
0.594031
0.565614
0.538753
0.513946
0.491397
0.423774
0.332696
0.239475
0.150733
0.069814
0.000000
0.000000
-0.076181
-0.205550
-0.301497
-0.388919
-0.470764
-0.545588
-0.611282
-0.665901
-0.690732
-0.689629
-0.673428
-0.649100
-0.621064
-0.592059
-0.563725
-0.536993
-0.512336
-0.489944
-0.418707
-0.326912
-0.233721
-0.145298
-0.064878
0.000000
0.000000
0.084988
0.211438
0.306786
0.393953
0.475483
0.549861
0.614978
0.668909
0.691555
0.689141
0.672195
0.647484
0.619294
0.590274
0.562009
0.535389
0.510867
0.488615
0.413836
0.321314
0.228125
0.139986
0.060030
0.000000
0.000000
-0.093537
-0.217143
-0.311904
-0.398820
-0.480041
-0.553983
-0.618540
-0.671801
-0.692336
-0.688655
-0.670989
-0.645910
-0.617572
-0.588540
-0.560340
-0.533831
-0.509439
-0.487325
-0.409191
-0.315976
-0.222783
-0.134910
-0.055390
0.000000
0.000000
0.101756
0.222637
0.316839
0.403517
0.484445
0.557972
0.621990
0.674610
0.693109
0.688206
0.669846
0.644410
0.615927
0.586881
0.558744
0.532339
0.508072
0.486089
0.404744
0.310868
0.217672
0.130055
0.050954
0.000000
0.000000
-0.109614
-0.227890
-0.321557
-0.408007
-0.488654
-0.561782
-0.625286
-0.677292
-0.693843
-0.687772
-0.668748
-0.642972
-0.614351
-0.585291
-0.557215
-0.530910
-0.506763
-0.481957
-0.398901
-0.304838
-0.211916
-0.124797
-0.046353
0.000000
0.000000
0.117999
0.233407
0.326461
0.412640
0.492967
0.565658
0.628607
0.679674
0.694364
0.687183
0.667537
0.641448
0.612711
0.583653
0.555647
0.529450
0.505428
0.475771
0.391826
0.297873
0.205429
0.119005
0.041420
0.000000
0.000000
-0.127418
-0.239627
-0.332008
-0.417897
-0.497879
-0.570091
-0.632429
-0.681056
-0.694262
-0.686219
-0.666110
-0.639813
-0.611023
-0.582006
-0.554094
-0.528019
-0.504129
-0.469784
-0.384982
-0.291138
-0.199159
-0.113409
-0.036657
0.000000
0.000000
0.136645
0.245763
0.337511
0.423139
0.502805
0.574567
0.636322
0.682552
0.694294
0.685395
0.664821
0.638307
0.609455
0.580469
0.552640
0.526676
0.502908
0.464097
0.378497
0.284778
0.193259
0.108167
0.032218
0.000000
0.000000
-0.145385
-0.251596
-0.342756
-0.428145
-0.507515
-0.578855
-0.640060
-0.683998
-0.694341
-0.684623
-0.663603
-0.636881
-0.607968
-0.579010
-0.551260
-0.525401
-0.501748
-0.458638
-0.372271
-0.278671
-0.187595
-0.103135
-0.027960
0.000000
0.000000
0.153750
0.257174
0.347769
0.432925
0.512012
0.582946
0.643624
0.685372
0.694377
0.683876
0.662432
0.635511
0.606541
0.577610
0.549936
0.524177
0.500636
0.453410
0.366306
0.272821
0.182168
0.098312
0.023876
0.000000
-0.006894
-0.161552
-0.263288
-0.353400
-0.438182
-0.516787
-0.587105
-0.647044
-0.686430
-0.694010
-0.682692
-0.660821
-0.633720
-0.604721
-0.575851
-0.548288
-0.522664
-0.499266
-0.447971
-0.360124
-0.266737
-0.176497
-0.093242
-0.019548
0.000000
0.019362
0.169483
0.270187
0.359825
0.444088
0.522021
0.591514
0.650501
0.687260
0.693271
0.681068
0.658750
0.631476
0.602471
0.573694
0.546277
0.520824
0.497605
0.442958
0.354441
0.261083
0.171145
0.088367
0.015287
0.000000
-0.031439
-0.177168
-0.276874
-0.366050
-0.449808
-0.527088
-0.595781
-0.653845
-0.688062
-0.692554
-0.679495
-0.656743
-0.629302
-0.600292
-0.571605
-0.544330
-0.519043
-0.495997
-0.438090
-0.348927
-0.255601
-0.165963
-0.083652
-0.011173
0.000000
0.042927
0.184426
0.283153
0.371871
0.455132
0.531778
0.599700
0.656881
0.688722
0.691798
0.677944
0.654795
0.627204
0.598197
0.569601
0.542464
0.517338
0.494458
0.433415
0.343625
0.250325
0.160970
0.079105
0.007200
0.000000
-0.053985
-0.191407
-0.289190
-0.377465
-0.460247
-0.536283
-0.603464
-0.659795
-0.689355
-0.691072
-0.676456
-0.652924
-0.625191
-0.596186
-0.567677
-0.540673
-0.515701
-0.492980
-0.428940
-0.338553
-0.245278
-0.156195
-0.074756
-0.003401
0.000000
0.064573
0.198095
0.294977
0.382828
0.465153
0.540606
0.607077
0.662595
0.689968
0.690381
0.675034
0.651136
0.623264
0.594261
0.565835
0.538958
0.514134
0.491566
0.424354
0.333353
0.240125
0.151342
0.070363
0.000000
0.000000
-0.075184
-0.204881
-0.300895
-0.388345
-0.470225
-0.545099
-0.610858
-0.665555
-0.690636
-0.689683
-0.673567
-0.649282
-0.621264
-0.592261
-0.563920
-0.537175
-0.512503
-0.490095
-0.419270
-0.327559
-0.234368
-0.145911
-0.065437
0.000000
0.000000
0.084005
0.210783
0.306199
0.393395
0.474960
0.549389
0.614571
0.668579
0.691468
0.689199
0.672335
0.647666
0.619493
0.590475
0.562201
0.535569
0.511031
0.488764
0.414371
0.321929
0.228741
0.140572
0.060566
0.000000
0.000000
-0.092589
-0.216509
-0.311335
-0.398278
-0.479533
-0.553523
-0.618141
-0.671477
-0.692246
-0.688706
-0.671121
-0.646083
-0.617762
-0.588731
-0.560524
-0.534002
-0.509596
-0.487467
-0.409703
-0.316564
-0.223371
-0.135468
-0.055900
0.000000
0.000000
0.100851
0.222032
0.316296
0.403000
0.483960
0.557533
0.621611
0.674301
0.693024
0.688256
0.669972
0.644576
0.616109
0.587064
0.558920
0.532503
0.508223
0.486225
0.405235
0.311432
0.218237
0.130591
0.051444
0.000000
0.000000
-0.108746
-0.227310
-0.321036
-0.407511
-0.488189
-0.561362
-0.624923
-0.676996
-0.693762
-0.687820
-0.668869
-0.643130
-0.614525
-0.585467
-0.557383
-0.531068
-0.506907
-0.482614
-0.399653
-0.305580
-0.212609
-0.125418
-0.046885
0.000000
0.000000
0.117015
0.232765
0.325894
0.412106
0.492472
0.565214
0.628229
0.679547
0.694389
0.687296
0.667696
0.641628
0.612894
0.583831
0.555814
0.529604
0.505568
0.476407
0.392554
0.298591
0.206098
0.119604
0.041931
0.000000
0.000000
-0.126435
-0.238975
-0.331424
-0.417341
-0.497357
-0.569618
-0.632018
-0.680898
-0.694259
-0.686307
-0.666247
-0.639973
-0.611189
-0.582169
-0.554249
-0.528162
-0.504259
-0.470384
-0.385666
-0.291809
-0.199781
-0.113962
-0.037125
0.000000
0.000000
0.135723
0.245146
0.336957
0.422610
0.502306
0.574113
0.635927
0.682398
0.694288
0.685476
0.664949
0.638457
0.609612
0.580622
0.552786
0.526811
0.503031
0.464674
0.379155
0.285423
0.193857
0.108698
0.032668
0.000000
0.000000
-0.144503
-0.251007
-0.342228
-0.427640
-0.507041
-0.578423
-0.639684
-0.683854
-0.694337
-0.684702
-0.663727
-0.637025
-0.608119
-0.579157
-0.551400
-0.525530
-0.501866
-0.459191
-0.372901
-0.279289
-0.188169
-0.103645
-0.028392
0.000000
0.000000
0.152903
0.256609
0.347261
0.432441
0.511556
0.582531
0.643262
0.685233
0.694373
0.683952
0.662550
0.635649
0.606685
0.577751
0.550070
0.524301
0.500748
0.453939
0.366910
0.273412
0.182717
0.098800
0.024289
0.000000
-0.005686
-0.160779
-0.262613
-0.352769
-0.437601
-0.516270
-0.586667
-0.646698
-0.686342
-0.694077
-0.682847
-0.661020
-0.633937
-0.604939
-0.576060
-0.548483
-0.522842
-0.499427
-0.448451
-0.360669
-0.267280
-0.177012
-0.093711
-0.019958
0.000000
0.018189
0.168733
0.269534
0.359215
0.443526
0.521522
0.591092
0.650169
0.687177
0.693337
0.681219
0.658943
0.631686
0.602682
0.573896
0.546466
0.520997
0.497761
0.443429
0.354975
0.261613
0.171646
0.088822
0.015684
0.000000
-0.030330
-0.176467
-0.276267
-0.365488
-0.449294
-0.526636
-0.595402
-0.653552
-0.687998
-0.692627
-0.679645
-0.656932
-0.629505
-0.600495
-0.571799
-0.544511
-0.519208
-0.496146
-0.438543
-0.349441
-0.256113
-0.166447
-0.084093
-0.011559
0.000000
0.041856
0.183750
0.282568
0.371329
0.454636
0.531342
0.599336
0.656599
0.688661
0.691868
0.678089
0.654976
0.627399
0.598392
0.569787
0.542638
0.517497
0.494601
0.433848
0.344116
0.250814
0.161433
0.079526
0.007568
0.000000
-0.052959
-0.190759
-0.288630
-0.376945
-0.459772
-0.535865
-0.603114
-0.659524
-0.689296
-0.691139
-0.676593
-0.653098
-0.625377
-0.596372
-0.567855
-0.540839
-0.515853
-0.493117
-0.429355
-0.339023
-0.245747
-0.156638
-0.075160
-0.003753
0.000000
0.063591
0.197475
0.294440
0.382331
0.464698
0.540205
0.606742
0.662336
0.689911
0.690446
0.675166
0.651302
0.623443
0.594440
0.566006
0.539117
0.514279
0.491697
0.424803
0.333862
0.240628
0.151815
0.070789
0.000000
0.000000
-0.074412
-0.204363
-0.300429
-0.387900
-0.469807
-0.544720
-0.610530
-0.665287
-0.690562
-0.689725
-0.673674
-0.649424
-0.621420
-0.592418
-0.564071
-0.537316
-0.512633
-0.490212
-0.419706
-0.328060
-0.234869
-0.146386
-0.065871
0.000000
0.000000
0.083244
0.210275
0.305744
0.392963
0.474556
0.549023
0.614256
0.668323
0.691400
0.689243
0.672443
0.647807
0.619647
0.590630
0.562350
0.535708
0.511159
0.488879
0.414785
0.322406
0.229218
0.141025
0.060980
0.000000
0.000000
-0.091855
-0.216018
-0.310894
-0.397858
-0.479139
-0.553166
-0.617833
-0.671225
-0.692177
-0.688746
-0.671223
-0.646217
-0.617908
-0.588879
-0.560667
-0.534136
-0.509718
-0.487577
-0.410099
-0.317020
-0.223827
-0.135901
-0.056296
0.000000
0.000000
0.100150
0.221564
0.315875
0.402599
0.483585
0.557192
0.621316
0.674062
0.692958
0.688294
0.670070
0.644704
0.616249
0.587205
0.559056
0.532631
0.508339
0.486331
0.405616
0.311869
0.218674
0.131007
0.051824
0.000000
0.000000
-0.108074
-0.226861
-0.320633
-0.407128
-0.487830
-0.561036
-0.624641
-0.676767
-0.693700
-0.687857
-0.668963
-0.643254
-0.614660
-0.585603
-0.557514
-0.531190
-0.507019
-0.483123
-0.400236
-0.306155
-0.213147
-0.125900
-0.047296
0.000000
0.000000
0.116253
0.232268
0.325454
0.411692
0.492088
0.564871
0.627936
0.679424
0.694394
0.687376
0.667816
0.641766
0.613038
0.583971
0.555946
0.529726
0.505679
0.476916
0.393136
0.299164
0.206633
0.120081
0.042338
0.000000
0.000000
-0.125651
-0.238454
-0.330957
-0.416897
-0.496941
-0.569240
-0.631690
-0.680773
-0.694258
-0.686379
-0.666358
-0.640101
-0.611323
-0.582300
-0.554373
-0.528277
-0.504363
-0.470867
-0.386216
-0.292349
-0.200282
-0.114408
-0.037503
0.000000
0.000000
0.134979
0.244650
0.336511
0.422185
0.501906
0.573749
0.635609
0.682275
0.694284
0.685542
0.665053
0.638578
0.609738
0.580746
0.552903
0.526919
0.503129
0.465137
0.379683
0.285941
0.194337
0.109125
0.033029
0.000000
0.000000
-0.143793
-0.250534
-0.341802
-0.427234
-0.506659
-0.578076
-0.639382
-0.683737
-0.694334
-0.684765
-0.663826
-0.637142
-0.608240
-0.579276
-0.551512
-0.525634
-0.501960
-0.459635
-0.373407
-0.279786
-0.188630
-0.104054
-0.028738
0.000000
0.000000
0.152222
0.256155
0.346852
0.432051
0.511190
0.582198
0.642972
0.685121
0.694370
0.684012
0.662645
0.635761
0.606801
0.577865
0.550178
0.524401
0.500839
0.454364
0.367394
0.273888
0.183158
0.099192
0.024621
0.000000
-0.004714
-0.160158
-0.262070
-0.352262
-0.437133
-0.515854
-0.586315
-0.646420
-0.686272
-0.694131
-0.682971
-0.661180
-0.634111
-0.605114
-0.576228
-0.548639
-0.522986
-0.499557
-0.448894
-0.361170
-0.267776
-0.177477
-0.094131
-0.020321
0.000000
0.017156
0.168077
0.268963
0.358684
0.443039
0.521090
0.590729
0.649885
0.687110
0.693399
0.681354
0.659115
0.631872
0.602869
0.574075
0.546632
0.521150
0.497899
0.443847
0.355448
0.262083
0.172091
0.089227
0.016038
0.000000
-0.029336
-0.175837
-0.275721
-0.364980
-0.448829
-0.526225
-0.595058
-0.653283
-0.687937
-0.692689
-0.679777
-0.657098
-0.629685
-0.600675
-0.571972
-0.544671
-0.519355
-0.496278
-0.438946
-0.349897
-0.256567
-0.166877
-0.084484
-0.011900
0.000000
0.040904
0.183149
0.282048
0.370847
0.454196
0.530954
0.599011
0.656348
0.688606
0.691931
0.678217
0.655137
0.627573
0.598565
0.569953
0.542792
0.517638
0.494728
0.434234
0.344554
0.251249
0.161845
0.079901
0.007896
0.000000
-0.052046
-0.190183
-0.288131
-0.376483
-0.459349
-0.535492
-0.602802
-0.659283
-0.689243
-0.691199
-0.676716
-0.653252
-0.625543
-0.596538
-0.568014
-0.540987
-0.515988
-0.493239
-0.429725
-0.339442
-0.246164
-0.157032
-0.075519
-0.004067
0.000000
0.062717
0.196923
0.293962
0.381888
0.464293
0.539848
0.606443
0.662104
0.689861
0.690503
0.675283
0.651449
0.623602
0.594599
0.566158
0.539259
0.514408
0.491814
0.425203
0.334316
0.241077
0.152235
0.071168
0.000285
0.000000
-0.073484
-0.203766
-0.299905
-0.387411
-0.469356
-0.544319
-0.610191
-0.665021
-0.690501
-0.689787
-0.673805
-0.649590
-0.621599
-0.592597
-0.564243
-0.537476
-0.512779
-0.490344
-0.420163
-0.328582
-0.235389
-0.146879
-0.066319
0.000000
0.000000
0.082447
0.209743
0.305266
0.392508
0.474130
0.548637
0.613923
0.668052
0.691326
0.689288
0.672554
0.647953
0.619807
0.590791
0.562505
0.535853
0.511291
0.488999
0.415223
0.322909
0.229721
0.141502
0.061416
0.000000
0.000000
-0.091086
-0.215505
-0.310433
-0.397420
-0.478729
-0.552795
-0.617512
-0.670965
-0.692106
-0.688790
-0.671331
-0.646358
-0.618063
-0.589035
-0.560816
-0.534276
-0.509847
-0.487693
-0.410517
-0.317500
-0.224307
-0.136358
-0.056713
0.000000
0.000000
0.099412
0.221070
0.315432
0.402177
0.483189
0.556834
0.621007
0.673809
0.692889
0.688335
0.670173
0.644839
0.616397
0.587355
0.559200
0.532765
0.508462
0.486442
0.406015
0.312328
0.219134
0.131443
0.052223
0.000000
0.000000
-0.107368
-0.226389
-0.320209
-0.406724
-0.487451
-0.560693
-0.624345
-0.676526
-0.693634
-0.687896
-0.669062
-0.643383
-0.614802
-0.585746
-0.557652
-0.531318
-0.507137
-0.483658
-0.400849
-0.306760
-0.213712
-0.126406
-0.047729
0.000000
0.000000
0.115452
0.231745
0.324991
0.411257
0.491684
0.564510
0.627629
0.679179
0.694334
0.687426
0.667929
0.641911
0.613195
0.584128
0.556097
0.529867
0.505807
0.477525
0.393832
0.299848
0.207268
0.120647
0.042818
0.000000
0.000000
-0.124716
-0.237833
-0.330401
-0.416368
-0.496445
-0.568790
-0.631300
-0.680629
-0.694263
-0.686471
-0.666497
-0.640262
-0.611489
-0.582463
-0.554526
-0.528418
-0.504491
-0.471462
-0.386897
-0.293019
-0.200905
-0.114964
-0.037976
0.000000
0.000000
0.134063
0.244041
0.335964
0.421664
0.501417
0.573304
0.635222
0.682127
0.694282
0.685624
0.665181
0.638728
0.609894
0.580899
0.553048
0.527053
0.503251
0.465703
0.380329
0.286574
0.194925
0.109647
0.033471
0.000000
0.000000
-0.142922
-0.249953
-0.341280
-0.426736
-0.506190
-0.577649
-0.639010
-0.683593
-0.694330
-0.684842
-0.663948
-0.637284
-0.608388
-0.579421
-0.551650
-0.525761
-0.502076
-0.460178
-0.374027
-0.280394
-0.189193
-0.104555
-0.029162
0.000000
0.000000
0.151389
0.255600
0.346354
0.431575
0.510742
0.581791
0.642617
0.684984
0.694367
0.684086
0.662762
0.635897
0.606943
0.578004
0.550309
0.524522
0.500950
0.454884
0.367988
0.274470
0.183698
0.099672
0.025028
0.000000
-0.003526
-0.159398
-0.261406
-0.351642
-0.436561
-0.515345
-0.585884
-0.646079
-0.686186
-0.694197
-0.683123
-0.661376
-0.634324
-0.605328
-0.576433
-0.548831
-0.523161
-0.499715
-0.449499
-0.361856
-0.268451
-0.178106
-0.094693
-0.020800
0.000000
0.015788
0.167211
0.268213
0.357988
0.442401
0.520528
0.590257
0.649518
0.687027
0.693485
0.681535
0.659344
0.632119
0.603116
0.574312
0.546853
0.521351
0.498081
0.444401
0.356077
0.262709
0.172683
0.089766
0.016508
0.000000
-0.028005
-0.174991
-0.274985
-0.364296
-0.448201
-0.525668
-0.594590
-0.652917
-0.687850
-0.692769
-0.679950
-0.657320
-0.629924
-0.600915
-0.572202
-0.544886
-0.519551
-0.496455
-0.439482
-0.350505
-0.257170
-0.167447
-0.085003
-0.012353
0.000000
0.039638
0.182348
0.281356
0.370205
0.453608
0.530436
0.598579
0.656013
0.688533
0.692014
0.678387
0.655352
0.627804
0.598796
0.570174
0.542998
0.517825
0.494898
0.434749
0.345138
0.251830
0.162394
0.080402
0.008333
0.000000
-0.050828
-0.189414
-0.287466
-0.375867
-0.458786
-0.534996
-0.602388
-0.658962
-0.689173
-0.691278
-0.676880
-0.653458
-0.625765
-0.596760
-0.568226
-0.541184
-0.516168
-0.493402
-0.430218
-0.340001
-0.246719
-0.157558
-0.075998
-0.004486
0.000000
0.061550
0.196186
0.293325
0.381298
0.463753
0.539372
0.606045
0.661796
0.689793
0.690579
0.675440
0.651646
0.623814
0.594811
0.566361
0.539448
0.514581
0.491970
0.425736
0.334921
0.241674
0.152796
0.071674
0.000721
0.000000
-0.072201
-0.202942
-0.299186
-0.386740
-0.468738
-0.543772
-0.609731
-0.664660
-0.690421
-0.689874
-0.673987
-0.649819
-0.621846
-0.592844
-0.564479
-0.537696
-0.512980
-0.490525
-0.420784
-0.329293
-0.236098
-0.147550
-0.066931
0.000000
0.000000
0.081361
0.209018
0.304615
0.391889
0.473549
0.548112
0.613468
0.667682
0.691224
0.689347
0.672706
0.648152
0.620024
0.591010
0.562716
0.536050
0.511472
0.489162
0.415820
0.323594
0.230406
0.142153
0.062009
0.000000
0.000000
-0.090039
-0.214807
-0.309807
-0.396824
-0.478171
-0.552291
-0.617076
-0.670611
-0.692011
-0.688849
-0.671479
-0.646551
-0.618274
-0.589247
-0.561021
-0.534466
-0.510021
-0.487851
-0.411087
-0.318154
-0.224962
-0.136980
-0.057282
0.000000
0.000000
0.098404
0.220397
0.314827
0.401602
0.482649
0.556346
0.620584
0.673465
0.692794
0.688390
0.670313
0.645023
0.616599
0.587558
0.559396
0.532948
0.508630
0.486593
0.406560
0.312954
0.219760
0.132038
0.052766
0.000000
0.000000
-0.106405
-0.225745
-0.319631
-0.406174
-0.486935
-0.560226
-0.623941
-0.676197
-0.693544
-0.687949
-0.669196
-0.643559
-0.614995
-0.585940
-0.557839
-0.531493
-0.507297
-0.484388
-0.401685
-0.307585
-0.214482
-0.127096
-0.048319
0.000000
0.000000
0.114359
0.231032
0.324361
0.410664
0.491134
0.564018
0.627209
0.678844
0.694252
0.687495
0.668083
0.642108
0.613408
0.584343
0.556303
0.530059
0.505983
0.478356
0.394781
0.300780
0.208134
0.121418
0.043472
0.000000
0.000000
-0.123442
-0.236986
-0.329642
-0.415646
-0.495768
-0.568177
-0.630769
-0.680432
-0.694270
-0.686596
-0.666686
-0.640480
-0.611715
-0.582684
-0.554735
-0.528610
-0.504666
-0.472274
-0.387825
-0.293931
-0.201755
-0.115722
-0.038621
0.000000
0.000000
0.132813
0.243210
0.335219
0.420954
0.500750
0.572698
0.634696
0.681925
0.694278
0.685736
0.665356
0.638933
0.610107
0.581108
0.553245
0.527235
0.503417
0.466475
0.381209
0.287438
0.195726
0.110359
0.034074
0.000000
0.000000
-0.141736
-0.249161
-0.340568
-0.426057
-0.505551
-0.577067
-0.638502
-0.683397
-0.694323
-0.684947
-0.664113
-0.637477
-0.608590
-0.579619
-0.551837
-0.525934
-0.502233
-0.460918
-0.374871
-0.281222
-0.189961
-0.105237
-0.029740
0.000000
0.000000
0.150255
0.254843
0.345674
0.430927
0.510132
0.581236
0.642134
0.684797
0.694362
0.684188
0.662921
0.636083
0.607137
0.578194
0.550489
0.524688
0.501101
0.455593
0.368797
0.275264
0.184434
0.100326
0.025582
0.000000
-0.001905
-0.158361
-0.260501
-0.350796
-0.435781
-0.514652
-0.585297
-0.645616
-0.686068
-0.694287
-0.683331
-0.661643
-0.634615
-0.605619
-0.576713
-0.549092
-0.523400
-0.499931
-0.450323
-0.362792
-0.269370
-0.178963
-0.095459
-0.021455
0.000000
0.013924
0.166032
0.267191
0.357040
0.441532
0.519760
0.589614
0.649018
0.686913
0.693603
0.681783
0.659657
0.632457
0.603454
0.574635
0.547154
0.521626
0.498329
0.445158
0.356934
0.263562
0.173490
0.090500
0.017150
0.000000
-0.026191
-0.173838
-0.273983
-0.363364
-0.447344
-0.524910
-0.593952
-0.652418
-0.687731
-0.692878
-0.680187
-0.657621
-0.630251
-0.601243
-0.572515
-0.545178
-0.519819
-0.496697
-0.440213
-0.351332
-0.257993
-0.168226
-0.085711
-0.012971
0.000000
0.037912
0.181257
0.280412
0.369330
0.452808
0.529731
0.597989
0.655555
0.688433
0.692127
0.678620
0.655644
0.628119
0.599111
0.570475
0.543278
0.518082
0.495129
0.435451
0.345934
0.252622
0.163144
0.081085
0.008930
0.000000
-0.049168
-0.188366
-0.286559
-0.375027
-0.458017
-0.534319
-0.601823
-0.658524
-0.689078
-0.691387
-0.677104
-0.653739
-0.626067
-0.597062
-0.568515
-0.541453
-0.516414
-0.493624
-0.430890
-0.340763
-0.247477
-0.158275
-0.076651
-0.005056
0.000000
0.059960
0.195182
0.292456
0.380492
0.463016
0.538723
0.605503
0.661376
0.689701
0.690683
0.675653
0.651915
0.624103
0.595100
0.566637
0.539705
0.514816
0.492182
0.426464
0.335745
0.242489
0.153560
0.072363
0.001315
0.000000
-0.070451
-0.201820
-0.298205
-0.385825
-0.467897
-0.543026
-0.609103
-0.664168
-0.690312
-0.689994
-0.674235
-0.650131
-0.622182
-0.593180
-0.564800
-0.537995
-0.513253
-0.490772
-0.421632
-0.330262
-0.237064
-0.148465
-0.067764
0.000000
0.000000
0.079881
0.208029
0.303727
0.391044
0.472758
0.547395
0.612848
0.667178
0.691086
0.689429
0.672912
0.648422
0.620320
0.591309
0.563003
0.536318
0.511718
0.489385
0.416634
0.324529
0.231341
0.143039
0.062818
0.000000
0.000000
-0.088612
-0.213854
-0.308952
-0.396012
-0.477410
-0.551603
-0.616482
-0.670129
-0.691881
-0.688931
-0.671680
-0.646814
-0.618562
-0.589537
-0.561299
-0.534727
-0.510260
-0.488067
-0.411863
-0.319047
-0.225855
-0.137829
-0.058058
0.000000
0.000000
0.097031
0.219479
0.314003
0.400817
0.481914
0.555680
0.620008
0.672996
0.692665
0.688465
0.670504
0.645274
0.616874
0.587835
0.559662
0.533197
0.508858
0.486800
0.407303
0.313808
0.220614
0.132850
0.053508
0.000000
0.000000
-0.105092
-0.224867
-0.318842
-0.405423
-0.486232
-0.559590
-0.623390
-0.675749
-0.693421
-0.688022
-0.669380
-0.643799
-0.615258
-0.586206
-0.558095
-0.531732
-0.507516
-0.485383
-0.402825
-0.308709
-0.215532
-0.128037
-0.049124
0.000000
0.000000
0.112870
0.230060
0.323502
0.409855
0.490384
0.563347
0.626637
0.678389
0.694140
0.687589
0.668293
0.642376
0.613700
0.584635
0.556583
0.530320
0.506222
0.479489
0.396075
0.302051
0.209315
0.122469
0.044364
0.000000
0.000000
-0.121704
-0.235831
-0.328607
-0.414662
-0.494845
-0.567341
-0.630044
-0.680163
-0.694279
-0.686767
-0.666944
-0.640778
-0.612024
-0.582985
-0.555019
-0.528873
-0.504905
-0.473380
-0.389089
-0.295176
-0.202913
-0.116755
-0.039500
0.000000
0.000000
0.131109
0.242077
0.334203
0.419986
0.499841
0.571872
0.633977
0.681649
0.694273
0.685889
0.665595
0.639212
0.610397
0.581393
0.553514
0.527484
0.503642
0.467527
0.382409
0.288615
0.196818
0.111330
0.034896
0.000000
0.000000
-0.140118
-0.248082
-0.339597
-0.425131
-0.504679
-0.576274
-0.637811
-0.683129
-0.694315
-0.685090
-0.664338
-0.637741
-0.608865
-0.579889
-0.552093
-0.526170
-0.502448
-0.461928
-0.376023
-0.282351
-0.191009
-0.106168
-0.030527
0.000000
0.000000
0.148707
0.253811
0.344746
0.430043
0.509300
0.580479
0.641475
0.684543
0.694355
0.684326
0.663137
0.636336
0.607401
0.578453
0.550734
0.524915
0.501306
0.456560
0.369900
0.276346
0.185438
0.101218
0.026337
0.000000
0.000000
-0.156939
-0.259301
-0.349680
-0.434748
-0.513727
-0.584506
-0.644983
-0.685897
-0.694392
-0.683593
-0.661986
-0.634989
-0.605997
-0.577077
-0.549432
-0.523711
-0.500212
-0.451420
-0.364037
-0.270594
-0.180103
-0.096477
-0.022323
0.000000
0.011441
0.164459
0.265827
0.355772
0.440370
0.518734
0.588753
0.648346
0.686759
0.693757
0.682111
0.660072
0.632905
0.603903
0.575065
0.547555
0.521993
0.498660
0.446162
0.358073
0.264695
0.174563
0.091477
0.018003
0.000000
-0.023776
-0.172302
-0.272647
-0.362120
-0.446202
-0.523899
-0.593100
-0.651751
-0.687572
-0.693022
-0.680502
-0.658023
-0.630685
-0.601678
-0.572933
-0.545567
-0.520175
-0.497018
-0.441185
-0.352434
-0.259088
-0.169261
-0.086653
-0.013793
0.000000
0.035615
0.179806
0.279155
0.368165
0.451742
0.528792
0.597204
0.654947
0.688300
0.692277
0.678929
0.656033
0.628538
0.599529
0.570875
0.543651
0.518422
0.495436
0.436385
0.346994
0.253677
0.164142
0.081993
0.009724
0.000000
-0.046958
-0.186970
-0.285353
-0.373909
-0.456995
-0.533419
-0.601070
-0.657942
-0.688951
-0.691532
-0.677401
-0.654113
-0.626470
-0.597464
-0.568899
-0.541811
-0.516741
-0.493919
-0.431784
-0.341777
-0.248486
-0.159230
-0.077520
-0.005816
0.000000
0.057844
0.193845
0.291299
0.379420
0.462035
0.537859
0.604781
0.660816
0.689579
0.690821
0.675938
0.652273
0.624489
0.595485
0.567006
0.540048
0.515130
0.492465
0.427378
0.336782
0.243517
0.154528
0.073239
0.002076
0.000000
-0.068267
-0.200428
-0.296995
-0.384699
-0.466864
-0.542113
-0.608336
-0.663571
-0.690181
-0.690140
-0.674537
-0.650511
-0.622592
-0.593589
-0.565192
-0.538360
-0.513587
-0.491073
-0.422664
-0.331437
-0.238231
-0.149565
-0.068762
0.000000
0.000000
0.078091
0.206831
0.302651
0.390019
0.471796
0.546524
0.612094
0.666564
0.690917
0.689527
0.673162
0.648749
0.620679
0.591671
0.563352
0.536644
0.512017
0.489655
0.417629
0.325673
0.232484
0.144124
0.063808
0.000000
0.000000
-0.086870
-0.212692
-0.307910
-0.395021
-0.476483
-0.550764
-0.615758
-0.669541
-0.691724
-0.689031
-0.671927
-0.647136
-0.618913
-0.589891
-0.561640
-0.535045
-0.510551
-0.488330
-0.412811
-0.320136
-0.226946
-0.138865
-0.059005
0.000000
0.000000
0.095353
0.218357
0.312995
0.399858
0.481015
0.554865
0.619303
0.672423
0.692507
0.688557
0.670738
0.645580
0.617210
0.588174
0.559988
0.533501
0.509137
0.487052
0.408210
0.314850
0.221656
0.133840
0.054412
0.000000
0.000000
-0.103489
-0.223796
-0.317880
-0.404507
-0.485373
-0.558812
-0.622717
-0.675202
-0.693271
-0.688110
-0.669604
-0.644093
-0.615580
-0.586530
-0.558407
-0.532024
-0.507783
-0.485828
-0.403804
-0.309787
-0.216591
-0.129028
-0.050016
0.000000
0.000000
0.111275
0.229000
0.322553
0.408955
0.489542
0.562586
0.625982
0.677858
0.693998
0.687680
0.668516
0.642667
0.614018
0.584955
0.556891
0.530608
0.506486
0.480699
0.397460
0.303416
0.210588
0.123607
0.045336
0.000000
0.000000
-0.119882
-0.234637
-0.327548
-0.413663
-0.493916
-0.566506
-0.629330
-0.679917
-0.694316
-0.686968
-0.667233
-0.641105
-0.612360
-0.583312
-0.555326
-0.529156
-0.505161
-0.474554
-0.390432
-0.296499
-0.204147
-0.117858
-0.040441
0.000000
0.000000
0.129298
0.240874
0.333125
0.418960
0.498878
0.570998
0.633217
0.681358
0.694268
0.686051
0.665848
0.639507
0.610704
0.581694
0.553799
0.527747
0.503882
0.468636
0.383673
0.289855
0.197968
0.112351
0.035762
0.000000
0.000000
-0.138412
-0.246943
-0.338573
-0.424153
-0.503759
-0.575436
-0.637080
-0.682846
-0.694305
-0.685240
-0.664575
-0.638019
-0.609155
-0.580174
-0.552362
-0.526419
-0.502674
-0.462993
-0.377238
-0.283543
-0.192114
-0.107150
-0.031358
0.000000
0.000000
0.147076
0.252723
0.343769
0.429110
0.508423
0.579681
0.640780
0.684276
0.694348
0.684471
0.663366
0.636604
0.607679
0.578726
0.550992
0.525153
0.501523
0.457581
0.371064
0.277488
0.186498
0.102160
0.027134
0.000000
0.000000
-0.155373
-0.258256
-0.348741
-0.433853
-0.512884
-0.583740
-0.644315
-0.685639
-0.694385
-0.683732
-0.662205
-0.635245
-0.606264
-0.577338
-0.549679
-0.523940
-0.500420
-0.452397
-0.365151
-0.271688
-0.181117
-0.097378
-0.023086
0.000000
0.009208
0.163031
0.264580
0.354607
0.439295
0.517778
0.587943
0.647707
0.686597
0.693881
0.682396
0.660440
0.633306
0.604305
0.575451
0.547915
0.522323
0.498958
0.447050
0.359080
0.265698
0.175513
0.092344
0.018762
0.000000
-0.021608
-0.170917
-0.271439
-0.360993
-0.445164
-0.522977
-0.592321
-0.651137
-0.687419
-0.693144
-0.680780
-0.658380
-0.631074
-0.602068
-0.573307
-0.545916
-0.520494
-0.497306
-0.442056
-0.353420
-0.260068
-0.170187
-0.087495
-0.014527
0.000000
0.033564
0.178510
0.278035
0.367126
0.450792
0.527955
0.596505
0.654406
0.688183
0.692413
0.679207
0.656382
0.628913
0.599904
0.571234
0.543984
0.518727
0.495712
0.437223
0.347943
0.254622
0.165036
0.082808
0.010436
0.000000
-0.044978
-0.185721
-0.284272
-0.372908
-0.456080
-0.532613
-0.600397
-0.657421
-0.688839
-0.691663
-0.677668
-0.654448
-0.626831
-0.597824
-0.569244
-0.542132
-0.517034
-0.494184
-0.432585
-0.342685
-0.249389
-0.160085
-0.078299
-0.006496
0.000000
0.055948
0.192648
0.290263
0.378460
0.461157
0.537085
0.604134
0.660315
0.689469
0.690944
0.676192
0.652593
0.624833
0.595829
0.567335
0.540355
0.515410
0.492718
0.428145
0.337652
0.244382
0.155347
0.073984
0.002727
0.000000
-0.066453
-0.199283
-0.296004
-0.383780
-0.466024
-0.541373
-0.607718
-0.663092
-0.690076
-0.690259
-0.674781
-0.650818
-0.622922
-0.593919
-0.565508
-0.538654
-0.513855
-0.491315
-0.423494
-0.332378
-0.239161
-0.150438
-0.069548
0.000000
0.000000
0.076663
0.205873
0.301788
0.389197
0.471024
0.545824
0.611487
0.666068
0.690779
0.689603
0.673361
0.649011
0.620967
0.591961
0.563631
0.536905
0.512256
0.489871
0.418435
0.326599
0.233409
0.145002
0.064608
0.000000
0.000000
-0.085463
-0.211754
-0.307070
-0.394223
-0.475735
-0.550089
-0.615175
-0.669068
-0.691598
-0.689114
-0.672127
-0.647396
-0.619198
-0.590178
-0.561916
-0.535302
-0.510787
-0.488543
-0.413577
-0.321017
-0.227828
-0.139703
-0.059772
0.000000
0.000000
0.093995
0.217449
0.312180
0.399082
0.480287
0.554206
0.618732
0.671958
0.692379
0.688630
0.670926
0.645827
0.617481
0.588447
0.560251
0.533748
0.509363
0.487256
0.408943
0.315692
0.222499
0.134640
0.055143
0.000000
0.000000
-0.102193
-0.222930
-0.317102
-0.403767
-0.484679
-0.558184
-0.622174
-0.674759
-0.693149
-0.688182
-0.669785
-0.644330
-0.615840
-0.586792
-0.558659
-0.532259
-0.507999
-0.486023
-0.404507
-0.310595
-0.217400
-0.129796
-0.050717
0.000000
0.000000
0.110033
0.228170
0.321808
0.408246
0.488878
0.561985
0.625462
0.677435
0.693882
0.687749
0.668690
0.642895
0.614267
0.585207
0.557133
0.530834
0.506693
0.481640
0.398537
0.304479
0.211581
0.124497
0.046096
0.000000
0.000000
-0.118474
-0.233717
-0.326736
-0.412898
-0.493207
-0.565872
-0.628789
-0.679735
-0.694352
-0.687129
-0.667460
-0.641362
-0.612622
-0.583567
-0.555566
-0.529376
-0.505361
-0.475464
-0.391474
-0.297526
-0.205105
-0.118715
-0.041173
0.000000
0.000000
0.127892
0.239941
0.332290
0.418165
0.498131
0.570320
0.632628
0.681132
0.694263
0.686177
0.666044
0.639735
0.610942
0.581927
0.554020
0.527951
0.504067
0.469494
0.384652
0.290814
0.198858
0.113142
0.036431
0.000000
0.000000
-0.137091
-0.246060
-0.337779
-0.423395
-0.503045
-0.574786
-0.636514
-0.682626
-0.694297
-0.685356
-0.664759
-0.638234
-0.609379
-0.580394
-0.552570
-0.526611
-0.502849
-0.463819
-0.378179
-0.284466
-0.192970
-0.107910
-0.032001
0.000000
0.000000
0.145812
0.251880
0.343012
0.428388
0.507744
0.579063
0.640242
0.684068
0.694343
0.684585
0.663543
0.636811
0.607895
0.578938
0.551193
0.525338
0.501692
0.458372
0.371966
0.278373
0.187318
0.102889
0.027752
0.000000
0.000000
-0.154160
-0.257447
-0.348014
-0.433159
-0.512232
-0.583146
-0.643798
-0.685439
-0.694379
-0.683840
-0.662374
-0.635444
-0.606471
-0.577541
-0.549871
-0.524117
-0.500581
-0.453154
-0.366015
-0.272535
-0.181903
-0.098077
-0.023677
0.000000
0.007478
0.161925
0.263614
0.353704
0.438463
0.517037
0.587316
0.647211
0.686472
0.693977
0.682618
0.660725
0.633616
0.604616
0.575750
0.548194
0.522578
0.499188
0.447739
0.359860
0.266475
0.176249
0.093015
0.019350
0.000000
-0.019929
-0.169845
-0.270503
-0.360120
-0.444360
-0.522262
-0.591718
-0.650662
-0.687300
-0.693239
-0.680995
-0.658656
-0.631374
-0.602369
-0.573596
-0.546186
-0.520741
-0.497530
-0.442730
-0.354184
-0.260827
-0.170904
-0.088147
-0.015095
0.000000
0.031975
0.177507
0.277167
0.366322
0.450057
0.527307
0.595963
0.653987
0.688092
0.692518
0.679422
0.656652
0.629204
0.600194
0.571511
0.544243
0.518964
0.495925
0.437871
0.348679
0.255354
0.165729
0.083439
0.010987
0.000000
-0.043445
-0.184753
-0.283435
-0.372132
-0.455371
-0.531989
-0.599876
-0.657017
-0.688751
-0.691764
-0.677874
-0.654707
-0.627110
-0.598103
-0.569511
-0.542380
-0.517261
-0.494389
-0.433205
-0.343388
-0.250089
-0.160747
-0.078901
-0.007022
0.000000
0.054480
0.191720
0.289461
0.377716
0.460477
0.536486
0.603633
0.659926
0.689384
0.691040
0.676389
0.652841
0.625100
0.596096
0.567590
0.540593
0.515627
0.492914
0.428740
0.338325
0.245052
0.155981
0.074561
0.003231
0.000000
-0.065047
-0.198395
-0.295236
-0.383069
-0.465373
-0.540799
-0.607238
-0.662720
-0.689995
-0.690350
-0.674970
-0.651055
-0.623178
-0.594175
-0.565752
-0.538882
-0.514063
-0.491503
-0.424137
-0.333107
-0.239882
-0.151114
-0.070158
0.000000
0.000000
0.075557
0.205132
0.301121
0.388560
0.470426
0.545282
0.611017
0.665685
0.690672
0.689663
0.673515
0.649214
0.621189
0.592186
0.563847
0.537107
0.512441
0.490038
0.419059
0.327317
0.234126
0.145681
0.065228
0.000000
0.000000
-0.084373
-0.211028
-0.306419
-0.393604
-0.475156
-0.549565
-0.614724
-0.668702
-0.691501
-0.689177
-0.672282
-0.647598
-0.619419
-0.590400
-0.562129
-0.535501
-0.510970
-0.488708
-0.414171
-0.321699
-0.228510
-0.140353
-0.060365
0.000000
0.000000
0.092944
0.216746
0.311548
0.398481
0.479723
0.553695
0.618290
0.671598
0.692280
0.688687
0.671072
0.646019
0.617691
0.588659
0.560455
0.533938
0.509537
0.487414
0.409511
0.316344
0.223151
0.135259
0.055709
0.000000
0.000000
-0.101190
-0.222259
-0.316499
-0.403194
-0.484142
-0.557697
-0.621753
-0.674417
-0.693056
-0.688237
-0.669925
-0.644514
-0.616041
-0.586995
-0.558854
-0.532442
-0.508166
-0.486174
-0.405051
-0.311221
-0.218026
-0.130391
-0.051261
0.000000
0.000000
0.109071
0.227527
0.321231
0.407697
0.488363
0.561519
0.625059
0.677107
0.693793
0.687802
0.668824
0.643071
0.614460
0.585401
0.557320
0.531009
0.506853
0.482368
0.399372
0.305302
0.212350
0.125186
0.046686
0.000000
0.000000
-0.117383
-0.233005
-0.326106
-0.412306
-0.492657
-0.565380
-0.628370
-0.679594
-0.694379
-0.687254
-0.667636
-0.641561
-0.612826
-0.583764
-0.555751
-0.529547
-0.505516
-0.476169
-0.392282
-0.298322
-0.205848
-0.119380
-0.041740
0.000000
0.000000
0.126803
0.239219
0.331642
0.417549
0.497552
0.569795
0.632172
0.680957
0.694260
0.686274
0.666196
0.639913
0.611127
0.582108
0.554191
0.528109
0.504211
0.470159
0.385410
0.291558
0.199548
0.113755
0.036950
0.000000
0.000000
-0.136068
-0.245377
-0.337164
-0.422808
-0.502493
-0.574283
-0.636075
-0.682456
-0.694290
-0.685446
-0.664901
-0.638401
-0.609553
-0.580565
-0.552732
-0.526761
-0.502985
-0.464458
-0.378909
-0.285181
-0.193633
-0.108499
-0.032500
0.000000
0.000000
0.144833
0.251228
0.342425
0.427829
0.507218
0.578585
0.639825
0.683908
0.694339
0.684672
0.663681
0.636971
0.608062
0.579102
0.551348
0.525482
0.501822
0.458984
0.372665
0.279058
0.187954
0.103454
0.028230
0.000000
0.000000
-0.153220
-0.256820
-0.347451
-0.432622
-0.511726
-0.582686
-0.643398
-0.685285
-0.694375
-0.683923
-0.662506
-0.635598
-0.606631
-0.577698
-0.550020
-0.524255
-0.500706
-0.453741
-0.366684
-0.273191
-0.182511
-0.098617
-0.024135
0.000000
0.006138
0.161068
0.262865
0.353005
0.437818
0.516464
0.586831
0.646827
0.686375
0.694052
0.682789
0.660946
0.633856
0.604857
0.575982
0.548410
0.522776
0.499367
0.448272
0.360465
0.267077
0.176819
0.093535
0.019805
0.000000
-0.018628
-0.169014
-0.269778
-0.359443
-0.443737
-0.521709
-0.591250
-0.650293
-0.687208
-0.693312
-0.681162
-0.658871
-0.631607
-0.602603
-0.573821
-0.546395
-0.520933
-0.497703
-0.443253
-0.354775
-0.261414
-0.171459
-0.088652
-0.015536
0.000000
0.030745
0.176730
0.276494
0.365698
0.449487
0.526805
0.595544
0.653662
0.688022
0.692600
0.679589
0.656861
0.629429
0.600419
0.571727
0.544443
0.519147
0.496090
0.438374
0.349249
0.255921
0.166266
0.083928
0.011415
0.000000
-0.042257
-0.184003
-0.282787
-0.371532
-0.454822
-0.531505
-0.599472
-0.656705
-0.688684
-0.691842
-0.678035
-0.654908
-0.627326
-0.598319
-0.569718
-0.542573
-0.517437
-0.494547
-0.433686
-0.343932
-0.250631
-0.161259
-0.079368
-0.007430
0.000000
0.053343
0.191002
0.288840
0.377140
0.459950
0.536021
0.603245
0.659626
0.689318
0.691114
0.676542
0.653033
0.625307
0.596303
0.567788
0.540777
0.515796
0.493066
0.429200
0.338847
0.245571
0.156472
0.075009
0.003621
0.000000
-0.063959
-0.197707
-0.294641
-0.382517
-0.464868
-0.540355
-0.606867
-0.662433
-0.689932
-0.690422
-0.675116
-0.651239
-0.623376
-0.594373
-0.565942
-0.539058
-0.514225
-0.491648
-0.424635
-0.333672
-0.240440
-0.151638
-0.070630
0.000000
0.000000
0.074701
0.204557
0.300603
0.388067
0.469963
0.544862
0.610653
0.665387
0.690590
0.689709
0.673634
0.649371
0.621362
0.592360
0.564015
0.537264
0.512584
0.490168
0.419543
0.327873
0.234681
0.146208
0.065708
0.000000
0.000000
-0.083529
-0.210465
-0.305914
-0.393124
-0.474707
-0.549160
-0.614374
-0.668419
-0.691425
-0.689227
-0.672402
-0.647755
-0.619589
-0.590572
-0.562294
-0.535656
-0.511111
-0.488836
-0.414630
-0.322228
-0.229039
-0.140856
-0.060825
0.000000
0.000000
0.092129
0.216202
0.311059
0.398015
0.479286
0.553300
0.617948
0.671319
0.692203
0.688731
0.671185
0.646167
0.617853
0.588823
0.560613
0.534086
0.509673
0.487536
0.409951
0.316849
0.223656
0.135739
0.056148
0.000000
0.000000
-0.100413
-0.221739
-0.316033
-0.402749
-0.483725
-0.557320
-0.621427
-0.674151
-0.692983
-0.688280
-0.670033
-0.644656
-0.616197
-0.587152
-0.559005
-0.532583
-0.508296
-0.486291
-0.405473
-0.311705
-0.218511
-0.130851
-0.051682
0.000000
0.000000
0.108326
0.227029
0.320784
0.407271
0.487964
0.561158
0.624746
0.676853
0.693723
0.687843
0.668928
0.643207
0.614610
0.585552
0.557465
0.531144
0.506977
0.482932
0.400018
0.305940
0.212946
0.125719
0.047142
0.000000
0.000000
-0.116538
-0.232454
-0.325618
-0.411847
-0.492232
-0.564999
-0.628046
-0.679485
-0.694401
-0.687351
-0.667773
-0.641715
-0.612983
-0.583917
-0.555895
-0.529679
-0.505636
-0.476716
-0.392907
-0.298939
-0.206423
-0.119894
-0.042179
0.000000
0.000000
0.125959
0.238659
0.331141
0.417072
0.497104
0.569388
0.631818
0.680822
0.694258
0.686350
0.666314
0.640050
0.611270
0.582248
0.554323
0.528231
0.504322
0.470675
0.385997
0.292134
0.200082
0.114230
0.037352
0.000000
0.000000
-0.135275
-0.244848
-0.336688
-0.422353
-0.502065
-0.573893
-0.635735
-0.682324
-0.694286
-0.685515
-0.665011
-0.638530
-0.609688
-0.580697
-0.552857
-0.526876
-0.503090
-0.464954
-0.379474
-0.285735
-0.194147
-0.108955
-0.032886
0.000000
0.000000
0.144075
0.250722
0.341971
0.427396
0.506811
0.578214
0.639502
0.683783
0.694336
0.684740
0.663787
0.637096
0.608192
0.579229
0.551468
0.525593
0.501923
0.459458
0.373206
0.279589
0.188447
0.103892
0.028601
0.000000
0.000000
-0.152492
-0.256335
-0.347014
-0.432206
-0.511335
-0.582330
-0.643087
-0.685165
-0.694371
-0.683988
-0.662607
-0.635717
-0.606755
-0.577820
-0.550135
-0.524361
-0.500803
-0.454195
-0.367202
-0.273699
-0.182983
-0.099036
-0.024490
0.000000
0.005100
0.160404
0.262285
0.352463
0.437319
0.516019
0.586454
0.646530
0.686300
0.694110
0.682922
0.661117
0.634042
0.605044
0.576161
0.548577
0.522929
0.499505
0.448698
0.360948
0.267557
0.177273
0.093948
0.020165
0.000000
-0.017599
-0.168357
-0.269206
-0.358910
-0.443245
-0.521273
-0.590882
-0.650004
-0.687137
-0.693371
-0.681295
-0.659040
-0.631791
-0.602788
-0.573998
-0.546561
-0.521084
-0.497839
-0.443667
-0.355244
-0.261880
-0.171899
-0.089052
-0.015885
0.000000
0.029767
0.176112
0.275959
0.365202
0.449033
0.526405
0.595209
0.653402
0.687965
0.692663
0.679720
0.657027
0.629607
0.600598
0.571897
0.544602
0.519292
0.496221
0.438772
0.349700
0.256371
0.166692
0.084316
0.011753
0.000000
-0.041315
-0.183408
-0.282273
-0.371055
-0.454386
-0.531122
-0.599152
-0.656457
-0.688630
-0.691904
-0.678161
-0.655068
-0.627498
-0.598491
-0.569881
-0.542725
-0.517577
-0.494673
-0.434067
-0.344365
-0.251061
-0.161666
-0.079739
-0.007754
0.000000
0.052441
0.190432
0.288347
0.376683
0.459532
0.535653
0.602937
0.659387
0.689266
0.691173
0.676663
0.653185
0.625471
0.596467
0.567945
0.540923
0.515929
0.493187
0.429565
0.339261
0.245983
0.156861
0.075363
0.003931
0.000000
-0.063095
-0.197162
-0.294169
-0.382080
-0.464468
-0.540002
-0.606572
-0.662204
-0.689882
-0.690478
-0.675232
-0.651385
-0.623533
-0.594530
-0.566092
-0.539198
-0.514352
-0.491764
-0.425030
-0.334120
-0.240883
-0.152053
-0.071004
-0.000144
0.000000
0.073900
0.204033
0.300138
0.387628
0.469556
0.544496
0.610341
0.665138
0.690527
0.689758
0.673746
0.649516
0.621519
0.592517
0.564166
0.537405
0.512714
0.490285
0.419961
0.328352
0.235160
0.146661
0.066121
0.000000
0.000000
-0.082799
-0.209978
-0.305477
-0.392709
-0.474318
-0.548808
-0.614070
-0.668172
-0.691359
-0.689268
-0.672505
-0.647889
-0.619736
-0.590720
-0.562437
-0.535789
-0.511233
-0.488946
-0.415029
-0.322686
-0.229498
-0.141291
-0.061223
0.000000
0.000000
0.091426
0.215732
0.310637
0.397613
0.478910
0.552959
0.617654
0.671080
0.692137
0.688770
0.671283
0.646296
0.617995
0.588966
0.560750
0.534214
0.509790
0.487642
0.410332
0.317287
0.224095
0.136156
0.056528
0.000000
0.000000
-0.099738
-0.221288
-0.315628
-0.402364
-0.483364
-0.556993
-0.621144
-0.673921
-0.692920
-0.688317
-0.670127
-0.644779
-0.616332
-0.587289
-0.559136
-0.532706
-0.508408
-0.486393
-0.405839
-0.312125
-0.218931
-0.131250
-0.052047
0.000000
0.000000
0.107680
0.226598
0.320396
0.406902
0.487619
0.560845
0.624476
0.676633
0.693663
0.687879
0.669018
0.643326
0.614739
0.585682
0.557591
0.531262
0.507085
0.483422
0.400578
0.306493
0.213462
0.126182
0.047538
0.000000
0.000000
-0.115806
-0.231976
-0.325196
-0.411449
-0.491863
-0.564669
-0.627765
-0.679287
-0.694361
-0.687404
-0.667879
-0.641847
-0.613125
-0.584059
-0.556030
-0.529805
-0.505750
-0.477256
-0.393524
-0.299545
-0.206987
-0.120397
-0.042606
0.000000
0.000000
0.125130
0.238108
0.330647
0.416602
0.496664
0.568989
0.631472
0.680693
0.694261
0.686430
0.666436
0.640191
0.611416
0.582391
0.554458
0.528355
0.504435
0.471199
0.386596
0.292723
0.200630
0.114718
0.037767
0.000000
0.000000
-0.134468
-0.244310
-0.336206
-0.421894
-0.501633
-0.573501
-0.635393
-0.682192
-0.694283
-0.685588
-0.665124
-0.638662
-0.609825
-0.580832
-0.552984
-0.526994
-0.503197
-0.465453
-0.380043
-0.286294
-0.194665
-0.109416
-0.033276
0.000000
0.000000
0.143307
0.250210
0.341511
0.426956
0.506397
0.577838
0.639174
0.683657
0.694332
0.684808
0.663894
0.637221
0.608322
0.579357
0.551589
0.525705
0.502025
0.459938
0.373753
0.280125
0.188944
0.104334
0.028975
0.000000
0.000000
-0.151757
-0.255845
-0.346574
-0.431786
-0.510940
-0.581971
-0.642774
-0.685044
-0.694368
-0.684054
-0.662710
-0.635837
-0.606880
-0.577943
-0.550251
-0.524468
-0.500901
-0.454654
-0.367725
-0.274213
-0.183459
-0.099460
-0.024848
0.000000
0.004051
0.159734
0.261700
0.351916
0.436814
0.515570
0.586074
0.646230
0.686224
0.694168
0.683056
0.661290
0.634230
0.605233
0.576342
0.548746
0.523084
0.499645
0.449231
0.361553
0.268152
0.177828
0.094444
0.020588
0.000000
-0.016393
-0.167594
-0.268545
-0.358296
-0.442683
-0.520777
-0.590466
-0.649680
-0.687064
-0.693447
-0.681455
-0.659243
-0.632010
-0.603007
-0.574207
-0.546755
-0.521262
-0.498000
-0.444156
-0.355799
-0.262432
-0.172421
-0.089527
-0.016300
0.000000
0.028594
0.175365
0.275310
0.364599
0.448478
0.525914
0.594797
0.653079
0.687888
0.692734
0.679874
0.657222
0.629818
0.600809
0.572100
0.544791
0.519465
0.496377
0.439245
0.350236
0.256903
0.167195
0.084774
0.012153
0.000000
-0.040198
-0.182702
-0.281662
-0.370489
-0.453868
-0.530665
-0.598770
-0.656161
-0.688565
-0.691977
-0.678312
-0.655257
-0.627702
-0.598694
-0.570076
-0.542907
-0.517742
-0.494823
-0.434521
-0.344880
-0.251573
-0.162151
-0.080181
-0.008140
0.000000
0.051367
0.189754
0.287760
0.376139
0.459035
0.535215
0.602571
0.659104
0.689204
0.691243
0.676808
0.653367
0.625667
0.596662
0.568132
0.541097
0.516088
0.493330
0.430000
0.339754
0.246474
0.157326
0.075786
0.004300
0.000000
-0.062066
-0.196512
-0.293607
-0.381559
-0.463992
-0.539582
-0.606221
-0.661932
-0.689823
-0.690545
-0.675370
-0.651559
-0.623720
-0.594717
-0.566271
-0.539364
-0.514505
-0.491901
-0.425501
-0.334653
-0.241410
-0.152548
-0.071450
-0.000528
0.000000
0.072768
0.203306
0.299504
0.387036
0.469011
0.544014
0.609934
0.664820
0.690456
0.689836
0.673907
0.649718
0.621736
0.592735
0.564374
0.537599
0.512891
0.490445
0.420509
0.328979
0.235785
0.147253
0.066660
0.000000
0.000000
-0.081841
-0.209338
-0.304903
-0.392163
-0.473806
-0.548344
-0.613669
-0.667846
-0.691269
-0.689321
-0.672639
-0.648064
-0.619928
-0.590913
-0.562623
-0.535963
-0.511392
-0.489090
-0.415556
-0.323291
-0.230103
-0.141865
-0.061747
0.000000
0.000000
0.090502
0.215116
0.310084
0.397088
0.478418
0.552514
0.617269
0.670768
0.692053
0.688823
0.671413
0.646466
0.618181
0.589153
0.560930
0.534382
0.509944
0.487781
0.410835
0.317865
0.224673
0.136705
0.057030
0.000000
0.000000
-0.098850
-0.220695
-0.315094
-0.401856
-0.482888
-0.556562
-0.620771
-0.673618
-0.692836
-0.688365
-0.670251
-0.644941
-0.616510
-0.587468
-0.559309
-0.532867
-0.508556
-0.486526
-0.406319
-0.312678
-0.219483
-0.131775
-0.052526
0.000000
0.000000
0.106831
0.226030
0.319886
0.406417
0.487164
0.560433
0.624119
0.676343
0.693584
0.687926
0.669137
0.643481
0.614910
0.585854
0.557756
0.531416
0.507226
0.484065
0.401316
0.307220
0.214141
0.126791
0.048058
0.000000
0.000000
-0.114842
-0.231347
-0.324640
-0.410926
-0.491378
-0.564235
-0.627395
-0.678992
-0.694288
-0.687465
-0.668015
-0.642021
-0.613314
-0.584248
-0.556212
-0.529974
-0.505905
-0.477989
-0.394362
-0.300368
-0.207751
-0.121077
-0.043183
0.000000
0.000000
0.124005
0.237360
0.329978
0.415965
0.496067
0.568448
0.631004
0.680519
0.694267
0.686540
0.666602
0.640384
0.611615
0.582586
0.554642
0.528525
0.504589
0.471915
0.387414
0.293528
0.201379
0.115387
0.038336
0.000000
0.000000
-0.133365
-0.243577
-0.335548
-0.421268
-0.501045
-0.572966
-0.634929
-0.682014
-0.694280
-0.685687
-0.665279
-0.638842
-0.610013
-0.581016
-0.553158
-0.527155
-0.503343
-0.466134
-0.380820
-0.287056
-0.195372
-0.110044
-0.033808
0.000000
0.000000
0.142261
0.249512
0.340883
0.426357
0.505833
0.577325
0.638727
0.683483
0.694326
0.684900
0.664040
0.637392
0.608500
0.579532
0.551754
0.525857
0.502164
0.460591
0.374498
0.280856
0.189622
0.104936
0.029484
0.000000
0.000000
-0.150756
-0.255177
-0.345974
-0.431214
-0.510402
-0.581481
-0.642348
-0.684880
-0.694364
-0.684143
-0.662850
-0.636001
-0.607051
-0.578110
-0.550410
-0.524615
-0.501034
-0.455280
-0.368439
-0.274913
-0.184109
-0.100037
-0.025337
0.000000
0.002621
0.158820
0.260901
0.351170
0.436126
0.514959
0.585556
0.645821
0.686120
0.694247
0.683239
0.661525
0.634486
0.605490
0.576589
0.548977
0.523295
0.499836
0.449959
0.362378
0.268964
0.178584
0.095120
0.021165
0.000000
-0.014749
-0.166554
-0.267643
-0.357459
-0.441916
-0.520100
-0.589899
-0.649239
-0.686964
-0.693551
-0.681673
-0.659519
-0.632307
-0.603304
-0.574492
-0.547021
-0.521505
-0.498219
-0.444823
-0.356555
-0.263184
-0.173133
-0.090176
-0.016866
0.000000
0.026993
0.174348
0.274426
0.363776
0.447723
0.525246
0.594234
0.652639
0.687784
0.692830
0.680083
0.657488
0.630107
0.601098
0.572377
0.545049
0.519701
0.496590
0.439889
0.350966
0.257629
0.167882
0.085398
0.012698
0.000000
-0.038675
-0.181740
-0.280829
-0.369717
-0.453162
-0.530043
-0.598250
-0.655758
-0.688477
-0.692077
-0.678517
-0.655515
-0.627979
-0.598972
-0.570342
-0.543154
-0.517968
-0.495027
-0.435140
-0.345582
-0.252272
-0.162813
-0.080783
-0.008666
0.000000
0.049902
0.188829
0.286960
0.375398
0.458357
0.534618
0.602072
0.658718
0.689120
0.691339
0.677005
0.653615
0.625934
0.596928
0.568387
0.541334
0.516305
0.493526
0.430593
0.340426
0.247142
0.157958
0.076362
0.004804
0.000000
-0.060663
-0.195626
-0.292840
-0.380848
-0.463342
-0.539010
-0.605743
-0.661562
-0.689742
-0.690637
-0.675559
-0.651796
-0.623976
-0.594972
-0.566515
-0.539592
-0.514712
-0.492089
-0.426142
-0.335381
-0.242129
-0.153222
-0.072058
-0.001052
0.000000
0.071224
0.202316
0.298639
0.386229
0.468269
0.543356
0.609380
0.664386
0.690360
0.689941
0.674125
0.649993
0.622033
0.593031
0.564658
0.537863
0.513132
0.490663
0.421257
0.329833
0.236637
0.148060
0.067395
0.000000
0.000000
-0.080535
-0.208466
-0.304120
-0.391417
-0.473108
-0.547712
-0.613122
-0.667401
-0.691147
-0.689393
-0.672821
-0.648302
-0.620189
-0.591177
-0.562876
-0.536200
-0.511609
-0.489286
-0.416274
-0.324116
-0.230927
-0.142647
-0.062461
0.000000
0.000000
0.089243
0.214275
0.309330
0.396371
0.477746
0.551907
0.616745
0.670342
0.691938
0.688895
0.671591
0.646698
0.618434
0.589409
0.561176
0.534612
0.510154
0.487972
0.411520
0.318652
0.225460
0.137454
0.057715
0.000000
0.000000
-0.097638
-0.219885
-0.314367
-0.401164
-0.482239
-0.555974
-0.620262
-0.673204
-0.692722
-0.688432
-0.670420
-0.645163
-0.616752
-0.587713
-0.559544
-0.533087
-0.508757
-0.486708
-0.406975
-0.313430
-0.220236
-0.132491
-0.053180
0.000000
0.000000
0.105672
0.225255
0.319191
0.405755
0.486543
0.559871
0.623634
0.675947
0.693475
0.687990
0.669299
0.643693
0.615142
0.586089
0.557982
0.531627
0.507419
0.484943
0.402321
0.308212
0.215068
0.127621
0.048768
0.000000
0.000000
-0.113529
-0.230490
-0.323882
-0.410213
-0.490716
-0.563643
-0.626890
-0.678590
-0.694189
-0.687547
-0.668200
-0.642258
-0.613571
-0.584506
-0.556459
-0.530205
-0.506116
-0.478988
-0.395503
-0.301489
-0.208793
-0.122004
-0.043969
0.000000
0.000000
0.122472
0.236342
0.329065
0.415097
0.495253
0.567711
0.630365
0.680282
0.694275
0.686691
0.666830
0.640646
0.611887
0.582852
0.554893
0.528757
0.504799
0.472891
0.388530
0.294625
0.202401
0.116298
0.039111
0.000000
0.000000
-0.131862
-0.242578
-0.334652
-0.420414
-0.500243
-0.572238
-0.634295
-0.681771
-0.694275
-0.685822
-0.665490
-0.639088
-0.610269
-0.581267
-0.553396
-0.527374
-0.503543
-0.467062
-0.381878
-0.288094
-0.196335
-0.110900
-0.034533
0.000000
0.000000
0.140834
0.248559
0.340027
0.425540
0.505065
0.576625
0.638117
0.683247
0.694318
0.685026
0.664239
0.637624
0.608743
0.579770
0.551980
0.526065
0.502353
0.461481
0.375513
0.281852
0.190545
0.105756
0.030179
0.000000
0.000000
-0.149392
-0.254267
-0.345156
-0.430434
-0.509668
-0.580814
-0.641766
-0.684656
-0.694358
-0.684265
-0.663042
-0.636224
-0.607284
-0.578339
-0.550626
-0.524814
-0.501215
-0.456133
-0.369412
-0.275867
-0.184994
-0.100824
-0.026003
0.000000
0.000672
0.157573
0.259812
0.350153
0.435188
0.514124
0.584850
0.645263
0.685979
0.694356
0.683488
0.661846
0.634835
0.605841
0.576926
0.549291
0.523582
0.500095
0.450950
0.363503
0.270070
0.179615
0.096042
0.021952
0.000000
-0.012507
-0.165135
-0.266414
-0.356318
-0.440871
-0.519177
-0.589125
-0.648637
-0.686827
-0.693692
-0.681971
-0.659895
-0.632713
-0.603710
-0.574881
-0.547383
-0.521836
-0.498518
-0.445733
-0.357586
-0.264210
-0.174104
-0.091059
-0.017638
0.000000
0.024812
0.172961
0.273221
0.362654
0.446693
0.524334
0.593467
0.652039
0.687641
0.692961
0.680367
0.657851
0.630499
0.601491
0.572754
0.545400
0.520022
0.496880
0.440768
0.351962
0.258619
0.168817
0.086250
0.013441
0.000000
-0.036599
-0.180428
-0.279694
-0.368664
-0.452199
-0.529194
-0.597540
-0.655208
-0.688357
-0.692212
-0.678796
-0.655866
-0.628358
-0.599350
-0.570704
-0.543491
-0.518276
-0.495305
-0.435985
-0.346539
-0.253225
-0.163714
-0.081604
-0.009383
0.000000
0.047906
0.187568
0.285870
0.374388
0.457433
0.533805
0.601393
0.658191
0.689006
0.691470
0.677274
0.653952
0.626297
0.597292
0.568734
0.541658
0.516601
0.493793
0.431401
0.341342
0.248054
0.158821
0.077148
0.005490
0.000000
-0.058751
-0.194418
-0.291795
-0.379880
-0.462456
-0.538229
-0.605090
-0.661056
-0.689631
-0.690761
-0.675816
-0.652119
-0.624324
-0.595320
-0.566848
-0.539901
-0.514995
-0.492344
-0.427011
-0.336366
-0.243103
-0.154136
-0.072882
-0.001764
0.000000
0.069136
0.200977
0.297470
0.385139
0.467266
0.542467
0.608633
0.663800
0.690231
0.690083
0.674420
0.650364
0.622433
0.593431
0.565041
0.538219
0.513458
0.490957
0.422267
0.330986
0.237786
0.149148
0.068385
0.000000
0.000000
-0.078774
-0.207290
-0.303063
-0.390412
-0.472165
-0.546859
-0.612384
-0.666801
-0.690983
-0.689490
-0.673066
-0.648624
-0.620542
-0.591532
-0.563218
-0.536519
-0.511902
-0.489551
-0.417243
-0.325229
-0.232040
-0.143703
-0.063424
0.000000
0.000000
0.087544
0.213141
0.308313
0.395404
0.476841
0.551088
0.616037
0.669767
0.691784
0.688992
0.671831
0.647011
0.618777
0.589754
0.561508
0.534922
0.510438
0.488228
0.412444
0.319715
0.226524
0.138464
0.058638
0.000000
0.000000
-0.096003
-0.218792
-0.313385
-0.400230
-0.481363
-0.555181
-0.619576
-0.672645
-0.692569
-0.688521
-0.670647
-0.645461
-0.617080
-0.588043
-0.559862
-0.533384
-0.509029
-0.486954
-0.407860
-0.314447
-0.221253
-0.133457
-0.054062
0.000000
0.000000
0.104109
0.224210
0.318252
0.404862
0.485706
0.559113
0.622978
0.675414
0.693329
0.688076
0.669517
0.643979
0.615455
0.586405
0.558286
0.531911
0.507680
0.485734
0.403467
0.309400
0.216204
0.128660
0.049680
0.000000
0.000000
-0.111869
-0.229397
-0.322910
-0.409294
-0.489861
-0.562874
-0.626231
-0.678061
-0.694054
-0.687647
-0.668433
-0.642559
-0.613899
-0.584835
-0.556776
-0.530500
-0.506387
-0.480249
-0.396944
-0.302907
-0.210112
-0.123181
-0.044971
0.000000
0.000000
0.120556
0.235077
0.327937
0.414029
0.494256
0.566810
0.629589
0.680004
0.694299
0.686891
0.667124
0.640982
0.612234
0.583189
0.555211
0.529050
0.505066
0.474118
0.389933
0.296007
0.203688
0.117447
0.040090
0.000000
0.000000
-0.129971
-0.241321
-0.333526
-0.419341
-0.499235
-0.571323
-0.633499
-0.681466
-0.694269
-0.685991
-0.665754
-0.639397
-0.610590
-0.581582
-0.553694
-0.527649
-0.503793
-0.468225
-0.383204
-0.289395
-0.197542
-0.111973
-0.035441
0.000000
0.000000
0.139045
0.247365
0.338953
0.424515
0.504100
0.575747
0.637351
0.682951
0.694308
0.685184
0.664488
0.637916
0.609047
0.580068
0.552262
0.526326
0.502590
0.462598
0.376787
0.283101
0.191704
0.106785
0.031050
0.000000
0.000000
-0.147681
-0.253126
-0.344131
-0.429456
-0.508748
-0.579977
-0.641037
-0.684375
-0.694350
-0.684417
-0.663281
-0.636504
-0.607576
-0.578625
-0.550896
-0.525065
-0.501443
-0.457202
-0.370633
-0.277064
-0.186105
-0.101811
-0.026838
0.000000
0.000000
0.155954
0.258644
0.349089
0.434185
0.513197
0.584024
0.644563
0.685735
0.694388
0.683680
0.662124
0.635150
0.606165
0.577241
0.549587
0.523855
0.500343
0.452035
0.364738
0.271282
0.180741
0.097044
0.022803
0.000000
-0.010036
-0.163561
-0.265043
-0.355039
-0.439694
-0.518132
-0.588244
-0.647944
-0.686657
-0.693835
-0.682290
-0.660304
-0.633157
-0.604156
-0.575308
-0.547781
-0.522200
-0.498847
-0.446721
-0.358707
-0.265326
-0.175160
-0.092022
-0.018481
0.000000
0.022412
0.171431
0.271887
0.361411
0.445549
0.523319
0.592610
0.651365
0.687476
0.693099
0.680677
0.658247
0.630930
0.601923
0.573168
0.545786
0.520375
0.497199
0.441733
0.353054
0.259705
0.169843
0.087183
0.014255
0.000000
-0.034325
-0.178991
-0.278450
-0.367512
-0.451145
-0.528266
-0.596764
-0.654607
-0.688226
-0.692362
-0.679104
-0.656252
-0.628774
-0.599765
-0.571101
-0.543861
-0.518614
-0.495609
-0.436912
-0.347591
-0.254271
-0.164705
-0.082506
-0.010172
0.000000
0.045713
0.186184
0.284673
0.373279
0.456419
0.532912
0.600647
0.657614
0.688880
0.691614
0.677569
0.654323
0.626697
0.597691
0.569116
0.542013
0.516926
0.494086
0.432288
0.342348
0.249054
0.159768
0.078010
0.006243
0.000000
-0.056651
-0.193092
-0.290648
-0.378816
-0.461483
-0.537372
-0.604374
-0.660501
-0.689510
-0.690898
-0.676098
-0.652474
-0.624706
-0.595701
-0.567213
-0.540241
-0.515306
-0.492624
-0.427861
-0.337329
-0.244061
-0.155043
-0.073708
-0.002485
0.000000
0.067126
0.199708
0.296371
0.384121
0.466335
0.541647
0.607947
0.663269
0.690115
0.690215
0.674690
0.650704
0.622799
0.593797
0.565391
0.538545
0.513756
0.491225
0.423186
0.332029
0.238816
0.150114
0.069257
0.000000
0.000000
-0.077193
-0.206229
-0.302108
-0.389501
-0.471310
-0.546084
-0.611712
-0.666252
-0.690830
-0.689575
-0.673287
-0.648914
-0.620860
-0.591853
-0.563528
-0.536808
-0.512167
-0.489791
-0.418136
-0.326256
-0.233066
-0.144676
-0.064311
0.000000
0.000000
0.085985
0.212102
0.307382
0.394519
0.476012
0.550339
0.615391
0.669244
0.691644
0.689083
0.672053
0.647300
0.619092
0.590071
0.561813
0.535207
0.510700
0.488464
0.413293
0.320690
0.227501
0.139393
0.059487
0.000000
0.000000
-0.094499
-0.217786
-0.312482
-0.399370
-0.480557
-0.554450
-0.618944
-0.672130
-0.692427
-0.688603
-0.670856
-0.645735
-0.617380
-0.588346
-0.560154
-0.533656
-0.509279
-0.487180
-0.408672
-0.315380
-0.222186
-0.134343
-0.054872
0.000000
0.000000
0.102674
0.223251
0.317390
0.404042
0.484937
0.558417
0.622375
0.674923
0.693194
0.688155
0.669717
0.644242
0.615743
0.586695
0.558565
0.532172
0.507919
0.485951
0.404246
0.310295
0.217100
0.129511
0.050457
0.000000
0.000000
-0.110494
-0.228477
-0.322084
-0.408509
-0.489124
-0.562208
-0.625655
-0.677592
-0.693925
-0.687723
-0.668625
-0.642811
-0.614175
-0.585113
-0.557043
-0.530750
-0.506616
-0.481291
-0.398138
-0.304085
-0.211212
-0.124167
-0.045814
0.000000
0.000000
0.118996
0.234058
0.327037
0.413182
0.493470
0.566107
0.628990
0.679802
0.694339
0.687069
0.667376
0.641267
0.612525
0.583472
0.555477
0.529294
0.505287
0.475126
0.391088
0.297145
0.204750
0.118397
0.040901
0.000000
0.000000
-0.128413
-0.240287
-0.332600
-0.418460
-0.498408
-0.570571
-0.632847
-0.681216
-0.694265
-0.686130
-0.665972
-0.639651
-0.610854
-0.581841
-0.553938
-0.527875
-0.503998
-0.469176
-0.384289
-0.290458
-0.198528
-0.112849
-0.036183
0.000000
0.000000
0.137581
0.246388
0.338074
0.423676
0.503310
0.575027
0.636724
0.682707
0.694300
0.685313
0.664691
0.638154
0.609296
0.580312
0.552493
0.526540
0.502784
0.463513
0.377830
0.284124
0.192652
0.107628
0.031762
0.000000
0.000000
-0.146281
-0.252193
-0.343293
-0.428656
-0.507996
-0.579293
-0.640441
-0.684145
-0.694345
-0.684543
-0.663478
-0.636734
-0.607815
-0.578860
-0.551118
-0.525270
-0.501629
-0.458078
-0.371632
-0.278045
-0.187014
-0.102619
-0.027523
0.000000
0.000000
0.154609
0.257747
0.348284
0.433416
0.512474
0.583367
0.643990
0.685514
0.694381
0.683800
0.662311
0.635370
0.606394
0.577466
0.549800
0.524052
0.500522
0.452874
0.365695
0.272221
0.181611
0.097818
0.023458
0.000000
-0.008120
-0.162335
-0.263972
-0.354039
-0.438772
-0.517312
-0.587549
-0.647395
-0.686518
-0.693942
-0.682536
-0.660619
-0.633501
-0.604501
-0.575639
-0.548090
-0.522483
-0.499103
-0.447483
-0.359571
-0.266187
-0.175976
-0.092766
-0.019132
0.000000
0.020552
0.170242
0.270850
0.360444
0.444658
0.522527
0.591941
0.650838
0.687344
0.693204
0.680916
0.658554
0.631263
0.602257
0.573489
0.546086
0.520649
0.497447
0.442480
0.353900
0.260545
0.170638
0.087905
0.014885
0.000000
-0.032565
-0.177879
-0.277489
-0.366620
-0.450329
-0.527548
-0.596164
-0.654142
-0.688126
-0.692479
-0.679342
-0.656552
-0.629096
-0.600087
-0.571408
-0.544147
-0.518876
-0.495846
-0.437631
-0.348406
-0.255083
-0.165472
-0.083205
-0.010783
0.000000
0.044013
0.185112
0.283746
0.372420
0.455634
0.532220
0.600069
0.657167
0.688784
0.691726
0.677798
0.654611
0.627006
0.598000
0.569412
0.542288
0.517177
0.494313
0.432975
0.343127
0.249830
0.160501
0.078678
0.006827
0.000000
-0.055025
-0.192064
-0.289759
-0.377992
-0.460729
-0.536708
-0.603819
-0.660070
-0.689415
-0.691004
-0.676316
-0.652749
-0.625001
-0.595997
-0.567496
-0.540505
-0.515547
-0.492842
-0.428519
-0.338076
-0.244804
-0.155746
-0.074347
-0.003044
0.000000
0.065569
0.198724
0.295521
0.383333
0.465614
0.541012
0.607416
0.662858
0.690025
0.690316
0.674900
0.650967
0.623083
0.594080
0.565662
0.538797
0.513986
0.491433
0.423899
0.332837
0.239615
0.150863
0.069932
0.000000
0.000000
-0.075968
-0.205407
-0.301368
-0.388796
-0.470648
-0.545483
-0.611191
-0.665827
-0.690712
-0.689641
-0.673457
-0.649139
-0.621107
-0.592102
-0.563767
-0.537032
-0.512372
-0.489976
-0.418828
-0.327051
-0.233860
-0.145429
-0.064998
0.000000
0.000000
0.084777
0.211297
0.306660
0.393833
0.475371
0.549759
0.614891
0.668838
0.691537
0.689154
0.672225
0.647523
0.619337
0.590317
0.562050
0.535428
0.510902
0.488647
0.413950
0.321446
0.228257
0.140112
0.060145
0.000000
0.000000
-0.093334
-0.217007
-0.311782
-0.398704
-0.479932
-0.553885
-0.618454
-0.671732
-0.692317
-0.688666
-0.671018
-0.645948
-0.617613
-0.588581
-0.560380
-0.533867
-0.509473
-0.487355
-0.409301
-0.316102
-0.222909
-0.135029
-0.055499
0.000000
0.000000
0.101562
0.222508
0.316723
0.403406
0.484341
0.557877
0.621909
0.674544
0.693090
0.688216
0.669873
0.644445
0.615966
0.586920
0.558782
0.532374
0.508104
0.486118
0.404849
0.310989
0.217793
0.130170
0.051059
0.000000
0.000000
-0.109428
-0.227765
-0.321445
-0.407900
-0.488554
-0.561692
-0.625208
-0.677228
-0.693826
-0.687782
-0.668774
-0.643006
-0.614389
-0.585329
-0.557251
-0.530944
-0.506794
-0.482098
-0.399062
-0.304997
-0.212065
-0.124930
-0.046467
0.000000
0.000000
0.117788
0.233269
0.326339
0.412526
0.492861
0.565563
0.628526
0.679646
0.694369
0.687208
0.667571
0.641487
0.612750
0.583691
0.555683
0.529483
0.505458
0.475908
0.391982
0.298027
0.205572
0.119133
0.041529
0.000000
0.000000
-0.127207
-0.239487
-0.331882
-0.417777
-0.497767
-0.569990
-0.632341
-0.681022
-0.694262
-0.686238
-0.666140
-0.639847
-0.611059
-0.582041
-0.554128
-0.528050
-0.504157
-0.469913
-0.385129
-0.291282
-0.199292
-0.113528
-0.036757
0.000000
0.000000
0.136448
0.245630
0.337392
0.423026
0.502698
0.574470
0.636237
0.682519
0.694293
0.685412
0.664849
0.638339
0.609488
0.580502
0.552672
0.526705
0.502935
0.464221
0.378638
0.284916
0.193387
0.108281
0.032315
0.000000
0.000000
-0.145196
-0.251470
-0.342643
-0.428036
-0.507413
-0.578762
-0.639980
-0.683967
-0.694340
-0.684640
-0.663630
-0.636912
-0.608000
-0.579041
-0.551290
-0.525428
-0.501774
-0.458757
-0.372406
-0.278804
-0.187718
-0.103245
-0.028053
0.000000
0.000000
0.153568
0.257053
0.347660
0.432821
0.511914
0.582857
0.643546
0.685342
0.694376
0.683892
0.662457
0.635541
0.606572
0.577640
0.549965
0.524204
0.500660
0.453523
0.366436
0.272947
0.182286
0.098417
0.023965
0.000000
-0.006635
-0.161386
-0.263143
-0.353264
-0.438057
-0.516676
-0.587011
-0.646970
-0.686411
-0.694024
-0.682726
-0.660864
-0.633767
-0.604768
-0.575896
-0.548330
-0.522702
-0.499301
-0.448074
-0.360240
-0.266854
-0.176608
-0.093342
-0.019636
0.000000
0.019111
0.169322
0.270047
0.359694
0.443968
0.521914
0.591423
0.650430
0.687242
0.693285
0.681100
0.658791
0.631521
0.602516
0.573737
0.546318
0.520861
0.497638
0.443059
0.354556
0.261196
0.171253
0.088464
0.015372
0.000000
-0.031201
-0.177018
-0.276743
-0.365930
-0.449698
-0.526991
-0.595700
-0.653782
-0.688048
-0.692569
-0.679527
-0.656783
-0.629345
-0.600336
-0.571647
-0.544369
-0.519079
-0.496029
-0.438187
-0.349037
-0.255711
-0.166067
-0.083747
-0.011256
0.000000
0.042697
0.184281
0.283027
0.371754
0.455025
0.531685
0.599622
0.656821
0.688709
0.691813
0.677975
0.654834
0.627246
0.598239
0.569641
0.542501
0.517372
0.494488
0.433507
0.343730
0.250430
0.161069
0.079195
0.007279
0.000000
-0.053765
-0.191268
-0.289070
-0.377354
-0.460145
-0.536193
-0.603389
-0.659737
-0.689342
-0.691086
-0.676485
-0.652961
-0.625231
-0.596226
-0.567715
-0.540709
-0.515733
-0.493010
-0.429029
-0.338654
-0.245379
-0.156290
-0.074843
-0.003477
0.000000
0.064362
0.197962
0.294862
0.382722
0.465055
0.540520
0.607005
0.662539
0.689956
0.690395
0.675062
0.651171
0.623302
0.594299
0.565872
0.538993
0.514165
0.491594
0.424450
0.333462
0.240233
0.151444
0.070455
0.000000
0.000000
-0.075018
-0.204770
-0.300795
-0.388250
-0.470135
-0.545017
-0.610788
-0.665498
-0.690620
-0.689692
-0.673590
-0.649313
-0.621298
-0.592295
-0.563953
-0.537206
-0.512531
-0.490120
-0.419364
-0.327666
-0.234475
-0.146013
-0.065530
0.000000
0.000000
0.083842
0.210674
0.306101
0.393302
0.474874
0.549310
0.614504
0.668524
0.691453
0.689208
0.672358
0.647697
0.619526
0.590508
0.562233
0.535599
0.511059
0.488789
0.414460
0.322032
0.228843
0.140669
0.060655
0.000000
0.000000
-0.092432
-0.216404
-0.311240
-0.398188
-0.479448
-0.553446
-0.618075
-0.671423
-0.692231
-0.688715
-0.671143
-0.646112
-0.617793
-0.588762
-0.560555
-0.534031
-0.509623
-0.487491
-0.409788
-0.316662
-0.223469
-0.135561
-0.055985
0.000000
0.000000
0.100701
0.221932
0.316206
0.402914
0.483880
0.557460
0.621548
0.674250
0.693010
0.688264
0.669993
0.644603
0.616139
0.587094
0.558949
0.532531
0.508248
0.486248
0.405317
0.311526
0.218331
0.130681
0.051526
0.000000
0.000000
-0.108602
-0.227214
-0.320950
-0.407429
-0.488112
-0.561292
-0.624862
-0.676947
-0.693749
-0.687828
-0.668890
-0.643157
-0.614554
-0.585496
-0.557412
-0.531094
-0.506931
-0.482723
-0.399778
-0.305704
-0.212725
-0.125522
-0.046973
0.000000
0.000000
0.116851
0.232658
0.325799
0.412017
0.492389
0.565141
0.628166
0.679525
0.694393
0.687315
0.667722
0.641657
0.612925
0.583860
0.555842
0.529630
0.505591
0.476513
0.392675
0.298710
0.206210
0.119703
0.042016
0.000000
0.000000
-0.126272
-0.238866
-0.331327
-0.417249
-0.497271
-0.569539
-0.631949
-0.680872
-0.694259
-0.686322
-0.666270
-0.639999
-0.611217
-0.582196
-0.554274
-0.528186
-0.504280
-0.470484
-0.385779
-0.291920
-0.199884
-0.114054
-0.037203
0.000000
0.000000
0.135569
0.245044
0.336865
0.422522
0.502224
0.574038
0.635861
0.682373
0.694287
0.685490
0.664971
0.638482
0.609638
0.580648
0.552810
0.526833
0.503051
0.464770
0.379264
0.285530
0.193956
0.108786
0.032742
0.000000
0.000000
-0.144356
-0.250910
-0.342140
-0.427556
-0.506962
-0.578352
-0.639622
-0.683830
-0.694337
-0.684715
-0.663748
-0.637050
-0.608144
-0.579182
-0.551423
-0.525551
-0.501885
-0.459282
-0.373006
-0.279392
-0.188264
-0.103730
-0.028463
0.000000
0.000000
0.152762
0.256515
0.347176
0.432360
0.511480
0.582462
0.643202
0.685209
0.694373
0.683964
0.662570
0.635672
0.606709
0.577775
0.550092
0.524322
0.500767
0.454027
0.367010
0.273511
0.182808
0.098881
0.024358
0.000000
-0.005485
-0.160651
-0.262500
-0.352664
-0.437504
-0.516184
-0.586594
-0.646640
-0.686328
-0.694088
-0.682873
-0.661054
-0.633973
-0.604975
-0.576095
-0.548515
-0.522872
-0.499454
-0.448531
-0.360759
-0.267370
-0.177097
-0.093789
-0.020027
0.000000
0.017994
0.168609
0.269425
0.359114
0.443433
0.521439
0.591022
0.650114
0.687163
0.693348
0.681244
0.658975
0.631720
0.602717
0.573930
0.546497
0.521026
0.497787
0.443508
0.355063
0.261701
0.171730
0.088898
0.015750
0.000000
-0.030145
-0.176351
-0.276166
-0.365395
-0.449209
-0.526560
-0.595340
-0.653503
-0.687988
-0.692639
-0.679670
-0.656963
-0.629538
-0.600529
-0.571831
-0.544541
-0.519236
-0.496170
-0.438618
-0.349526
-0.256198
-0.166528
-0.084167
-0.011623
0.000000
0.041678
0.183637
0.282471
0.371239
0.454554
0.531270
0.599275
0.656552
0.688651
0.691880
0.678113
0.655006
0.627432
0.598425
0.569818
0.542667
0.517523
0.494625
0.433920
0.344198
0.250895
0.161509
0.079596
0.007629
0.000000
-0.052789
-0.190652
-0.288537
-0.376859
-0.459693
-0.535795
-0.603055
-0.659479
-0.689286
-0.691150
-0.676616
-0.653126
-0.625408
-0.596403
-0.567885
-0.540867
-0.515878
-0.493140
-0.429424
-0.339101
-0.245824
-0.156711
-0.075227
-0.003812
0.000000
0.063428
0.197372
0.294351
0.382249
0.464623
0.540138
0.606686
0.662292
0.689902
0.690456
0.675187
0.651329
0.623472
0.594469
0.566034
0.539144
0.514303
0.491719
0.424878
0.333947
0.240712
0.151893
0.070860
0.000019
0.000000
-0.074267
-0.204268
-0.300344
-0.387820
-0.469732
-0.544653
-0.610472
-0.665241
-0.690550
-0.689733
-0.673695
-0.649450
-0.621448
-0.592447
-0.564099
-0.537342
-0.512656
-0.490233
-0.419783
-0.328149
-0.234957
-0.146470
-0.065947
0.000000
0.000000
0.083109
0.210185
0.305663
0.392886
0.474484
0.548958
0.614200
0.668278
0.691387
0.689251
0.672462
0.647832
0.619674
0.590657
0.562377
0.535733
0.511181
0.488900
0.414859
0.322490
0.229303
0.141106
0.061054
0.000000
0.000000
-0.091725
-0.215931
-0.310816
-0.397784
-0.479069
-0.553103
-0.617778
-0.671181
-0.692165
-0.688753
-0.671241
-0.646241
-0.617934
-0.588905
-0.560692
-0.534159
-0.509740
-0.487597
-0.410170
-0.317100
-0.223908
-0.135978
-0.056366
0.000000
0.000000
0.100026
0.221481
0.315801
0.402528
0.483518
0.557132
0.621264
0.674019
0.692947
0.688301
0.670087
0.644727
0.616274
0.587231
0.559080
0.532653
0.508360
0.486349
0.405683
0.311946
0.218752
0.131080
0.051891
0.000000
0.000000
-0.107956
-0.226781
-0.320562
-0.407060
-0.487766
-0.560978
-0.624591
-0.676727
-0.693689
-0.687864
-0.668980
-0.643275
-0.614684
-0.585627
-0.557537
-0.531212
-0.507039
-0.483213
-0.400339
-0.306257
-0.213242
-0.125985
-0.047369
0.000000
0.000000
0.116118
0.232180
0.325376
0.411619
0.492020
0.564810
0.627884
0.679382
0.694384
0.687385
0.667835
0.641791
0.613064
0.583997
0.555972
0.529750
0.505700
0.477019
0.393253
0.299279
0.206739
0.120176
0.042419
0.000000
0.000000
-0.125494
-0.238350
-0.330864
-0.416808
-0.496857
-0.569164
-0.631624
-0.680749
-0.694259
-0.686394
-0.666381
-0.640128
-0.611351
-0.582328
-0.554399
-0.528300
-0.504385
-0.470967
-0.386331
-0.292462
-0.200387
-0.114502
-0.037583
0.000000
0.000000
0.134825
0.244548
0.336419
0.422097
0.501824
0.573674
0.635544
0.682250
0.694284
0.685556
0.665074
0.638604
0.609764
0.580772
0.552928
0.526942
0.503150
0.465233
0.379792
0.286048
0.194436
0.109213
0.033103
0.000000
0.000000
-0.143646
-0.250436
-0.341714
-0.427151
-0.506580
-0.578004
-0.639319
-0.683713
-0.694334
-0.684778
-0.663847
-0.637166
-0.608265
-0.579301
-0.551535
-0.525655
-0.501980
-0.459726
-0.373512
-0.279888
-0.188725
-0.104139
-0.028810
0.000000
0.000000
0.152082
0.256061
0.346768
0.431971
0.511114
0.582129
0.642912
0.685098
0.694370
0.684025
0.662665
0.635784
0.606825
0.577889
0.550200
0.524421
0.500858
0.454451
0.367494
0.273986
0.183249
0.099273
0.024690
0.000000
-0.004514
-0.160030
-0.261958
-0.352158
-0.437037
-0.515769
-0.586242
-0.646362
-0.686257
-0.694142
-0.682997
-0.661213
-0.634147
-0.605150
-0.576262
-0.548672
-0.523015
-0.499583
-0.448996
-0.361286
-0.267890
-0.177583
-0.094225
-0.020401
0.000000
0.016926
0.167931
0.268837
0.358567
0.442931
0.520996
0.590650
0.649823
0.687096
0.693414
0.681384
0.659153
0.631913
0.602910
0.574115
0.546669
0.521183
0.497929
0.443940
0.355554
0.262188
0.172191
0.089318
0.016117
0.000000
-0.029112
-0.175695
-0.275597
-0.364865
-0.448723
-0.526131
-0.594979
-0.653222
-0.687922
-0.692703
-0.679806
-0.657136
-0.629725
-0.600716
-0.572010
-0.544707
-0.519388
-0.496308
-0.439036
-0.350000
-0.256668
-0.166973
-0.084572
-0.011976
0.000000
0.040691
0.183014
0.281932
0.370739
0.454097
0.530867
0.598939
0.656292
0.688594
0.691945
0.678245
0.655173
0.627612
0.598604
0.569990
0.542827
0.517669
0.494757
0.434321
0.344652
0.251347
0.161937
0.079986
0.007969
0.000000
-0.051841
-0.190053
-0.288019
-0.376379
-0.459254
-0.535409
-0.602733
-0.659229
-0.689231
-0.691212
-0.676744
-0.653287
-0.625581
-0.596576
-0.568050
-0.541020
-0.516018
-0.493267
-0.429808
-0.339536
-0.246257
-0.157121
-0.075599
-0.004137
0.000000
0.062520
0.196799
0.293855
0.381789
0.464202
0.539768
0.606376
0.662052
0.689849
0.690516
0.675309
0.651482
0.623638
0.594634
0.566192
0.539291
0.514438
0.491840
0.425293
0.334418
0.241177
0.152329
0.071253
0.000358
0.000000
-0.073268
-0.203627
-0.299784
-0.387298
-0.469252
-0.544227
-0.610114
-0.664960
-0.690488
-0.689802
-0.673836
-0.649628
-0.621640
-0.592639
-0.564283
-0.537513
-0.512813
-0.490374
-0.420267
-0.328702
-0.235509
-0.146992
-0.066422
0.000000
0.000000
0.082264
0.209621
0.305156
0.392404
0.474032
0.548549
0.613846
0.667990
0.691309
0.689298
0.672580
0.647987
0.619843
0.590828
0.562541
0.535886
0.511322
0.489027
0.415323
0.323024
0.229836
0.141612
0.061516
0.000000
0.000000
-0.090910
-0.215388
-0.310328
-0.397320
-0.478635
-0.552710
-0.617439
-0.670906
-0.692090
-0.688800
-0.671356
-0.646391
-0.618099
-0.589070
-0.560851
-0.534308
-0.509876
-0.487720
-0.410613
-0.317610
-0.224417
-0.136462
-0.056809
0.000000
0.000000
0.099242
0.220957
0.315330
0.402081
0.483098
0.556752
0.620935
0.673752
0.692873
0.688344
0.670196
0.644870
0.616431
0.587389
0.559233
0.532796
0.508490
0.486467
0.406107
0.312434
0.219239
0.131544
0.052314
0.000000
0.000000
-0.107206
-0.226280
-0.320111
-0.406631
-0.487364
-0.560615
-0.624277
-0.676471
-0.693619
-0.687905
-0.669085
-0.643412
-0.614834
-0.585778
-0.557683
-0.531348
-0.507164
-0.483781
-0.400990
-0.306899
-0.213841
-0.126522
-0.047828
0.000000
0.000000
0.115268
0.231625
0.324885
0.411157
0.491592
0.564427
0.627558
0.679122
0.694320
0.687438
0.667955
0.641944
0.613231
0.584164
0.556132
0.529899
0.505837
0.477665
0.393992
0.300004
0.207414
0.120776
0.042928
0.000000
0.000000
-0.124502
-0.237690
-0.330273
-0.416246
-0.496331
-0.568687
-0.631211
-0.680596
-0.694264
-0.686492
-0.666529
-0.640298
-0.611527
-0.582500
-0.554561
-0.528450
-0.504521
-0.471599
-0.387053
-0.293172
-0.201048
-0.115092
-0.038084
0.000000
0.000000
0.133852
0.243901
0.335839
0.421544
0.501305
0.573202
0.635134
0.682093
0.694281
0.685643
0.665211
0.638763
0.609930
0.580935
0.553081
0.527084
0.503279
0.465833
0.380477
0.286720
0.195060
0.109767
0.033573
0.000000
0.000000
-0.142723
-0.249820
-0.341160
-0.426622
-0.506082
-0.577551
-0.638924
-0.683560
-0.694329
-0.684859
-0.663975
-0.637316
-0.608422
-0.579455
-0.551681
-0.525790
-0.502102
-0.460302
-0.374169
-0.280533
-0.189322
-0.104670
-0.029259
0.000000
0.000000
0.151198
0.255472
0.346239
0.431466
0.510639
0.581697
0.642536
0.684952
0.694366
0.684103
0.662789
0.635928
0.606976
0.578036
0.550340
0.524550
0.500975
0.455003
0.368124
0.274604
0.183822
0.099782
0.025121
0.000000
-0.003253
-0.159223
-0.261254
-0.351499
-0.436430
-0.515229
-0.585785
-0.646001
-0.686166
-0.694212
-0.683158
-0.661421
-0.634373
-0.605377
-0.576480
-0.548875
-0.523201
-0.499751
-0.449638
-0.362014
-0.268606
-0.178250
-0.094822
-0.020911
0.000000
0.015475
0.167013
0.268041
0.357829
0.442255
0.520399
0.590149
0.649434
0.687008
0.693505
0.681577
0.659397
0.632176
0.603173
0.574366
0.546904
0.521398
0.498122
0.444529
0.356221
0.262852
0.172819
0.089889
0.016616
0.000000
-0.027700
-0.174797
-0.274817
-0.364139
-0.448056
-0.525541
-0.594482
-0.652833
-0.687830
-0.692787
-0.679990
-0.657370
-0.629979
-0.600970
-0.572255
-0.544935
-0.519596
-0.496496
-0.439605
-0.350644
-0.257309
-0.167578
-0.085123
-0.012457
0.000000
0.039347
0.182165
0.281197
0.370058
0.453474
0.530318
0.598479
0.655936
0.688516
0.692033
0.678426
0.655401
0.627857
0.598849
0.570224
0.543045
0.517869
0.494937
0.434867
0.345272
0.251964
0.162521
0.080517
0.008434
0.000000
-0.050549
-0.189237
-0.287313
-0.375726
-0.458656
-0.534882
-0.602293
-0.658888
-0.689157
-0.691297
-0.676918
-0.653505
-0.625816
-0.596811
-0.568274
-0.541229
-0.516209
-0.493439
-0.430331
-0.340129
-0.246847
-0.157679
-0.076108
-0.004582
0.000000
0.061283
0.196017
0.293179
0.381162
0.463629
0.539263
0.605954
0.661725
0.689778
0.690596
0.675476
0.651692
0.623863
0.594859
0.566407
0.539491
0.514621
0.492006
0.425859
0.335060
0.241812
0.152924
0.071789
0.000821
0.000000
-0.071906
-0.202753
-0.299021
-0.386586
-0.468597
-0.543646
-0.609625
-0.664577
-0.690403
-0.689894
-0.674029
-0.649871
-0.621902
-0.592900
-0.564533
-0.537746
-0.513026
-0.490566
-0.420927
-0.329456
-0.236260
-0.147704
-0.067071
0.000000
0.000000
0.081112
0.208851
0.304465
0.391746
0.473416
0.547991
0.613364
0.667597
0.691201
0.689361
0.672740
0.648197
0.620074
0.591060
0.562764
0.536095
0.511513
0.489200
0.415957
0.323752
0.230563
0.142302
0.062145
0.000000
0.000000
-0.089799
-0.214646
-0.309663
-0.396687
-0.478043
-0.552175
-0.616976
-0.670530
-0.691989
-0.688863
-0.671513
-0.646595
-0.618322
-0.589296
-0.561068
-0.534510
-0.510062
-0.487888
-0.411217
-0.318304
-0.225113
-0.137123
-0.057412
0.000000
0.000000
0.098173
0.220242
0.314688
0.401470
0.482526
0.556234
0.620487
0.673387
0.692773
0.688403
0.670345
0.645065
0.616645
0.587605
0.559440
0.532990
0.508668
0.486628
0.406685
0.313098
0.219904
0.132175
0.052891
0.000000
0.000000
-0.106184
-0.225597
-0.319498
-0.406047
-0.486817
-0.560119
-0.623848
-0.676122
-0.693523
-0.687962
-0.669227
-0.643600
-0.615039
-0.585985
-0.557882
-0.531534
-0.507334
-0.484555
-0.401877
-0.307774
-0.214659
-0.127254
-0.048455
0.000000
0.000000
0.114109
0.230868
0.324217
0.410528
0.491008
0.563905
0.627113
0.678768
0.694233
0.687511
0.668118
0.642153
0.613458
0.584392
0.556350
0.530103
0.506023
0.478547
0.394999
0.300994
0.208333
0.121594
0.043622
0.000000
0.000000
-0.123149
-0.236791
-0.329468
-0.415481
-0.495613
-0.568036
-0.630647
-0.680387
-0.694271
-0.686625
-0.666729
-0.640530
-0.611767
-0.582734
-0.554782
-0.528654
-0.504706
-0.472460
-0.388037
-0.294141
-0.201950
-0.115896
-0.038769
0.000000
0.000000
0.132526
0.243019
0.335048
0.420791
0.500597
0.572559
0.634575
0.681878
0.694277
0.685762
0.665397
0.638980
0.610156
0.581156
0.553291
0.527277
0.503455
0.466652
0.381411
0.287636
0.195910
0.110522
0.034213
0.000000
0.000000
-0.141464
-0.248980
-0.340405
-0.425901
-0.505404
-0.576934
-0.638386
-0.683352
-0.694322
-0.684971
-0.664151
-0.637522
-0.608636
-0.579665
-0.551880
-0.525974
-0.502269
-0.461088
-0.375065
-0.281412
-0.190138
-0.105394
-0.029872
0.000000
0.000000
0.149994
0.254669
0.345518
0.430778
0.509992
0.581108
0.642023
0.684755
0.694360
0.684211
0.662957
0.636126
0.607181
0.578238
0.550530
0.524726
0.501135
0.455756
0.368983
0.275446
0.184603
0.100476
0.025709
0.000000
-0.001533
-0.158124
-0.260293
-0.350602
-0.435603
-0.514493
-0.585162
-0.645509
-0.686041
-0.694308
-0.683378
-0.661705
-0.634681
-0.605686
-0.576778
-0.549152
-0.523455
-0.499981
-0.450513
-0.363006
-0.269581
-0.179160
-0.095635
-0.021605
0.000000
0.013496
0.165762
0.266957
0.356822
0.441333
0.519584
0.589467
0.648903
0.686887
0.693630
0.681839
0.659729
0.632534
0.603531
0.574709
0.547223
0.521690
0.498386
0.445331
0.357131
0.263757
0.173675
0.090669
0.017297
0.000000
-0.025775
-0.173574
-0.273753
-0.363150
-0.447148
-0.524736
-0.593806
-0.652304
-0.687704
-0.692903
-0.680242
-0.657691
-0.630326
-0.601318
-0.572587
-0.545245
-0.519880
-0.496752
-0.440380
-0.351522
-0.258182
-0.168404
-0.085874
-0.013113
0.000000
0.037515
0.181007
0.280195
0.369129
0.452624
0.529569
0.597853
0.655450
0.688410
0.692152
0.678673
0.655711
0.628191
0.599183
0.570544
0.543342
0.518140
0.495182
0.435612
0.346117
0.252804
0.163316
0.081241
0.009066
0.000000
-0.048787
-0.188125
-0.286351
-0.374834
-0.457841
-0.534164
-0.601693
-0.658424
-0.689056
-0.691412
-0.677155
-0.653803
-0.626137
-0.597131
-0.568581
-0.541515
-0.516470
-0.493675
-0.431044
-0.340938
-0.247651
-0.158440
-0.076801
-0.005187
0.000000
0.059595
0.194951
0.292257
0.380307
0.462847
0.538574
0.605379
0.661279
0.689680
0.690706
0.675702
0.651977
0.624170
0.595166
0.566701
0.539765
0.514870
0.492231
0.426630
0.335934
0.242676
0.153736
0.072521
0.001452
0.000000
-0.070049
-0.201562
-0.297980
-0.385615
-0.467704
-0.542855
-0.608959
-0.664055
-0.690287
-0.690021
-0.674292
-0.650202
-0.622259
-0.593257
-0.564874
-0.538064
-0.513316
-0.490828
-0.421827
-0.330484
-0.237286
-0.148674
-0.067955
0.000000
0.000000
0.079541
0.207802
0.303523
0.390850
0.472576
0.547231
0.612706
0.667062
0.691055
0.689448
0.672959
0.648484
0.620388
0.591377
0.563069
0.536380
0.511774
0.489436
0.416821
0.324744
0.231555
0.143243
0.063004
0.000000
0.000000
-0.088285
-0.213636
-0.308756
-0.395825
-0.477235
-0.551445
-0.616346
-0.670018
-0.691851
-0.688949
-0.671726
-0.646874
-0.618628
-0.589603
-0.561363
-0.534786
-0.510315
-0.488116
-0.412041
-0.319251
-0.226060
-0.138024
-0.058236
0.000000
0.000000
0.096716
0.219268
0.313813
0.400637
0.481745
0.555527
0.619875
0.672889
0.692636
0.688482
0.670548
0.645331
0.616937
0.587899
0.559724
0.533254
0.508911
0.486847
0.407474
0.314004
0.220810
0.133036
0.053678
0.000000
0.000000
-0.104791
-0.224666
-0.318661
-0.405251
-0.486071
-0.559443
-0.623264
-0.675646
-0.693393
-0.688038
-0.669422
-0.643855
-0.615319
-0.586267
-0.558153
-0.531787
-0.507566
-0.485611
-0.403086
-0.308968
-0.215773
-0.128252
-0.049309
0.000000
0.000000
0.112528
0.229837
0.323305
0.409670
0.490212
0.563193
0.626506
0.678284
0.694114
0.687610
0.668341
0.642438
0.613767
0.584702
0.556648
0.530380
0.506277
0.479749
0.396372
0.302343
0.209586
0.122710
0.044568
0.000000
0.000000
-0.121305
-0.235566
-0.328370
-0.414437
-0.494634
-0.567149
-0.629878
-0.680102
-0.694281
-0.686806
-0.667003
-0.640846
-0.612095
-0.583054
-0.555084
-0.528933
-0.504960
-0.473634
-0.389380
-0.295461
-0.203179
-0.116992
-0.039701
0.000000
0.000000
0.130718
0.241817
0.333970
0.419764
0.499632
0.571683
0.633812
0.681586
0.694272
0.685924
0.665650
0.639276
0.610464
0.581458
0.553576
0.527541
0.503694
0.467769
0.382684
0.288885
0.197069
0.111552
0.035085
0.000000
0.000000
-0.139747
-0.247834
-0.339375
-0.424918
-0.504479
-0.576092
-0.637652
-0.683068
-0.694313
-0.685122
-0.664390
-0.637802
-0.608928
-0.579951
-0.552151
-0.526224
-0.502497
-0.462159
-0.376287
-0.282610
-0.191249
-0.106381
-0.030708
0.000000
0.000000
0.148352
0.253574
0.344534
0.429840
0.509109
0.580305
0.641323
0.684485
0.694353
0.684357
0.663187
0.636394
0.607461
0.578513
0.550790
0.524966
0.501354
0.456782
0.370153
0.276594
0.185668
0.101423
0.026510
0.000000
0.000000
-0.156598
-0.259073
-0.349476
-0.434553
-0.513543
-0.584340
-0.644838
-0.685841
-0.694391
-0.683623
-0.662033
-0.635045
-0.606055
-0.577134
-0.549486
-0.523761
-0.500257
-0.451633
-0.364279
-0.270832
-0.180323
-0.096673
-0.022489
0.000000
0.010956
0.164149
0.265556
0.355519
0.440136
0.518526
0.588577
0.648207
0.686724
0.693784
0.682173
0.660152
0.632992
0.603990
0.575149
0.547633
0.522065
0.498725
0.446355
0.358292
0.264913
0.174769
0.091666
0.018168
0.000000
-0.023304
-0.172001
-0.272384
-0.361875
-0.445976
-0.523698
-0.592931
-0.651618
-0.687539
-0.693048
-0.680563
-0.658100
-0.630770
-0.601763
-0.573014
-0.545643
-0.520244
-0.497081
-0.441375
-0.352649
-0.259301
-0.169462
-0.086836
-0.013953
0.000000
0.035169
0.179524
0.278912
0.367939
0.451536
0.528610
0.597052
0.654829
0.688274
0.692307
0.678990
0.656109
0.628619
0.599611
0.570953
0.543723
0.518489
0.495496
0.436567
0.347200
0.253882
0.164336
0.082171
0.009878
0.000000
-0.046528
-0.186699
-0.285118
-0.373691
-0.456796
-0.533244
-0.600924
-0.657828
-0.688927
-0.691561
-0.677459
-0.654185
-0.626548
-0.597542
-0.568974
-0.541881
-0.516805
-0.493977
-0.431958
-0.341974
-0.248683
-0.159416
-0.077690
-0.005963
0.000000
0.057432
0.193584
0.291074
0.379211
0.461844
0.537691
0.604640
0.660707
0.689555
0.690848
0.675993
0.652342
0.624564
0.595559
0.567077
0.540115
0.515191
0.492520
0.427545
0.336971
0.243705
0.154706
0.073401
0.002217
0.000000
-0.067872
-0.200179
-0.296779
-0.384499
-0.466681
-0.541952
-0.608202
-0.663467
-0.690158
-0.690166
-0.674590
-0.650578
-0.622663
-0.593661
-0.565261
-0.538424
-0.513645
-0.491125
-0.422844
-0.331641
-0.238433
-0.149755
-0.068933
0.000000
0.000000
0.077780
0.206623
0.302463
0.389840
0.471628
0.546372
0.611962
0.666456
0.690887
0.689543
0.673205
0.648806
0.620742
0.591734
0.563413
0.536701
0.512069
0.489702
0.417804
0.325874
0.232685
0.144315
0.063982
0.000000
0.000000
-0.086564
-0.212488
-0.307728
-0.394848
-0.476320
-0.550617
-0.615631
-0.669438
-0.691696
-0.689049
-0.671970
-0.647192
-0.618975
-0.589953
-0.561700
-0.535101
-0.510603
-0.488377
-0.412978
-0.320328
-0.227138
-0.139048
-0.059172
0.000000
0.000000
0.095058
0.218160
0.312818
0.399689
0.480856
0.554722
0.619179
0.672322
0.692480
0.688573
0.670779
0.645634
0.617269
0.588233
0.560045
0.533555
0.509186
0.487096
0.408370
0.315033
0.221840
0.134014
0.054571
0.000000
0.000000
-0.103207
-0.223607
-0.317711
-0.404346
-0.485222
-0.558675
-0.622599
-0.675106
-0.693244
-0.688126
-0.669643
-0.644144
-0.615636
-0.586587
-0.558461
-0.532075
-0.507830
-0.485870
-0.403956
-0.309963
-0.216767
-0.129195
-0.050168
0.000000
0.000000
0.111005
0.228819
0.322391
0.408801
0.489398
0.562456
0.625869
0.677766
0.693973
0.687695
0.668554
0.642717
0.614072
0.585010
0.556944
0.530657
0.506531
0.480904
0.397694
0.303647
0.210804
0.123801
0.045501
0.000000
0.000000
-0.119576
-0.234437
-0.327371
-0.413497
-0.493762
-0.566368
-0.629213
-0.679877
-0.694324
-0.687003
-0.667282
-0.641161
-0.612417
-0.583367
-0.555378
-0.529203
-0.505205
-0.474752
-0.390659
-0.296722
-0.204355
-0.118044
-0.040600
0.000000
0.000000
0.128992
0.240672
0.332944
0.418788
0.498715
0.570851
0.633089
0.681309
0.694267
0.686079
0.665891
0.639556
0.610756
0.581744
0.553847
0.527791
0.503922
0.468823
0.383886
0.290063
0.198162
0.112523
0.035907
0.000000
0.000000
-0.138125
-0.246751
-0.338400
-0.423988
-0.503604
-0.575295
-0.636957
-0.682798
-0.694303
-0.685265
-0.664615
-0.638066
-0.609203
-0.580222
-0.552407
-0.526461
-0.502712
-0.463173
-0.377443
-0.283744
-0.192300
-0.107315
-0.031498
0.000000
0.000000
0.146801
0.252540
0.343604
0.428953
0.508276
0.579547
0.640663
0.684230
0.694347
0.684496
0.663405
0.636649
0.607726
0.578772
0.551036
0.525194
0.501560
0.457753
0.371261
0.277680
0.186676
0.102318
0.027268
0.000000
0.000000
-0.155109
-0.258080
-0.348583
-0.433702
-0.512742
-0.583611
-0.644203
-0.685596
-0.694384
-0.683755
-0.662242
-0.635289
-0.606309
-0.577382
-0.549721
-0.523979
-0.500455
-0.452562
-0.365339
-0.271872
-0.181288
-0.097530
-0.023214
0.000000
0.008832
0.162791
0.264370
0.354411
0.439114
0.517617
0.587807
0.647599
0.686570
0.693902
0.682444
0.660502
0.633373
0.604372
0.575516
0.547975
0.522378
0.499008
0.447200
0.359250
0.265867
0.175673
0.092490
0.018890
0.000000
-0.021243
-0.170684
-0.271236
-0.360803
-0.444989
-0.522821
-0.592190
-0.651034
-0.687393
-0.693165
-0.680827
-0.658440
-0.631139
-0.602133
-0.573370
-0.545975
-0.520548
-0.497355
-0.442203
-0.353586
-0.260233
-0.170342
-0.087637
-0.014651
0.000000
0.033219
0.178292
0.277846
0.366951
0.450632
0.527814
0.596387
0.654315
0.688163
0.692436
0.679254
0.656440
0.628976
0.599967
0.571294
0.544041
0.518779
0.495758
0.437364
0.348103
0.254781
0.165187
0.082945
0.010556
0.000000
-0.044645
-0.185510
-0.284090
-0.372739
-0.455926
-0.532477
-0.600284
-0.657333
-0.688820
-0.691685
-0.677713
-0.654504
-0.626891
-0.597885
-0.569302
-0.542186
-0.517084
-0.494228
-0.432720
-0.342838
-0.249542
-0.160229
-0.078430
-0.006610
0.000000
0.055629
0.192446
0.290089
0.378298
0.461009
0.536955
0.604025
0.660230
0.689450
0.690965
0.676235
0.652647
0.624891
0.595887
0.567391
0.540407
0.515457
0.492761
0.428275
0.337798
0.244528
0.155485
0.074110
0.002836
0.000000
-0.066147
-0.199090
-0.295837
-0.383626
-0.465882
-0.541248
-0.607613
-0.663011
-0.690059
-0.690279
-0.674822
-0.650869
-0.622977
-0.593975
-0.565561
-0.538703
-0.513901
-0.491356
-0.423634
-0.332537
-0.239318
-0.150585
-0.069681
0.000000
0.000000
0.076423
0.205712
0.301643
0.389058
0.470894
0.545706
0.611385
0.665985
0.690756
0.689616
0.673394
0.649055
0.621015
0.592010
0.563678
0.536949
0.512296
0.489907
0.418571
0.326755
0.233565
0.145149
0.064743
0.000000
0.000000
-0.085226
-0.211596
-0.306928
-0.394088
-0.475609
-0.549975
-0.615077
-0.668989
-0.691577
-0.689127
-0.672161
-0.647440
-0.619246
-0.590226
-0.561962
-0.535345
-0.510827
-0.488579
-0.413706
-0.321165
-0.227976
-0.139845
-0.059901
0.000000
0.000000
0.093767
0.217297
0.312042
0.398951
0.480164
0.554095
0.618636
0.671880
0.692358
0.688643
0.670958
0.645869
0.617526
0.588493
0.560296
0.533789
0.509401
0.487290
0.409067
0.315834
0.222640
0.134774
0.055266
0.000000
0.000000
-0.101975
-0.222784
-0.316971
-0.403642
-0.484562
-0.558078
-0.622082
-0.674685
-0.693129
-0.688194
-0.669815
-0.644370
-0.615883
-0.586836
-0.558701
-0.532299
-0.508035
-0.486056
-0.404625
-0.310731
-0.217536
-0.129925
-0.050836
0.000000
0.000000
0.109824
0.228030
0.321683
0.408126
0.488766
0.561883
0.625374
0.677363
0.693863
0.687760
0.668719
0.642933
0.614309
0.585249
0.557174
0.530872
0.506728
0.481798
0.398719
0.304658
0.211748
0.124647
0.046225
0.000000
0.000000
-0.118237
-0.233563
-0.326599
-0.412769
-0.493087
-0.565765
-0.628698
-0.679704
-0.694358
-0.687156
-0.667498
-0.641405
-0.612667
-0.583609
-0.555606
-0.529413
-0.505395
-0.475617
-0.391650
-0.297699
-0.205267
-0.118860
-0.041296
0.000000
0.000000
0.127655
0.239784
0.332149
0.418031
0.498005
0.570206
0.632529
0.681094
0.694263
0.686198
0.666077
0.639774
0.610983
0.581966
0.554057
0.527985
0.504098
0.469639
0.384816
0.290976
0.199008
0.113276
0.036544
0.000000
0.000000
-0.136869
-0.245912
-0.337645
-0.423267
-0.502925
-0.574677
-0.636418
-0.682589
-0.694295
-0.685375
-0.664790
-0.638270
-0.609417
-0.580431
-0.552605
-0.526644
-0.502879
-0.463958
-0.378338
-0.284622
-0.193114
-0.108038
-0.032109
0.000000
0.000000
0.145599
0.251739
0.342884
0.428267
0.507630
0.578959
0.640151
0.684033
0.694342
0.684604
0.663573
0.636846
0.607931
0.578974
0.551226
0.525369
0.501720
0.458505
0.372118
0.278522
0.187457
0.103012
0.027856
0.000000
0.000000
-0.153955
-0.257311
-0.347891
-0.433042
-0.512122
-0.583046
-0.643711
-0.685406
-0.694378
-0.683858
-0.662403
-0.635477
-0.606506
-0.577575
-0.549903
-0.524147
-0.500609
-0.453282
-0.366160
-0.272677
-0.182035
-0.098194
-0.023777
0.000000
0.007187
0.161739
0.263451
0.353552
0.438323
0.516912
0.587211
0.647128
0.686451
0.693994
0.682655
0.660773
0.633668
0.604669
0.575800
0.548241
0.522621
0.499227
0.447854
0.359992
0.266606
0.176373
0.093128
0.019449
0.000000
-0.019646
-0.169664
-0.270346
-0.359973
-0.444224
-0.522142
-0.591616
-0.650582
-0.687280
-0.693255
-0.681032
-0.658703
-0.631425
-0.602420
-0.573645
-0.546231
-0.520783
-0.497567
-0.442844
-0.354312
-0.260954
-0.171024
-0.088257
-0.015191
0.000000
0.031708
0.177338
0.277020
0.366186
0.449933
0.527198
0.595872
0.653916
0.688077
0.692536
0.679458
0.656697
0.629253
0.600243
0.571558
0.544286
0.519003
0.495961
0.437980
0.348803
0.255477
0.165846
0.083546
0.011080
0.000000
-0.043186
-0.184590
-0.283294
-0.372002
-0.455252
-0.531884
-0.599788
-0.656949
-0.688736
-0.691781
-0.677909
-0.654751
-0.627157
-0.598150
-0.569556
-0.542422
-0.517300
-0.494423
-0.433310
-0.343506
-0.250207
-0.160858
-0.079003
-0.007111
0.000000
0.054233
0.191564
0.289326
0.377591
0.460362
0.536385
0.603548
0.659861
0.689369
0.691056
0.676422
0.652882
0.625145
0.596141
0.567633
0.540633
0.515664
0.492947
0.428840
0.338439
0.245165
0.156088
0.074659
0.003316
0.000000
-0.064811
-0.198245
-0.295106
-0.382949
-0.465263
-0.540702
-0.607158
-0.662658
-0.689981
-0.690366
-0.675002
-0.651095
-0.623221
-0.594218
-0.565794
-0.538920
-0.514098
-0.491535
-0.424245
-0.333230
-0.240003
-0.151228
-0.070260
0.000000
0.000000
0.075371
0.205007
0.301008
0.388453
0.470326
0.545190
0.610938
0.665620
0.690654
0.689673
0.673541
0.649248
0.621227
0.592223
0.563884
0.537141
0.512472
0.490066
0.419165
0.327438
0.234247
0.145796
0.065333
0.000000
0.000000
-0.084190
-0.210906
-0.306309
-0.393499
-0.475058
-0.549477
-0.614648
-0.668641
-0.691484
-0.689188
-0.672308
-0.647632
-0.619456
-0.590437
-0.562165
-0.535535
-0.511000
-0.488736
-0.414270
-0.321814
-0.228626
-0.140462
-0.060465
0.000000
0.000000
0.092767
0.216628
0.311442
0.398379
0.479628
0.553609
0.618216
0.671538
0.692263
0.688697
0.671096
0.646051
0.617726
0.588695
0.560490
0.533970
0.509567
0.487440
0.409607
0.316454
0.223261
0.135364
0.055804
0.000000
0.000000
-0.101021
-0.222146
-0.316398
-0.403097
-0.484051
-0.557615
-0.621682
-0.674359
-0.693040
-0.688246
-0.669948
-0.644545
-0.616075
-0.587029
-0.558887
-0.532472
-0.508194
-0.486200
-0.405143
-0.311326
-0.218131
-0.130491
-0.051352
0.000000
0.000000
0.108909
0.227419
0.321134
0.407604
0.488276
0.561440
0.624991
0.677052
0.693778
0.687811
0.668847
0.643101
0.614493
0.585434
0.557352
0.531038
0.506880
0.482491
0.399512
0.305441
0.212479
0.125302
0.046785
0.000000
0.000000
-0.117199
-0.232885
-0.326000
-0.412206
-0.492565
-0.565297
-0.628300
-0.679570
-0.694384
-0.687275
-0.667666
-0.641594
-0.612860
-0.583797
-0.555783
-0.529575
-0.505542
-0.476288
-0.392418
-0.298456
-0.205973
-0.119492
-0.041835
0.000000
0.000000
0.126619
0.239097
0.331533
0.417445
0.497455
0.569706
0.632095
0.680928
0.694260
0.686291
0.666222
0.639943
0.611158
0.582138
0.554220
0.528135
0.504235
0.470271
0.385537
0.291683
0.199664
0.113858
0.037037
0.000000
0.000000
-0.135896
-0.245262
-0.337061
-0.422709
-0.502400
-0.574198
-0.636001
-0.682427
-0.694289
-0.685461
-0.664925
-0.638429
-0.609582
-0.580594
-0.552759
-0.526786
-0.503008
-0.464566
-0.379032
-0.285302
-0.193745
-0.108598
-0.032583
0.000000
0.000000
0.144668
0.251118
0.342327
0.427735
0.507130
0.578504
0.639755
0.683881
0.694338
0.684687
0.663704
0.636998
0.608090
0.579130
0.551374
0.525506
0.501844
0.459087
0.372783
0.279174
0.188061
0.103550
0.028311
0.000000
0.000000
-0.153061
-0.256715
-0.347356
-0.432531
-0.511641
-0.582609
-0.643330
-0.685259
-0.694374
-0.683937
-0.662528
-0.635623
-0.606658
-0.577725
-0.550045
-0.524278
-0.500727
-0.453840
-0.366796
-0.273301
-0.182614
-0.098709
-0.024212
0.000000
0.005912
0.160924
0.262739
0.352887
0.437710
0.516367
0.586749
0.646763
0.686358
0.694064
0.682818
0.660983
0.633896
0.604898
0.576021
0.548446
0.522809
0.499397
0.448361
0.360566
0.267178
0.176915
0.093623
0.019881
0.000000
-0.018409
-0.168874
-0.269656
-0.359329
-0.443632
-0.521616
-0.591171
-0.650231
-0.687193
-0.693325
-0.681190
-0.658907
-0.631646
-0.602643
-0.573858
-0.546430
-0.520965
-0.497732
-0.443341
-0.354875
-0.261513
-0.171552
-0.088737
-0.015610
0.000000
0.030538
0.176599
0.276381
0.365593
0.449391
0.526721
0.595473
0.653607
0.688010
0.692613
0.679617
0.656896
0.629467
0.600457
0.571763
0.544477
0.519177
0.496118
0.438458
0.349345
0.256017
0.166357
0.084011
0.011487
0.000000
-0.042056
-0.183876
-0.282678
-0.371430
-0.454729
-0.531424
-0.599404
-0.656652
-0.688672
-0.691855
-0.678061
-0.654942
-0.627363
-0.598356
-0.569752
-0.542605
-0.517467
-0.494574
-0.433767
-0.344024
-0.250722
-0.161346
-0.079447
-0.007499
0.000000
0.053152
0.190881
0.288735
0.377043
0.459861
0.535943
0.603179
0.659575
0.689307
0.691126
0.676568
0.653065
0.625342
0.596337
0.567822
0.540808
0.515824
0.493092
0.429277
0.338935
0.245659
0.156555
0.075084
0.003687
0.000000
-0.063775
-0.197592
-0.294541
-0.382424
-0.464783
-0.540280
-0.606804
-0.662384
-0.689922
-0.690434
-0.675141
-0.651270
-0.623409
-0.594406
-0.565974
-0.539088
-0.514252
-0.491673
-0.424719
-0.333767
-0.240534
-0.151726
-0.070709
0.000000
0.000000
0.074556
0.204460
0.300516
0.387984
0.469885
0.544791
0.610592
0.665337
0.690576
0.689717
0.673654
0.649398
0.621391
0.592389
0.564043
0.537290
0.512608
0.490190
0.419624
0.327966
0.234775
0.146297
0.065789
0.000000
0.000000
-0.083387
-0.210370
-0.305829
-0.393044
-0.474632
-0.549091
-0.614315
-0.668371
-0.691412
-0.689235
-0.672423
-0.647781
-0.619618
-0.590601
-0.562322
-0.535682
-0.511135
-0.488858
-0.414708
-0.322317
-0.229129
-0.140940
-0.060903
0.000000
0.000000
0.091992
0.216110
0.310976
0.397936
0.479213
0.553233
0.617890
0.671272
0.692190
0.688739
0.671204
0.646192
0.617881
0.588851
0.560640
0.534111
0.509695
0.487557
0.410025
0.316934
0.223741
0.135820
0.056221
0.000000
0.000000
-0.100282
-0.221652
-0.315954
-0.402675
-0.483655
-0.557256
-0.621372
-0.674107
-0.692971
-0.688287
-0.670052
-0.644680
-0.616223
-0.587179
-0.559031
-0.532607
-0.508317
-0.486311
-0.405544
-0.311787
-0.218592
-0.130929
-0.051753
0.000000
0.000000
0.108200
0.226945
0.320708
0.407199
0.487897
0.561097
0.624694
0.676810
0.693712
0.687850
0.668946
0.643230
0.614635
0.585577
0.557490
0.531167
0.506998
0.483028
0.400127
0.306048
0.213046
0.125809
0.047219
0.000000
0.000000
-0.116396
-0.232361
-0.325536
-0.411770
-0.492160
-0.564935
-0.627991
-0.679467
-0.694404
-0.687367
-0.667796
-0.641741
-0.613010
-0.583943
-0.555919
-0.529701
-0.505656
-0.476808
-0.393012
-0.299042
-0.206520
-0.119981
-0.042253
0.000000
0.000000
0.125817
0.238564
0.331056
0.416991
0.497029
0.569319
0.631759
0.680799
0.694258
0.686362
0.666334
0.640073
0.611294
0.582272
0.554346
0.528252
0.504340
0.470761
0.386096
0.292231
0.200172
0.114310
0.037419
0.000000
0.000000
-0.135142
-0.244758
-0.336608
-0.422277
-0.501993
-0.573828
-0.635678
-0.682301
-0.694285
-0.685527
-0.665030
-0.638552
-0.609710
-0.580719
-0.552878
-0.526896
-0.503108
-0.465037
-0.379569
-0.285829
-0.194233
-0.109032
-0.032951
0.000000
0.000000
0.143947
0.250637
0.341895
0.427323
0.506742
0.578152
0.639448
0.683763
0.694335
0.684751
0.663805
0.637117
0.608214
0.579250
0.551488
0.525611
0.501940
0.459538
0.373297
0.279679
0.188530
0.103966
0.028663
0.000000
0.000000
-0.152369
-0.256253
-0.346941
-0.432136
-0.511269
-0.582270
-0.643035
-0.685145
-0.694371
-0.683999
-0.662625
-0.635737
-0.606776
-0.577840
-0.550154
-0.524379
-0.500819
-0.454272
-0.367289
-0.273785
-0.183062
-0.099107
-0.024549
0.000000
0.004925
0.160293
0.262188
0.352372
0.437234
0.515944
0.586391
0.646480
0.686287
0.694119
0.682944
0.661146
0.634073
0.605076
0.576191
0.548605
0.522955
0.499528
0.448787
0.361049
0.267657
0.177366
0.094031
0.020236
0.000000
-0.017398
-0.168230
-0.269096
-0.358807
-0.443152
-0.521190
-0.590813
-0.649950
-0.687125
-0.693384
-0.681322
-0.659074
-0.631828
-0.602825
-0.574033
-0.546593
-0.521114
-0.497866
-0.443749
-0.355336
-0.261972
-0.171986
-0.089131
-0.015954
0.000000
0.029572
0.175987
0.275851
0.365102
0.448940
0.526323
0.595141
0.653348
0.687952
0.692675
0.679746
0.657059
0.629642
0.600633
0.571931
0.544633
0.519321
0.496247
0.438851
0.349790
0.256460
0.166776
0.084392
0.011820
0.000000
-0.041128
-0.183290
-0.282171
-0.370961
-0.454300
-0.531046
-0.599088
-0.656407
-0.688619
-0.691916
-0.678187
-0.655099
-0.627532
-0.598525
-0.569914
-0.542756
-0.517604
-0.494698
-0.434143
-0.344450
-0.251146
-0.161747
-0.079813
-0.007818
0.000000
0.052262
0.190319
0.288249
0.376592
0.459449
0.535580
0.602876
0.659340
0.689255
0.691184
0.676687
0.653215
0.625504
0.596499
0.567976
0.540952
0.515956
0.493211
0.429638
0.339343
0.246065
0.156939
0.075434
0.003993
0.000000
-0.062923
-0.197053
-0.294075
-0.381993
-0.464389
-0.539932
-0.606514
-0.662159
-0.689873
-0.690489
-0.675255
-0.651414
-0.623564
-0.594561
-0.566122
-0.539226
-0.514378
-0.491787
-0.425109
-0.334209
-0.240971
-0.152136
-0.071079
-0.000208
0.000000
0.073712
0.203911
0.300033
0.387530
0.469465
0.544416
0.610273
0.665085
0.690515
0.689771
0.673773
0.649549
0.621555
0.592554
0.564201
0.537437
0.512743
0.490311
0.420052
0.328456
0.235264
0.146760
0.066211
0.000000
0.000000
-0.082639
-0.209872
-0.305382
-0.392618
-0.474233
-0.548731
-0.614003
-0.668118
-0.691344
-0.689277
-0.672528
-0.647918
-0.619768
-0.590752
-0.562468
-0.535818
-0.511259
-0.488970
-0.415117
-0.322787
-0.229599
-0.141387
-0.061311
0.000000
0.000000
0.091272
0.215629
0.310544
0.397526
0.478828
0.552885
0.617590
0.671028
0.692123
0.688779
0.671305
0.646324
0.618026
0.588997
0.560780
0.534242
0.509816
0.487665
0.410416
0.317384
0.224191
0.136247
0.056612
0.000000
0.000000
-0.099590
-0.221189
-0.315539
-0.402279
-0.483285
-0.556921
-0.621081
-0.673870
-0.692906
-0.688325
-0.670148
-0.644806
-0.616362
-0.587319
-0.559165
-0.532733
-0.508433
-0.486415
-0.405919
-0.312217
-0.219023
-0.131338
-0.052126
0.000000
0.000000
0.107539
0.226503
0.320311
0.406821
0.487543
0.560776
0.624416
0.676584
0.693650
0.687887
0.669038
0.643352
0.614768
0.585711
0.557618
0.531287
0.507108
0.483529
0.400701
0.306614
0.213575
0.126283
0.047625
0.000000
0.000000
-0.115645
-0.231871
-0.325103
-0.411362
-0.491782
-0.564597
-0.627703
-0.679238
-0.694348
-0.687414
-0.667902
-0.641876
-0.613157
-0.584090
-0.556061
-0.529833
-0.505776
-0.477378
-0.393664
-0.299682
-0.207114
-0.120510
-0.042702
0.000000
0.000000
0.124942
0.237983
0.330535
0.416496
0.496564
0.568899
0.631394
0.680664
0.694262
0.686448
0.666463
0.640223
0.611449
0.582423
0.554489
0.528384
0.504460
0.471318
0.386732
0.292857
0.200755
0.114830
0.037862
0.000000
0.000000
-0.134284
-0.244188
-0.336096
-0.421790
-0.501535
-0.573412
-0.635316
-0.682163
-0.694282
-0.685604
-0.665150
-0.638692
-0.609856
-0.580862
-0.553013
-0.527021
-0.503221
-0.465567
-0.380173
-0.286421
-0.194783
-0.109521
-0.033364
0.000000
0.000000
0.143133
0.250094
0.341406
0.426857
0.506303
0.577752
0.639100
0.683628
0.694331
0.684823
0.663918
0.637249
0.608352
0.579386
0.551617
0.525730
0.502048
0.460046
0.373877
0.280247
0.189057
0.104434
0.029060
0.000000
0.000000
-0.151590
-0.255734
-0.346474
-0.431690
-0.510850
-0.581889
-0.642703
-0.685017
-0.694367
-0.684069
-0.662734
-0.635864
-0.606909
-0.577971
-0.550278
-0.524493
-0.500923
-0.454758
-0.367845
-0.274329
-0.183567
-0.099556
-0.024929
0.000000
0.003813
0.159581
0.261566
0.351792
0.436699
0.515468
0.585988
0.646162
0.686206
0.694181
0.683087
0.661329
0.634273
0.605276
0.576384
0.548785
0.523119
0.499677
0.449353
0.361691
0.268288
0.177954
0.094557
0.020685
0.000000
-0.016119
-0.167421
-0.268394
-0.358156
-0.442555
-0.520664
-0.590371
-0.649607
-0.687047
-0.693465
-0.681491
-0.659289
-0.632059
-0.603056
-0.574255
-0.546800
-0.521303
-0.498037
-0.444267
-0.355925
-0.262558
-0.172540
-0.089635
-0.016395
0.000000
0.028327
0.175196
0.275163
0.364462
0.448352
0.525803
0.594703
0.653006
0.687871
0.692750
0.679908
0.657266
0.629866
0.600857
0.572146
0.544834
0.519504
0.496412
0.439352
0.350358
0.257024
0.167310
0.084878
0.012244
0.000000
-0.039944
-0.182542
-0.281523
-0.370360
-0.453750
-0.530561
-0.598683
-0.656094
-0.688550
-0.691994
-0.678346
-0.655300
-0.627748
-0.598740
-0.570120
-0.542948
-0.517780
-0.494857
-0.434624
-0.344997
-0.251690
-0.162262
-0.080281
-0.008228
0.000000
0.051123
0.189600
0.287627
0.376016
0.458922
0.535116
0.602488
0.659039
0.689190
0.691259
0.676840
0.653408
0.625712
0.596706
0.568175
0.541137
0.516124
0.493363
0.430099
0.339866
0.246585
0.157431
0.075882
0.004384
0.000000
-0.061832
-0.196364
-0.293479
-0.381440
-0.463883
-0.539487
-0.606142
-0.661871
-0.689809
-0.690560
-0.675402
-0.651599
-0.623763
-0.594759
-0.566312
-0.539402
-0.514539
-0.491932
-0.425608
-0.334775
-0.241530
-0.152660
-0.071551
-0.000616
0.000000
0.072511
0.203141
0.299360
0.386902
0.468888
0.543904
0.609842
0.664747
0.690440
0.689853
0.673943
0.649763
0.621786
0.592784
0.564422
0.537643
0.512931
0.490481
0.420634
0.329121
0.235927
0.147388
0.066783
0.000000
0.000000
-0.081624
-0.209193
-0.304772
-0.392038
-0.473690
-0.548239
-0.613578
-0.667772
-0.691249
-0.689333
-0.672669
-0.648104
-0.619972
-0.590957
-0.562665
-0.536002
-0.511428
-0.489123
-0.415676
-0.323429
-0.230240
-0.141996
-0.061866
0.000000
0.000000
0.090292
0.214975
0.309958
0.396968
0.478306
0.552413
0.617182
0.670697
0.692034
0.688835
0.671443
0.646505
0.618223
0.589196
0.560971
0.534420
0.509979
0.487813
0.410949
0.317996
0.224804
0.136830
0.057144
0.000000
0.000000
-0.098648
-0.220560
-0.314973
-0.401741
-0.482780
-0.556464
-0.620686
-0.673549
-0.692817
-0.688377
-0.670279
-0.644978
-0.616550
-0.587509
-0.559348
-0.532904
-0.508589
-0.486557
-0.406429
-0.312803
-0.219609
-0.131895
-0.052635
0.000000
0.000000
0.106638
0.225901
0.319770
0.406307
0.487060
0.560339
0.624038
0.676277
0.693565
0.687937
0.669164
0.643516
0.614948
0.585893
0.557794
0.531451
0.507258
0.484212
0.401483
0.307386
0.214296
0.126929
0.048177
0.000000
0.000000
-0.114623
-0.231204
-0.324513
-0.410807
-0.491267
-0.564137
-0.627310
-0.678925
-0.694272
-0.687479
-0.668046
-0.642060
-0.613357
-0.584291
-0.556253
-0.530012
-0.505941
-0.478156
-0.394552
-0.300555
-0.207925
-0.121231
-0.043314
0.000000
0.000000
0.123750
0.237190
0.329825
0.415821
0.495931
0.568325
0.630897
0.680479
0.694268
0.686566
0.666640
0.640427
0.611661
0.582630
0.554684
0.528564
0.504624
0.472078
0.387600
0.293711
0.201550
0.115539
0.038465
0.000000
0.000000
-0.133115
-0.243411
-0.335399
-0.421126
-0.500911
-0.572845
-0.634823
-0.681974
-0.694279
-0.685709
-0.665314
-0.638883
-0.610056
-0.581058
-0.553198
-0.527191
-0.503376
-0.466289
-0.380996
-0.287229
-0.195532
-0.110187
-0.033929
0.000000
0.000000
0.142023
0.249353
0.340740
0.426221
0.505705
0.577208
0.638625
0.683444
0.694325
0.684921
0.664073
0.637430
0.608541
0.579572
0.551792
0.525892
0.502195
0.460739
0.374667
0.281022
0.189776
0.105073
0.029600
0.000000
0.000000
-0.150529
-0.255026
-0.345838
-0.431084
-0.510279
-0.581370
-0.642251
-0.684842
-0.694363
-0.684163
-0.662882
-0.636038
-0.607090
-0.578148
-0.550446
-0.524648
-0.501064
-0.455422
-0.368602
-0.275072
-0.184256
-0.100168
-0.025448
0.000000
0.002296
0.158612
0.260720
0.351000
0.435970
0.514819
0.585439
0.645728
0.686097
0.694265
0.683281
0.661579
0.634544
0.605549
0.576646
0.549029
0.523343
0.499879
0.450124
0.362566
0.269148
0.178756
0.095274
0.021296
0.000000
-0.014375
-0.166317
-0.267438
-0.357269
-0.441742
-0.519946
-0.589770
-0.649139
-0.686941
-0.693575
-0.681723
-0.659581
-0.632375
-0.603372
-0.574557
-0.547081
-0.521560
-0.498269
-0.444975
-0.356727
-0.263356
-0.173295
-0.090323
-0.016995
0.000000
0.026630
0.174117
0.274225
0.363589
0.447551
0.525094
0.594106
0.652539
0.687760
0.692852
0.680130
0.657548
0.630172
0.601164
0.572440
0.545107
0.519754
0.496638
0.440036
0.351132
0.257794
0.168038
0.085540
0.012822
0.000000
-0.038329
-0.181521
-0.280640
-0.369541
-0.453001
-0.529901
-0.598131
-0.655666
-0.688457
-0.692099
-0.678564
-0.655573
-0.628043
-0.599035
-0.570402
-0.543210
-0.518020
-0.495073
-0.435281
-0.345742
-0.252431
-0.162963
-0.080920
-0.008785
0.000000
0.049569
0.188619
0.286778
0.375230
0.458203
0.534483
0.601959
0.658630
0.689101
0.691361
0.677050
0.653671
0.625994
0.596989
0.568445
0.541388
0.516354
0.493570
0.430727
0.340579
0.247294
0.158102
0.076493
0.004918
0.000000
-0.060345
-0.195424
-0.292666
-0.380687
-0.463194
-0.538880
-0.605634
-0.661477
-0.689723
-0.690658
-0.675602
-0.651850
-0.624034
-0.595030
-0.566571
-0.539643
-0.514760
-0.492131
-0.426288
-0.335546
-0.242292
-0.153376
-0.072196
-0.001172
0.000000
0.070873
0.202091
0.298442
0.386046
0.468100
0.543206
0.609254
0.664287
0.690339
0.689965
0.674175
0.650055
0.622101
0.593099
0.564723
0.537923
0.513187
0.490712
0.421427
0.330028
0.236830
0.148244
0.067562
0.000000
0.000000
-0.080238
-0.208268
-0.303942
-0.391248
-0.472949
-0.547568
-0.612998
-0.667300
-0.691120
-0.689409
-0.672862
-0.648357
-0.620249
-0.591237
-0.562934
-0.536253
-0.511659
-0.489331
-0.416437
-0.324303
-0.231115
-0.142825
-0.062623
0.000000
0.000000
0.088957
0.214084
0.309159
0.396208
0.477594
0.551769
0.616626
0.670245
0.691912
0.688911
0.671631
0.646751
0.618492
0.589467
0.561232
0.534664
0.510202
0.488015
0.411675
0.318831
0.225640
0.137624
0.057870
0.000000
0.000000
-0.097363
-0.219701
-0.314202
-0.401007
-0.482092
-0.555841
-0.620147
-0.673110
-0.692697
-0.688447
-0.670458
-0.645213
-0.616807
-0.587768
-0.559598
-0.533137
-0.508803
-0.486750
-0.407124
-0.313602
-0.220408
-0.132654
-0.053329
0.000000
0.000000
0.105409
0.225079
0.319033
0.405605
0.486402
0.559743
0.623523
0.675857
0.693450
0.688004
0.669336
0.643741
0.615195
0.586142
0.558033
0.531674
0.507463
0.485142
0.402549
0.308438
0.215279
0.127809
0.048929
0.000000
0.000000
-0.113230
-0.230295
-0.323709
-0.410051
-0.490566
-0.563509
-0.626775
-0.678499
-0.694167
-0.687566
-0.668242
-0.642311
-0.613630
-0.584564
-0.556516
-0.530257
-0.506164
-0.479216
-0.395763
-0.301744
-0.209029
-0.122215
-0.044148
0.000000
0.000000
0.122124
0.236110
0.328857
0.414900
0.495068
0.567543
0.630219
0.680228
0.694277
0.686725
0.666882
0.640706
0.611949
0.582912
0.554950
0.528809
0.504847
0.473113
0.388784
0.294875
0.202633
0.116505
0.039287
0.000000
0.000000
-0.131521
-0.242351
-0.334448
-0.420220
-0.500060
-0.572072
-0.634151
-0.681716
-0.694274
-0.685852
-0.665538
-0.639144
-0.610327
-0.581324
-0.553449
-0.527424
-0.503588
-0.467273
-0.382119
-0.288330
-0.196554
-0.111095
-0.034698
0.000000
0.000000
0.140509
0.248343
0.339832
0.425354
0.504890
0.576466
0.637978
0.683194
0.694317
0.685055
0.664284
0.637677
0.608798
0.579824
0.552031
0.526113
0.502396
0.461684
0.375744
0.282078
0.190755
0.105943
0.030337
0.000000
0.000000
-0.149081
-0.254060
-0.344971
-0.430256
-0.509501
-0.580662
-0.641634
-0.684605
-0.694356
-0.684292
-0.663085
-0.636275
-0.607337
-0.578391
-0.550675
-0.524860
-0.501257
-0.456327
-0.369634
-0.276084
-0.185196
-0.101003
-0.026154
0.000000
0.000229
0.157290
0.259565
0.349922
0.434975
0.513935
0.584690
0.645136
0.685947
0.694380
0.683545
0.661919
0.634915
0.605921
0.577003
0.549362
0.523648
0.500155
0.451176
0.363759
0.270321
0.179849
0.096251
0.022131
0.000000
-0.011997
-0.164813
-0.266135
-0.356059
-0.440633
-0.518967
-0.588949
-0.648500
-0.686796
-0.693725
-0.682038
-0.659980
-0.632805
-0.603802
-0.574969
-0.547465
-0.521911
-0.498586
-0.445939
-0.357820
-0.264443
-0.174324
-0.091260
-0.017813
0.000000
0.024316
0.172646
0.272947
0.362399
0.446459
0.524126
0.593292
0.651902
0.687609
0.692990
0.680432
0.657933
0.630589
0.601581
0.572840
0.545480
0.520095
0.496946
0.440968
0.352188
0.258844
0.169030
0.086443
0.013610
0.000000
-0.036127
-0.180129
-0.279435
-0.368425
-0.451980
-0.529001
-0.597379
-0.655083
-0.688329
-0.692243
-0.678860
-0.655946
-0.628444
-0.599436
-0.570786
-0.543567
-0.518346
-0.495368
-0.436177
-0.346757
-0.253441
-0.163919
-0.081790
-0.009546
0.000000
0.047452
0.187282
0.285622
0.374158
0.457223
0.533620
0.601238
0.658072
0.688980
0.691500
0.677335
0.654029
0.626380
0.597374
0.568813
0.541731
0.516668
0.493853
0.431585
0.341551
0.248261
0.159017
0.077326
0.005646
0.000000
-0.058316
-0.194143
-0.291558
-0.379659
-0.462254
-0.538052
-0.604942
-0.660941
-0.689606
-0.690790
-0.675874
-0.652193
-0.624403
-0.595399
-0.566923
-0.539972
-0.515060
-0.492402
-0.427187
-0.336565
-0.243301
-0.154324
-0.073053
-0.001913
0.000000
0.068719
0.200714
0.297242
0.384928
0.467073
0.542297
0.608491
0.663690
0.690207
0.690110
0.674476
0.650435
0.622509
0.593507
0.565113
0.538287
0.513520
0.491012
0.422457
0.331202
0.237999
0.149348
0.068566
0.000000
0.000000
-0.078447
-0.207070
-0.302865
-0.390223
-0.471988
-0.546698
-0.612245
-0.666687
-0.690951
-0.689507
-0.673112
-0.648684
-0.620608
-0.591599
-0.563282
-0.536579
-0.511957
-0.489601
-0.417428
-0.325442
-0.232253
-0.143905
-0.063608
0.000000
0.000000
0.087221
0.212926
0.308120
0.395221
0.476669
0.550933
0.615903
0.669659
0.691755
0.689011
0.671877
0.647071
0.618842
0.589820
0.561571
0.534981
0.510493
0.488277
0.412620
0.319917
0.226726
0.138657
0.058814
0.000000
0.000000
-0.095691
-0.218583
-0.313198
-0.400052
-0.481196
-0.555030
-0.619445
-0.672539
-0.692539
-0.688538
-0.670691
-0.645518
-0.617142
-0.588106
-0.559922
-0.533440
-0.509081
-0.487001
-0.408028
-0.314640
-0.221447
-0.133640
-0.054230
0.000000
0.000000
0.103812
0.224012
0.318074
0.404692
0.485546
0.558969
0.622853
0.675312
0.693301
0.688092
0.669559
0.644034
0.615515
0.586465
0.558344
0.531965
0.507729
0.485779
0.403628
0.309586
0.216390
0.128837
0.049841
0.000000
0.000000
-0.111584
-0.229206
-0.322739
-0.409132
-0.489708
-0.562736
-0.626112
-0.677963
-0.694027
-0.687663
-0.668473
-0.642611
-0.613956
-0.584893
-0.556831
-0.530552
-0.506434
-0.480465
-0.397191
-0.303151
-0.210340
-0.123386
-0.045146
0.000000
0.000000
0.120233
0.234866
0.327751
0.413854
0.494093
0.566665
0.629465
0.679962
0.694307
0.686928
0.667176
0.641041
0.612294
0.583248
0.555266
0.529101
0.505111
0.474327
0.390172
0.296243
0.203908
0.117644
0.040258
0.000000
0.000000
-0.129649
-0.241107
-0.333334
-0.419159
-0.499064
-0.571167
-0.633364
-0.681414
-0.694269
-0.686020
-0.665799
-0.639450
-0.610645
-0.581635
-0.553744
-0.527696
-0.503835
-0.468422
-0.383429
-0.289615
-0.197746
-0.112154
-0.035595
0.000000
0.000000
0.138742
0.247163
0.338771
0.424342
0.503936
0.575598
0.637221
0.682900
0.694307
0.685211
0.664530
0.637965
0.609099
0.580119
0.552310
0.526371
0.502630
0.462787
0.377003
0.283313
0.191900
0.106960
0.031197
0.000000
0.000000
-0.147391
-0.252933
-0.343958
-0.429290
-0.508593
-0.579835
-0.640914
-0.684327
-0.694349
-0.684443
-0.663322
-0.636552
-0.607625
-0.578674
-0.550942
-0.525107
-0.501481
-0.457384
-0.370840
-0.277267
-0.186293
-0.101978
-0.026980
0.000000
0.000000
0.155675
0.258458
0.348922
0.434026
0.513047
0.583888
0.644444
0.685689
0.694386
0.683705
0.662162
0.635196
0.606213
0.577288
0.549632
0.523896
0.500380
0.452209
0.364936
0.271476
0.180921
0.097204
0.022939
0.000000
-0.009640
-0.163307
-0.264821
-0.354832
-0.439503
-0.517962
-0.588100
-0.647830
-0.686629
-0.693857
-0.682341
-0.660369
-0.633228
-0.604227
-0.575377
-0.547845
-0.522259
-0.498900
-0.446879
-0.358886
-0.265504
-0.175329
-0.092176
-0.018615
0.000000
0.022027
0.171185
0.271672
0.361211
0.445364
0.523155
0.592472
0.651256
0.687448
0.693120
0.680726
0.658311
0.630999
0.601992
0.573234
0.545848
0.520432
0.497251
0.441888
0.353230
0.259879
0.170008
0.087332
0.014385
0.000000
-0.033960
-0.178761
-0.278251
-0.367327
-0.450976
-0.528117
-0.596640
-0.654510
-0.688205
-0.692387
-0.679153
-0.656314
-0.628840
-0.599832
-0.571165
-0.543920
-0.518668
-0.495658
-0.437061
-0.347760
-0.254439
-0.164864
-0.082651
-0.010298
0.000000
0.045361
0.185962
0.284481
0.373101
0.456257
0.532769
0.600527
0.657521
0.688860
0.691638
0.677616
0.654383
0.626761
0.597755
0.569177
0.542070
0.516978
0.494133
0.432430
0.342509
0.249215
0.159920
0.078148
0.006364
0.000000
-0.056315
-0.192879
-0.290464
-0.378645
-0.461327
-0.537235
-0.604259
-0.660412
-0.689490
-0.690920
-0.676143
-0.652531
-0.624767
-0.595763
-0.567271
-0.540296
-0.515356
-0.492669
-0.427997
-0.337484
-0.244215
-0.155189
-0.073840
-0.002601
0.000000
0.066803
0.199504
0.296195
0.383958
0.466186
0.541516
0.607837
0.663184
0.690096
0.690236
0.674734
0.650759
0.622858
0.593856
0.565447
0.538597
0.513803
0.491268
0.423334
0.332196
0.238982
0.150270
0.069397
0.000000
0.000000
-0.076939
-0.206058
-0.301955
-0.389355
-0.471173
-0.545959
-0.611604
-0.666164
-0.690806
-0.689589
-0.673322
-0.648961
-0.620911
-0.591905
-0.563577
-0.536855
-0.512209
-0.489829
-0.418279
-0.326420
-0.233230
-0.144832
-0.064453
0.000000
0.000000
0.085735
0.211936
0.307232
0.394377
0.475879
0.550219
0.615288
0.669160
0.691622
0.689098
0.672088
0.647346
0.619143
0.590122
0.561862
0.535252
0.510741
0.488502
0.413429
0.320847
0.227657
0.139542
0.059624
0.000000
0.000000
-0.094258
-0.217625
-0.312337
-0.399232
-0.480427
-0.554333
-0.618843
-0.672048
-0.692404
-0.688616
-0.670889
-0.645779
-0.617428
-0.588394
-0.560200
-0.533700
-0.509319
-0.487216
-0.408802
-0.315529
-0.222336
-0.134485
-0.055002
0.000000
0.000000
0.102443
0.223097
0.317252
0.403910
0.484813
0.558305
0.622279
0.674845
0.693173
0.688168
0.669750
0.644284
0.615789
0.586742
0.558610
0.532214
0.507957
0.485985
0.404371
0.310439
0.217243
0.129648
0.050582
0.000000
0.000000
-0.110273
-0.228330
-0.321952
-0.408383
-0.489006
-0.562101
-0.625562
-0.677516
-0.693905
-0.687736
-0.668656
-0.642851
-0.614219
-0.585158
-0.557086
-0.530790
-0.506653
-0.481458
-0.398329
-0.304273
-0.211389
-0.124325
-0.045949
0.000000
0.000000
0.118746
0.233895
0.326892
0.413046
0.493344
0.565994
0.628894
0.679770
0.694345
0.687098
0.667416
0.641312
0.612572
0.583517
0.555520
0.529333
0.505322
0.475288
0.391273
0.297328
0.204920
0.118550
0.041031
0.000000
0.000000
-0.128164
-0.240122
-0.332451
-0.418319
-0.498275
-0.570451
-0.632742
-0.681176
-0.694264
-0.686153
-0.666006
-0.639691
-0.610896
-0.581882
-0.553977
-0.527911
-0.504031
-0.469329
-0.384463
-0.290629
-0.198686
-0.112990
-0.036302
0.000000
0.000000
0.137347
0.246231
0.337932
0.423541
0.503183
0.574912
0.636623
0.682668
0.694298
0.685333
0.664724
0.638193
0.609336
0.580352
0.552530
0.526574
0.502815
0.463659
0.377998
0.284288
0.192805
0.107763
0.031877
0.000000
0.000000
-0.146056
-0.252043
-0.343158
-0.428528
-0.507875
-0.579183
-0.640346
-0.684108
-0.694344
-0.684563
-0.663509
-0.636771
-0.607853
-0.578897
-0.551154
-0.525303
-0.501659
-0.458219
-0.371792
-0.278202
-0.187160
-0.102748
-0.027632
0.000000
0.000000
0.154394
0.257603
0.348154
0.433293
0.512358
0.583261
0.643898
0.685478
0.694380
0.683819
0.662342
0.635406
0.606431
0.577502
0.549834
0.524083
0.500550
0.453008
0.365848
0.272371
0.181751
0.097942
0.023563
0.000000
-0.007812
-0.162139
-0.263800
-0.353879
-0.438624
-0.517180
-0.587437
-0.647307
-0.686496
-0.693959
-0.682575
-0.660670
-0.633556
-0.604556
-0.575692
-0.548140
-0.522529
-0.499144
-0.447606
-0.359710
-0.266325
-0.176107
-0.092886
-0.019236
0.000000
0.020253
0.170052
0.270684
0.360288
0.444515
0.522400
0.591834
0.650754
0.687323
0.693221
0.680954
0.658603
0.631316
0.602311
0.573540
0.546134
0.520693
0.497486
0.442600
0.354036
0.260680
0.170765
0.088021
0.014986
0.000000
-0.032282
-0.177701
-0.277334
-0.366477
-0.450199
-0.527432
-0.596068
-0.654068
-0.688110
-0.692498
-0.679380
-0.656600
-0.629147
-0.600138
-0.571458
-0.544193
-0.518918
-0.495884
-0.437746
-0.348537
-0.255213
-0.165596
-0.083317
-0.010881
0.000000
0.043741
0.184940
0.283597
0.372282
0.455508
0.532109
0.599977
0.657095
0.688768
0.691744
0.677835
0.654657
0.627056
0.598049
0.569459
0.542332
0.517217
0.494349
0.433085
0.343252
0.249954
0.160619
0.078785
0.006920
0.000000
-0.054764
-0.191899
-0.289616
-0.377860
-0.460608
-0.536601
-0.603730
-0.660001
-0.689400
-0.691021
-0.676351
-0.652793
-0.625049
-0.596044
-0.567541
-0.540547
-0.515586
-0.492876
-0.428625
-0.338195
-0.244923
-0.155858
-0.074450
-0.003133
0.000000
0.065319
0.198566
0.295384
0.383206
0.465498
0.540910
0.607331
0.662792
0.690011
0.690333
0.674933
0.651009
0.623128
0.594125
0.565705
0.538838
0.514023
0.491467
0.424013
0.332966
0.239743
0.150984
0.070040
0.000000
0.000000
-0.075771
-0.205275
-0.301250
-0.388683
-0.470542
-0.545386
-0.611108
-0.665759
-0.690693
-0.689651
-0.673485
-0.649175
-0.621146
-0.592142
-0.563806
-0.537068
-0.512405
-0.490006
-0.418939
-0.327178
-0.233988
-0.145550
-0.065108
0.000000
0.000000
0.084584
0.211168
0.306544
0.393723
0.475268
0.549666
0.614811
0.668773
0.691519
0.689165
0.672252
0.647559
0.619376
0.590357
0.562088
0.535463
0.510934
0.488676
0.414056
0.321567
0.228379
0.140227
0.060251
0.000000
0.000000
-0.093147
-0.216882
-0.311670
-0.398597
-0.479832
-0.553794
-0.618376
-0.671668
-0.692299
-0.688676
-0.671044
-0.645982
-0.617650
-0.588618
-0.560416
-0.533901
-0.509504
-0.487383
-0.409401
-0.316218
-0.223025
-0.135140
-0.055600
0.000000
0.000000
0.101384
0.222388
0.316616
0.403304
0.484246
0.557791
0.621834
0.674483
0.693074
0.688226
0.669898
0.644478
0.616002
0.586956
0.558816
0.532406
0.508134
0.486145
0.404946
0.311100
0.217905
0.130276
0.051156
0.000000
0.000000
-0.109257
-0.227651
-0.321342
-0.407803
-0.488462
-0.561609
-0.625137
-0.677170
-0.693810
-0.687792
-0.668798
-0.643037
-0.614423
-0.585364
-0.557284
-0.530975
-0.506822
-0.482227
-0.399211
-0.305143
-0.212201
-0.125053
-0.046572
0.000000
0.000000
0.117594
0.233143
0.326228
0.412420
0.492763
0.565475
0.628451
0.679621
0.694374
0.687230
0.667602
0.641522
0.612786
0.583726
0.555716
0.529514
0.505486
0.476033
0.392126
0.298168
0.205704
0.119251
0.041630
0.000000
0.000000
-0.127013
-0.239358
-0.331767
-0.417668
-0.497664
-0.569896
-0.632260
-0.680991
-0.694261
-0.686256
-0.666167
-0.639878
-0.611091
-0.582073
-0.554158
-0.528078
-0.504183
-0.470031
-0.385263
-0.291414
-0.199415
-0.113637
-0.036850
0.000000
0.000000
0.136266
0.245509
0.337283
0.422921
0.502600
0.574380
0.636159
0.682488
0.694292
0.685428
0.664874
0.638369
0.609519
0.580532
0.552700
0.526732
0.502959
0.464335
0.378768
0.285043
0.193505
0.108385
0.032403
0.000000
0.000000
-0.145022
-0.251354
-0.342539
-0.427937
-0.507320
-0.578677
-0.639905
-0.683939
-0.694340
-0.684655
-0.663654
-0.636940
-0.608030
-0.579070
-0.551318
-0.525454
-0.501797
-0.458866
-0.372530
-0.278926
-0.187832
-0.103345
-0.028138
0.000000
0.000000
0.153401
0.256941
0.347559
0.432726
0.511824
0.582775
0.643475
0.685315
0.694376
0.683907
0.662480
0.635568
0.606600
0.577668
0.549991
0.524228
0.500682
0.453628
0.366555
0.273064
0.182394
0.098513
0.024046
0.000000
-0.006397
-0.161234
-0.263010
-0.353140
-0.437943
-0.516574
-0.586924
-0.646902
-0.686394
-0.694038
-0.682756
-0.660903
-0.633809
-0.604811
-0.575937
-0.548368
-0.522737
-0.499332
-0.448169
-0.360348
-0.266961
-0.176709
-0.093435
-0.019717
0.000000
0.018880
0.169174
0.269918
0.359574
0.443857
0.521816
0.591340
0.650365
0.687226
0.693298
0.681130
0.658829
0.631562
0.602558
0.573777
0.546355
0.520896
0.497669
0.443152
0.354661
0.261301
0.171352
0.088554
0.015451
0.000000
-0.030983
-0.176880
-0.276624
-0.365819
-0.449597
-0.526902
-0.595625
-0.653724
-0.688036
-0.692584
-0.679556
-0.656821
-0.629385
-0.600376
-0.571685
-0.544404
-0.519111
-0.496058
-0.438277
-0.349139
-0.255812
-0.166163
-0.083834
-0.011332
0.000000
0.042486
0.184148
0.282912
0.371648
0.454928
0.531599
0.599550
0.656765
0.688697
0.691827
0.678004
0.654869
0.627285
0.598278
0.569678
0.542536
0.517403
0.494517
0.433593
0.343827
0.250526
0.161160
0.079278
0.007351
0.000000
-0.053563
-0.191141
-0.288960
-0.377251
-0.460052
-0.536111
-0.603320
-0.659684
-0.689331
-0.691100
-0.676512
-0.652996
-0.625267
-0.596263
-0.567750
-0.540741
-0.515763
-0.493037
-0.429111
-0.338746
-0.245471
-0.156377
-0.074922
-0.003546
0.000000
0.064169
0.197840
0.294756
0.382624
0.464966
0.540441
0.606939
0.662488
0.689944
0.690408
0.675088
0.651204
0.623338
0.594335
0.565905
0.539024
0.514193
0.491620
0.424539
0.333563
0.240332
0.151537
0.070539
0.000000
0.000000
-0.074866
-0.204668
-0.300703
-0.388162
-0.470053
-0.544943
-0.610723
-0.665445
-0.690606
-0.689700
-0.673611
-0.649341
-0.621328
-0.592326
-0.563983
-0.537233
-0.512557
-0.490143
-0.419450
-0.327765
-0.234574
-0.146106
-0.065616
0.000000
0.000000
0.083692
0.210574
0.306011
0.393217
0.474794
0.549238
0.614441
0.668474
0.691440
0.689217
0.672379
0.647724
0.619556
0.590539
0.562263
0.535626
0.511084
0.488811
0.414541
0.322125
0.228937
0.140758
0.060736
0.000000
0.000000
-0.092287
-0.216307
-0.311153
-0.398105
-0.479370
-0.553376
-0.618014
-0.671373
-0.692218
-0.688723
-0.671163
-0.646138
-0.617822
-0.588792
-0.560583
-0.534057
-0.509647
-0.487512
-0.409866
-0.316752
-0.223559
-0.135646
-0.056063
0.000000
0.000000
0.100563
0.221840
0.316123
0.402835
0.483806
0.557393
0.621490
0.674203
0.692997
0.688271
0.670012
0.644628
0.616167
0.587122
0.558976
0.532556
0.508271
0.486269
0.405392
0.311612
0.218417
0.130762
0.051601
0.000000
0.000000
-0.108470
-0.227125
-0.320870
-0.407353
-0.488041
-0.561228
-0.624807
-0.676902
-0.693737
-0.687835
-0.668908
-0.643181
-0.614581
-0.585523
-0.557437
-0.531118
-0.506953
-0.482823
-0.399893
-0.305817
-0.212831
-0.125616
-0.047054
0.000000
0.000000
0.116701
0.232560
0.325713
0.411936
0.492314
0.565073
0.628108
0.679506
0.694397
0.687332
0.667747
0.641685
0.612953
0.583887
0.555867
0.529653
0.505612
0.476610
0.392786
0.298819
0.206312
0.119795
0.042094
0.000000
0.000000
-0.126122
-0.238767
-0.331238
-0.417164
-0.497191
-0.569467
-0.631887
-0.680848
-0.694258
-0.686335
-0.666291
-0.640023
-0.611242
-0.582221
-0.554298
-0.528207
-0.504300
-0.470575
-0.385884
-0.292022
-0.199979
-0.114138
-0.037274
0.000000
0.000000
0.135428
0.244950
0.336780
0.422441
0.502148
0.573969
0.635800
0.682349
0.694287
0.685502
0.664990
0.638505
0.609662
0.580671
0.552833
0.526854
0.503070
0.464858
0.379365
0.285628
0.194048
0.108867
0.032811
0.000000
0.000000
-0.144221
-0.250820
-0.342059
-0.427479
-0.506889
-0.578286
-0.639564
-0.683808
-0.694336
-0.684727
-0.663766
-0.637072
-0.608167
-0.579205
-0.551445
-0.525571
-0.501903
-0.459367
-0.373102
-0.279487
-0.188352
-0.103808
-0.028529
0.000000
0.000000
0.152632
0.256429
0.347099
0.432286
0.511410
0.582399
0.643147
0.685188
0.694372
0.683976
0.662588
0.635694
0.606731
0.577796
0.550113
0.524341
0.500784
0.454107
0.367102
0.273601
0.182892
0.098955
0.024421
0.000000
-0.005300
-0.160533
-0.262397
-0.352568
-0.437415
-0.516105
-0.586527
-0.646588
-0.686314
-0.694098
-0.682896
-0.661084
-0.634006
-0.605008
-0.576126
-0.548545
-0.522899
-0.499478
-0.448605
-0.360842
-0.267453
-0.177176
-0.093860
-0.020089
0.000000
0.017815
0.168494
0.269325
0.359021
0.443347
0.521363
0.590958
0.650063
0.687151
0.693358
0.681267
0.659004
0.631752
0.602749
0.573961
0.546526
0.521052
0.497811
0.443580
0.355145
0.261782
0.171806
0.088967
0.015811
0.000000
-0.029976
-0.176244
-0.276074
-0.365309
-0.449130
-0.526491
-0.595282
-0.653459
-0.687978
-0.692650
-0.679693
-0.656992
-0.629569
-0.600560
-0.571861
-0.544568
-0.519261
-0.496193
-0.438688
-0.349605
-0.256276
-0.166602
-0.084234
-0.011682
0.000000
0.041514
0.183534
0.282382
0.371156
0.454479
0.531203
0.599220
0.656509
0.688641
0.691891
0.678135
0.655034
0.627462
0.598454
0.569847
0.542693
0.517547
0.494647
0.433986
0.344273
0.250970
0.161580
0.079660
0.007685
0.000000
-0.052632
-0.190553
-0.288451
-0.376780
-0.459620
-0.535731
-0.603002
-0.659437
-0.689277
-0.691160
-0.676637
-0.653153
-0.625437
-0.596432
-0.567912
-0.540892
-0.515901
-0.493161
-0.429488
-0.339173
-0.245896
-0.156779
-0.075288
-0.003866
0.000000
0.063278
0.197278
0.294269
0.382173
0.464553
0.540077
0.606635
0.662253
0.689893
0.690466
0.675208
0.651354
0.623500
0.594497
0.566060
0.539168
0.514325
0.491739
0.424946
0.334025
0.240789
0.151965
0.070925
0.000075
0.000000
-0.074102
-0.204162
-0.300251
-0.387734
-0.469653
-0.544582
-0.610413
-0.665194
-0.690539
-0.689745
-0.673718
-0.649480
-0.621480
-0.592479
-0.564129
-0.537370
-0.512682
-0.490256
-0.419863
-0.328240
-0.235048
-0.146556
-0.066025
0.000000
0.000000
0.082970
0.210092
0.305580
0.392806
0.474410
0.548891
0.614141
0.668230
0.691374
0.689259
0.672482
0.647858
0.619702
0.590685
0.562404
0.535758
0.511204
0.488920
0.414936
0.322578
0.229391
0.141189
0.061130
0.000000
0.000000
-0.091590
-0.215841
-0.310735
-0.397707
-0.478998
-0.553038
-0.617722
-0.671136
-0.692152
-0.688761
-0.671260
-0.646266
-0.617962
-0.588932
-0.560718
-0.534184
-0.509762
-0.487617
-0.410243
-0.317185
-0.223992
-0.136058
-0.056439
0.000000
0.000000
0.099897
0.221394
0.315723
0.402454
0.483449
0.557069
0.621210
0.673975
0.692934
0.688308
0.670105
0.644750
0.616300
0.587257
0.559106
0.532677
0.508382
0.486369
0.405753
0.312027
0.218832
0.131157
0.051961
0.000000
0.000000
-0.107832
-0.226699
-0.320487
-0.406989
-0.487700
-0.560918
-0.624539
-0.676684
-0.693677
-0.687871
-0.668997
-0.643298
-0.614709
-0.585652
-0.557561
-0.531234
-0.507060
-0.483307
-0.400447
-0.306363
-0.213341
-0.126074
-0.047445
0.000000
0.000000
0.115978
0.232088
0.325295
0.411543
0.491949
0.564747
0.627830
0.679339
0.694373
0.687393
0.667855
0.641816
0.613092
0.584025
0.555998
0.529775
0.505723
0.477125
0.393375
0.299399
0.206851
0.120275
0.042503
0.000000
0.000000
-0.125330
-0.238241
-0.330766
-0.416715
-0.496770
-0.569085
-0.631556
-0.680724
-0.694260
-0.686410
-0.666406
-0.640157
-0.611380
-0.582356
-0.554425
-0.528325
-0.504407
-0.471071
-0.386450
-0.292579
-0.200496
-0.114599
-0.037666
0.000000
0.000000
0.134664
0.244441
0.336323
0.422006
0.501738
0.573596
0.635476
0.682224
0.694283
0.685570
0.665097
0.638630
0.609792
0.580799
0.552953
0.526965
0.503171
0.465332
0.379905
0.286159
0.194539
0.109304
0.033181
0.000000
0.000000
-0.143494
-0.250334
-0.341623
-0.427063
-0.506498
-0.577930
-0.639254
-0.683688
-0.694333
-0.684791
-0.663868
-0.637191
-0.608291
-0.579326
-0.551560
-0.525677
-0.502000
-0.459821
-0.373620
-0.279995
-0.188823
-0.104226
-0.028884
0.000000
0.000000
0.151936
0.255964
0.346681
0.431888
0.511036
0.582058
0.642850
0.685074
0.694369
0.684038
0.662685
0.635808
0.606850
0.577913
0.550223
0.524442
0.500877
0.454543
0.367598
0.274088
0.183344
0.099357
0.024761
0.000000
-0.004306
-0.159897
-0.261842
-0.352049
-0.436937
-0.515679
-0.586167
-0.646303
-0.686242
-0.694154
-0.683023
-0.661248
-0.634184
-0.605187
-0.576298
-0.548705
-0.523046
-0.499611
-0.449102
-0.361406
-0.268008
-0.177693
-0.094324
-0.020486
0.000000
0.016686
0.167779
0.268705
0.358445
0.442820
0.520897
0.590567
0.649759
0.687081
0.693429
0.681416
0.659194
0.631957
0.602954
0.574156
0.546708
0.521219
0.497961
0.444037
0.355664
0.262298
0.172294
0.089412
0.016199
0.000000
-0.028879
-0.175547
-0.275468
-0.364745
-0.448613
-0.526034
-0.594897
-0.653158
-0.687907
-0.692717
-0.679836
-0.657174
-0.629767
-0.600758
-0.572051
-0.544745
-0.519423
-0.496339
-0.439130
-0.350106
-0.256774
-0.167073
-0.084663
-0.012056
0.000000
0.040469
0.182874
0.281810
0.370626
0.453994
0.530776
0.598863
0.656233
0.688581
0.691959
0.678275
0.655211
0.627652
0.598645
0.570029
0.542863
0.517702
0.494786
0.434411
0.344755
0.251449
0.162034
0.080073
0.008046
0.000000
-0.051628
-0.189918
-0.287902
-0.376271
-0.459155
-0.535322
-0.602660
-0.659173
-0.689219
-0.691226
-0.676773
-0.653323
-0.625620
-0.596615
-0.568087
-0.541055
-0.516050
-0.493295
-0.429894
-0.339634
-0.246355
-0.157213
-0.075683
-0.004211
0.000000
0.062316
0.196670
0.293743
0.381685
0.464107
0.539684
0.606307
0.661998
0.689837
0.690529
0.675337
0.651517
0.623675
0.594672
0.566228
0.539324
0.514468
0.491868
0.425386
0.334524
0.241282
0.152428
0.071342
0.000435
0.000000
-0.073043
-0.203483
-0.299658
-0.387180
-0.469144
-0.544131
-0.610033
-0.664897
-0.690474
-0.689817
-0.673868
-0.649669
-0.621684
-0.592682
-0.564324
-0.537552
-0.512848
-0.490406
-0.420376
-0.328826
-0.235633
-0.147109
-0.066529
0.000000
0.000000
0.082074
0.209494
0.305042
0.392295
0.473930
0.548457
0.613766
0.667925
0.691291
0.689308
0.672606
0.648021
0.619881
0.590866
0.562578
0.535920
0.511353
0.489055
0.415428
0.323144
0.229956
0.141726
0.061620
0.000000
0.000000
-0.090726
-0.215265
-0.310218
-0.397215
-0.478537
-0.552622
-0.617362
-0.670844
-0.692074
-0.688810
-0.671382
-0.646425
-0.618136
-0.589108
-0.560887
-0.534341
-0.509907
-0.487748
-0.410713
-0.317725
-0.224532
-0.136572
-0.056908
0.000000
0.000000
0.099066
0.220839
0.315224
0.401980
0.483004
0.556666
0.620861
0.673691
0.692856
0.688354
0.670221
0.644902
0.616467
0.587424
0.559267
0.532828
0.508520
0.486494
0.406203
0.312543
0.219349
0.131648
0.052410
0.000000
0.000000
-0.107037
-0.226168
-0.320010
-0.406535
-0.487274
-0.560533
-0.624206
-0.676413
-0.693603
-0.687915
-0.669108
-0.643443
-0.614868
-0.585813
-0.557716
-0.531379
-0.507192
-0.483909
-0.401136
-0.307044
-0.213976
-0.126643
-0.047932
0.000000
0.000000
0.115076
0.231500
0.324775
0.411053
0.491495
0.564341
0.627484
0.679064
0.694306
0.687450
0.667982
0.641978
0.613268
0.584202
0.556168
0.529933
0.505868
0.477811
0.394158
0.300168
0.207565
0.120912
0.043043
0.000000
0.000000
-0.124278
-0.237542
-0.330140
-0.416120
-0.496212
-0.568579
-0.631117
-0.680561
-0.694266
-0.686514
-0.666562
-0.640337
-0.611567
-0.582539
-0.554598
-0.528484
-0.504552
-0.471741
-0.387216
-0.293332
-0.201197
-0.115224
-0.038197
0.000000
0.000000
0.133633
0.243755
0.335708
0.421420
0.501188
0.573096
0.635041
0.682057
0.694280
0.685663
0.665241
0.638799
0.609967
0.580971
0.553116
0.527116
0.503308
0.465969
0.380631
0.286871
0.195200
0.109892
0.033679
0.000000
0.000000
-0.142515
-0.249681
-0.341035
-0.426503
-0.505970
-0.577449
-0.638835
-0.683526
-0.694327
-0.684878
-0.664004
-0.637350
-0.608457
-0.579489
-0.551714
-0.525820
-0.502130
-0.460432
-0.374317
-0.280678
-0.189457
-0.104790
-0.029360
0.000000
0.000000
0.150999
0.255340
0.346120
0.431353
0.510532
0.581600
0.642451
0.684920
0.694365
0.684121
0.662816
0.635961
0.607010
0.578070
0.550371
0.524579
0.501002
0.455128
0.368266
0.274743
0.183951
0.099897
0.025218
0.000000
-0.002969
-0.159042
-0.261095
-0.351351
-0.436293
-0.515107
-0.585682
-0.645920
-0.686145
-0.694228
-0.683195
-0.661468
-0.634424
-0.605428
-0.576529
-0.548921
-0.523243
-0.499789
-0.449782
-0.362178
-0.268767
-0.178400
-0.094956
-0.021025
0.000000
0.015148
0.166806
0.267862
0.357662
0.442103
0.520264
0.590036
0.649346
0.686988
0.693526
0.681620
0.659452
0.632235
0.603232
0.574423
0.546956
0.521446
0.498166
0.444661
0.356371
0.263002
0.172960
0.090018
0.016729
0.000000
-0.027382
-0.174595
-0.274641
-0.363976
-0.447906
-0.525408
-0.594371
-0.652746
-0.687809
-0.692806
-0.680032
-0.657423
-0.630037
-0.601028
-0.572310
-0.544986
-0.519643
-0.496538
-0.439733
-0.350789
-0.257453
-0.167715
-0.085247
-0.012566
0.000000
0.039045
0.181974
0.281031
0.369904
0.453333
0.530194
0.598376
0.655855
0.688498
0.692052
0.678467
0.655452
0.627912
0.598904
0.570277
0.543094
0.517913
0.494977
0.434990
0.345411
0.252102
0.162652
0.080637
0.008538
0.000000
-0.050258
-0.189054
-0.287154
-0.375578
-0.458522
-0.534763
-0.602194
-0.658811
-0.689140
-0.691316
-0.676957
-0.653554
-0.625869
-0.596864
-0.568325
-0.541277
-0.516253
-0.493478
-0.430449
-0.340263
-0.246980
-0.157805
-0.076222
-0.004682
0.000000
0.061004
0.195841
0.293026
0.381021
0.463500
0.539149
0.605859
0.661652
0.689761
0.690615
0.675513
0.651739
0.623914
0.594910
0.566456
0.539536
0.514662
0.492043
0.425986
0.335204
0.241954
0.153058
0.071910
0.000925
0.000000
-0.071599
-0.202556
-0.298849
-0.386425
-0.468449
-0.543516
-0.609515
-0.664491
-0.690384
-0.689915
-0.674072
-0.649926
-0.621961
-0.592959
-0.564589
-0.537799
-0.513074
-0.490610
-0.421076
-0.329626
-0.236430
-0.147864
-0.067217
0.000000
0.000000
0.080852
0.208678
0.304310
0.391598
0.473277
0.547866
0.613255
0.667509
0.691177
0.689375
0.672777
0.648244
0.620126
0.591113
0.562815
0.536142
0.511556
0.489239
0.416100
0.323916
0.230727
0.142457
0.062287
0.000000
0.000000
-0.089549
-0.214479
-0.309513
-0.396545
-0.477909
-0.552054
-0.616872
-0.670445
-0.691966
-0.688877
-0.671548
-0.646642
-0.618373
-0.589347
-0.561117
-0.534556
-0.510103
-0.487925
-0.411353
-0.318461
-0.225269
-0.137272
-0.057548
0.000000
0.000000
0.097932
0.220081
0.314544
0.401332
0.482397
0.556117
0.620386
0.673304
0.692750
0.688416
0.670379
0.645109
0.616693
0.587653
0.559487
0.533033
0.508708
0.486664
0.406816
0.313248
0.220054
0.132317
0.053021
0.000000
0.000000
-0.105954
-0.225443
-0.319360
-0.405916
-0.486694
-0.560008
-0.623752
-0.676043
-0.693501
-0.687974
-0.669259
-0.643642
-0.615085
-0.586032
-0.557927
-0.531575
-0.507372
-0.484730
-0.402077
-0.307971
-0.214843
-0.127419
-0.048596
0.000000
0.000000
0.113848
0.230698
0.324066
0.410386
0.490877
0.563787
0.627013
0.678688
0.694213
0.687527
0.668155
0.642200
0.613509
0.584443
0.556399
0.530149
0.506065
0.478746
0.395226
0.301217
0.208540
0.121779
0.043778
0.000000
0.000000
-0.122844
-0.236589
-0.329287
-0.415308
-0.495451
-0.567890
-0.630520
-0.680339
-0.694273
-0.686654
-0.666775
-0.640583
-0.611821
-0.582787
-0.554832
-0.528701
-0.504748
-0.472654
-0.388259
-0.294359
-0.202153
-0.116077
-0.038923
0.000000
0.000000
0.132227
0.242820
0.334870
0.420621
0.500437
0.572415
0.634449
0.681830
0.694276
0.685789
0.665439
0.639029
0.610207
0.581206
0.553338
0.527321
0.503494
0.466837
0.381621
0.287842
0.196101
0.110692
0.034357
0.000000
0.000000
-0.141180
-0.248790
-0.340234
-0.425739
-0.505251
-0.576795
-0.638265
-0.683305
-0.694320
-0.684996
-0.664190
-0.637568
-0.608684
-0.579712
-0.551925
-0.526015
-0.502307
-0.461265
-0.375267
-0.281610
-0.190321
-0.105557
-0.030010
0.000000
0.000000
0.149723
0.254488
0.345355
0.430623
0.509846
0.580976
0.641907
0.684710
0.694359
0.684235
0.662995
0.636170
0.607227
0.578283
0.550573
0.524766
0.501171
0.455926
0.369176
0.275636
0.184779
0.100633
0.025841
0.000000
-0.001145
-0.157876
-0.260077
-0.350400
-0.435416
-0.514327
-0.585022
-0.645398
-0.686013
-0.694329
-0.683428
-0.661768
-0.634751
-0.605756
-0.576844
-0.549215
-0.523512
-0.500032
-0.450710
-0.363230
-0.269801
-0.179364
-0.095818
-0.021761
0.000000
0.013051
0.165480
0.266713
0.356595
0.441125
0.519401
0.589313
0.648783
0.686860
0.693658
0.681898
0.659803
0.632615
0.603612
0.574786
0.547295
0.521755
0.498445
0.445512
0.357336
0.263961
0.173868
0.090845
0.017451
0.000000
-0.025341
-0.173298
-0.273513
-0.362927
-0.446943
-0.524555
-0.593653
-0.652184
-0.687676
-0.692929
-0.680298
-0.657763
-0.630404
-0.601396
-0.572662
-0.545315
-0.519944
-0.496810
-0.440555
-0.351720
-0.258379
-0.168590
-0.086043
-0.013261
0.000000
0.037103
0.180746
0.279969
0.368920
0.452432
0.529400
0.597712
0.655341
0.688386
0.692179
0.678729
0.655781
0.628266
0.599258
0.570616
0.543409
0.518202
0.495237
0.435780
0.346307
0.252993
0.163495
0.081404
0.009209
0.000000
-0.048390
-0.187874
-0.286135
-0.374633
-0.457658
-0.534002
-0.601558
-0.658319
-0.689033
-0.691438
-0.677208
-0.653870
-0.626209
-0.597203
-0.568650
-0.541579
-0.516529
-0.493728
-0.431205
-0.341120
-0.247833
-0.158611
-0.076957
-0.005323
0.000000
0.059215
0.194711
0.292049
0.380115
0.462671
0.538419
0.605249
0.661179
0.689658
0.690731
0.675753
0.652041
0.624239
0.595235
0.566767
0.539826
0.514927
0.492282
0.426804
0.336131
0.242871
0.153918
0.072685
0.001594
0.000000
-0.069631
-0.201294
-0.297746
-0.385396
-0.467503
-0.542677
-0.608808
-0.663938
-0.690261
-0.690050
-0.674351
-0.650277
-0.622339
-0.593337
-0.564951
-0.538136
-0.513381
-0.490888
-0.422029
-0.330716
-0.237516
-0.148893
-0.068154
0.000000
0.000000
0.079187
0.207566
0.303311
0.390648
0.472387
0.547059
0.612558
0.666942
0.691022
0.689467
0.673009
0.648549
0.620459
0.591449
0.563138
0.536444
0.511833
0.489489
0.417015
0.324967
0.231778
0.143455
0.063198
0.000000
0.000000
-0.087944
-0.213408
-0.308552
-0.395631
-0.477054
-0.551280
-0.616204
-0.669902
-0.691820
-0.688969
-0.671774
-0.646937
-0.618696
-0.589673
-0.561430
-0.534849
-0.510372
-0.488168
-0.412227
-0.319465
-0.226274
-0.138226
-0.058421
0.000000
0.000000
0.096388
0.219049
0.313616
0.400450
0.481569
0.555368
0.619738
0.672777
0.692605
0.688500
0.670594
0.645391
0.617003
0.587965
0.559787
0.533314
0.508965
0.486897
0.407651
0.314208
0.221014
0.133230
0.053855
0.000000
0.000000
-0.104477
-0.224456
-0.318473
-0.405072
-0.485903
-0.559291
-0.623132
-0.675539
-0.693363
-0.688056
-0.669466
-0.643912
-0.615382
-0.586330
-0.558214
-0.531844
-0.507618
-0.485679
-0.403267
-0.309171
-0.215975
-0.128443
-0.049481
0.000000
0.000000
0.112222
0.229632
0.323121
0.409496
0.490049
0.563045
0.626379
0.678181
0.694086
0.687628
0.668384
0.642494
0.613828
0.584764
0.556707
0.530436
0.506328
0.479982
0.396638
0.302605
0.209831
0.122929
0.044755
0.000000
0.000000
-0.120956
-0.235338
-0.328168
-0.414246
-0.494457
-0.566990
-0.629743
-0.680055
-0.694289
-0.686845
-0.667059
-0.640909
-0.612159
-0.583117
-0.555143
-0.528987
-0.505009
-0.473859
-0.389637
-0.295715
-0.203416
-0.117204
-0.039882
0.000000
0.000000
0.130370
0.241586
0.333763
0.419567
0.499447
0.571515
0.633666
0.681530
0.694271
0.685955
0.665699
0.639332
0.610523
0.581516
0.553631
0.527591
0.503740
0.467981
0.382927
0.289123
0.197289
0.111748
0.035251
0.000000
0.000000
-0.139420
-0.247616
-0.339178
-0.424731
-0.504303
-0.575931
-0.637512
-0.683013
-0.694311
-0.685151
-0.664435
-0.637855
-0.608983
-0.580006
-0.552203
-0.526272
-0.502540
-0.462364
-0.376520
-0.282839
-0.191461
-0.106570
-0.030867
0.000000
0.000000
0.148039
0.253366
0.344346
0.429661
0.508941
0.580152
0.641190
0.684434
0.694352
0.684385
0.663231
0.636446
0.607515
0.578565
0.550840
0.525012
0.501395
0.456978
0.370377
0.276813
0.185872
0.101603
0.026663
0.000000
0.000000
-0.156298
-0.258873
-0.349296
-0.434382
-0.513382
-0.584193
-0.644710
-0.685791
-0.694389
-0.683650
-0.662075
-0.635094
-0.606106
-0.577184
-0.549533
-0.523805
-0.500297
-0.451820
-0.364493
-0.271042
-0.180518
-0.096846
-0.022635
0.000000
0.010528
0.163875
0.265317
0.355295
0.439930
0.518343
0.588422
0.648084
0.686693
0.693808
0.682228
0.660223
0.633069
0.604067
0.575223
0.547702
0.522128
0.498782
0.446526
0.358485
0.265106
0.174951
0.091832
0.018314
0.000000
-0.022889
-0.171735
-0.272153
-0.361659
-0.445777
-0.523521
-0.592782
-0.651500
-0.687509
-0.693072
-0.680616
-0.658169
-0.630844
-0.601837
-0.573086
-0.545710
-0.520305
-0.497136
-0.441542
-0.352838
-0.259489
-0.169640
-0.086998
-0.014093
0.000000
0.034776
0.179276
0.278697
0.367740
0.451354
0.528450
0.596918
0.654726
0.688252
0.692333
0.679043
0.656176
0.628691
0.599683
0.571022
0.543787
0.518547
0.495549
0.436728
0.347382
0.254064
0.164508
0.082327
0.010015
0.000000
-0.046148
-0.186459
-0.284911
-0.373499
-0.456621
-0.533089
-0.600795
-0.657729
-0.688905
-0.691586
-0.677510
-0.654250
-0.626618
-0.597611
-0.569040
-0.541942
-0.516861
-0.494027
-0.432112
-0.342148
-0.248856
-0.159580
-0.077839
-0.006094
0.000000
0.057068
0.193355
0.290875
0.379027
0.461676
0.537542
0.604516
0.660611
0.689534
0.690871
0.676042
0.652404
0.624630
0.595626
0.567140
0.540174
0.515245
0.492569
0.427692
0.337138
0.243871
0.154863
0.073544
0.002342
0.000000
-0.067524
-0.199960
-0.296589
-0.384323
-0.466520
-0.541810
-0.608083
-0.663375
-0.690138
-0.690189
-0.674637
-0.650637
-0.622727
-0.593724
-0.565321
-0.538480
-0.513697
-0.491172
-0.423004
-0.331822
-0.238612
-0.149923
-0.069084
0.000000
0.000000
0.077507
0.206439
0.302298
0.389682
0.471480
0.546237
0.611846
0.666361
0.690860
0.689558
0.673243
0.648857
0.620797
0.591790
0.563466
0.536751
0.512114
0.489743
0.417959
0.326052
0.232862
0.144483
0.064135
0.000000
0.000000
-0.086294
-0.212309
-0.307566
-0.394694
-0.476177
-0.550488
-0.615520
-0.669348
-0.691672
-0.689065
-0.672009
-0.647242
-0.619030
-0.590008
-0.561753
-0.535150
-0.510648
-0.488417
-0.413125
-0.320497
-0.227307
-0.139208
-0.059319
0.000000
0.000000
0.094797
0.217986
0.312661
0.399540
0.480717
0.554595
0.619069
0.672233
0.692455
0.688587
0.670815
0.645681
0.617321
0.588286
0.560096
0.533602
0.509230
0.487135
0.408510
0.315195
0.222001
0.134167
0.054711
0.000000
0.000000
-0.102959
-0.223441
-0.317561
-0.404204
-0.485089
-0.558555
-0.622495
-0.675021
-0.693221
-0.688139
-0.669678
-0.644190
-0.615686
-0.586637
-0.558510
-0.532120
-0.507871
-0.485908
-0.404091
-0.310118
-0.216922
-0.129342
-0.050303
0.000000
0.000000
0.110767
0.228660
0.322248
0.408665
0.489270
0.562340
0.625769
0.677685
0.693951
0.687708
0.668587
0.642761
0.614120
0.585058
0.556990
0.530700
0.506571
0.481084
0.397901
0.303851
0.210994
0.123971
0.045647
0.000000
0.000000
-0.119306
-0.234260
-0.327216
-0.413350
-0.493626
-0.566247
-0.629109
-0.679842
-0.694331
-0.687034
-0.667326
-0.641210
-0.612467
-0.583416
-0.555424
-0.529246
-0.505243
-0.474926
-0.390859
-0.296919
-0.204539
-0.118209
-0.040740
0.000000
0.000000
0.128723
0.240493
0.332783
0.418635
0.498572
0.570720
0.632976
0.681266
0.694266
0.686103
0.665928
0.639600
0.610802
0.581789
0.553890
0.527830
0.503957
0.468987
0.384073
0.290247
0.198332
0.112675
0.036036
0.000000
0.000000
-0.137872
-0.246582
-0.338248
-0.423843
-0.503467
-0.575170
-0.636848
-0.682756
-0.694301
-0.685287
-0.664651
-0.638107
-0.609246
-0.580264
-0.552447
-0.526497
-0.502746
-0.463331
-0.377623
-0.283921
-0.192464
-0.107461
-0.031621
0.000000
0.000000
0.146559
0.252378
0.343459
0.428815
0.508145
0.579428
0.640560
0.684191
0.694346
0.684518
0.663439
0.636688
0.607768
0.578813
0.551074
0.525229
0.501592
0.457905
0.371434
0.277850
0.186834
0.102458
0.027387
0.000000
0.000000
-0.154876
-0.257925
-0.348443
-0.433569
-0.512617
-0.583497
-0.644104
-0.685557
-0.694383
-0.683776
-0.662274
-0.635327
-0.606349
-0.577421
-0.549758
-0.524013
-0.500486
-0.452707
-0.365505
-0.272034
-0.181439
-0.097664
-0.023328
0.000000
0.008500
0.162579
0.264184
0.354237
0.438955
0.517475
0.587687
0.647504
0.686546
0.693921
0.682487
0.660557
0.633433
0.604432
0.575574
0.548029
0.522427
0.499052
0.447332
0.359399
0.266016
0.175814
0.092619
0.019002
0.000000
-0.020921
-0.170478
-0.271056
-0.360636
-0.444835
-0.522684
-0.592074
-0.650943
-0.687370
-0.693183
-0.680868
-0.658493
-0.631197
-0.602191
-0.573425
-0.546026
-0.520595
-0.497398
-0.442332
-0.353732
-0.260378
-0.170480
-0.087762
-0.014760
0.000000
0.032914
0.178100
0.277679
0.366797
0.450491
0.527690
0.596283
0.654234
0.688146
0.692456
0.679295
0.656492
0.629032
0.600023
0.571347
0.544090
0.518824
0.495799
0.437488
0.348244
0.254922
0.165320
0.083066
0.010661
0.000000
-0.044351
-0.185324
-0.283930
-0.372590
-0.455790
-0.532358
-0.600184
-0.657256
-0.688803
-0.691704
-0.677752
-0.654554
-0.626945
-0.597938
-0.569353
-0.542234
-0.517127
-0.494268
-0.432839
-0.342972
-0.249676
-0.160356
-0.078545
-0.006711
0.000000
0.055348
0.192268
0.289935
0.378155
0.460879
0.536840
0.603929
0.660156
0.689434
0.690983
0.676273
0.652694
0.624943
0.595938
0.567440
0.540452
0.515499
0.492798
0.428388
0.337927
0.244656
0.155606
0.074220
0.002933
0.000000
-0.065878
-0.198919
-0.295689
-0.383489
-0.465757
-0.541138
-0.607521
-0.662940
-0.690043
-0.690296
-0.674858
-0.650915
-0.623027
-0.594024
-0.565608
-0.538747
-0.513940
-0.491392
-0.423757
-0.332676
-0.239456
-0.150715
-0.069798
0.000000
0.000000
0.076211
0.205570
0.301515
0.388936
0.470779
0.545602
0.611295
0.665911
0.690735
0.689628
0.673424
0.649094
0.621058
0.592053
0.563720
0.536988
0.512331
0.489939
0.418691
0.326893
0.233703
0.145280
0.064862
0.000000
0.000000
-0.085017
-0.211457
-0.306803
-0.393969
-0.475498
-0.549874
-0.614990
-0.668919
-0.691558
-0.689140
-0.672191
-0.647479
-0.619288
-0.590269
-0.562003
-0.535384
-0.510862
-0.488611
-0.413820
-0.321296
-0.228107
-0.139969
-0.060015
0.000000
0.000000
0.093565
0.217162
0.311921
0.398836
0.480056
0.553997
0.618552
0.671811
0.692338
0.688653
0.670986
0.645905
0.617567
0.588534
0.560335
0.533826
0.509434
0.487320
0.409176
0.315959
0.222766
0.134893
0.055375
0.000000
0.000000
-0.101783
-0.222655
-0.316855
-0.403532
-0.484459
-0.557984
-0.622001
-0.674619
-0.693111
-0.688204
-0.669842
-0.644405
-0.615922
-0.586875
-0.558739
-0.532334
-0.508067
-0.486085
-0.404730
-0.310851
-0.217656
-0.130039
-0.050940
0.000000
0.000000
0.109639
0.227907
0.321572
0.408021
0.488667
0.561794
0.625297
0.677301
0.693846
0.687771
0.668745
0.642967
0.614346
0.585286
0.557210
0.530905
0.506758
0.481938
0.398879
0.304816
0.211895
0.124779
0.046338
0.000000
0.000000
-0.118027
-0.233426
-0.326478
-0.412656
-0.492982
-0.565671
-0.628618
-0.679677
-0.694363
-0.687180
-0.667532
-0.641443
-0.612706
-0.583647
-0.555642
-0.529446
-0.505424
-0.475753
-0.391805
-0.297852
-0.205409
-0.118987
-0.041405
0.000000
0.000000
0.127446
0.239646
0.332025
0.417913
0.497894
0.570105
0.632441
0.681061
0.694262
0.686217
0.666106
0.639808
0.611018
0.582001
0.554090
0.528015
0.504126
0.469767
0.384962
0.291119
0.199140
0.113393
0.036643
0.000000
0.000000
-0.136673
-0.245781
-0.337528
-0.423155
-0.502819
-0.574580
-0.636334
-0.682556
-0.694294
-0.685393
-0.664817
-0.638302
-0.609450
-0.580464
-0.552636
-0.526672
-0.502905
-0.464080
-0.378478
-0.284759
-0.193241
-0.108151
-0.032205
0.000000
0.000000
0.145411
0.251613
0.342772
0.428159
0.507529
0.578868
0.640071
0.684003
0.694341
0.684620
0.663600
0.636877
0.607964
0.579005
0.551256
0.525397
0.501745
0.458622
0.372252
0.278653
0.187579
0.103120
0.027947
0.000000
0.000000
-0.153775
-0.257191
-0.347783
-0.432939
-0.512025
-0.582958
-0.643634
-0.685376
-0.694377
-0.683874
-0.662428
-0.635507
-0.606536
-0.577605
-0.549932
-0.524174
-0.500633
-0.453394
-0.366289
-0.272803
-0.182152
-0.098298
-0.023864
0.000000
0.006930
0.161574
0.263307
0.353418
0.438199
0.516802
0.587118
0.647054
0.686432
0.694008
0.682688
0.660816
0.633714
0.604715
0.575845
0.548282
0.522659
0.499261
0.447957
0.360108
0.266721
0.176482
0.093228
0.019536
0.000000
-0.019397
-0.169505
-0.270207
-0.359843
-0.444105
-0.522036
-0.591526
-0.650511
-0.687263
-0.693269
-0.681064
-0.658744
-0.631469
-0.602465
-0.573688
-0.546272
-0.520819
-0.497600
-0.442944
-0.354426
-0.261067
-0.171131
-0.088353
-0.015276
0.000000
0.031472
0.177189
0.276891
0.366067
0.449823
0.527102
0.595792
0.653854
0.688064
0.692551
0.679490
0.656737
0.629296
0.600286
0.571600
0.544325
0.519038
0.495992
0.438077
0.348912
0.255586
0.165949
0.083639
0.011162
0.000000
-0.042958
-0.184446
-0.283170
-0.371886
-0.455146
-0.531791
-0.599711
-0.656889
-0.688724
-0.691796
-0.677940
-0.654789
-0.627198
-0.598192
-0.569595
-0.542459
-0.517333
-0.494454
-0.433402
-0.343611
-0.250311
-0.160957
-0.079092
-0.007189
0.000000
0.054015
0.191426
0.289207
0.377480
0.460261
0.536296
0.603474
0.659803
0.689357
0.691070
0.676452
0.652919
0.625185
0.596180
0.567671
0.540668
0.515696
0.492976
0.428928
0.338539
0.245265
0.156182
0.074744
0.003391
0.000000
-0.064602
-0.198114
-0.294992
-0.382843
-0.465166
-0.540617
-0.607086
-0.662603
-0.689969
-0.690380
-0.675030
-0.651131
-0.623259
-0.594256
-0.565830
-0.538954
-0.514129
-0.491562
-0.424341
-0.333338
-0.240110
-0.151328
-0.070351
0.000000
0.000000
0.075207
0.204896
0.300909
0.388358
0.470237
0.545110
0.610868
0.665563
0.690638
0.689682
0.673564
0.649278
0.621260
0.592257
0.563916
0.537171
0.512500
0.490091
0.419257
0.327544
0.234353
0.145897
0.065425
0.000000
0.000000
-0.084028
-0.210798
-0.306212
-0.393408
-0.474972
-0.549399
-0.614581
-0.668586
-0.691470
-0.689198
-0.672331
-0.647662
-0.619488
-0.590470
-0.562197
-0.535565
-0.511027
-0.488761
-0.414359
-0.321915
-0.228727
-0.140558
-0.060553
0.000000
0.000000
0.092611
0.216524
0.311348
0.398290
0.479544
0.553533
0.618150
0.671484
0.692248
0.688705
0.671118
0.646079
0.617757
0.588726
0.560520
0.533999
0.509593
0.487464
0.409691
0.316551
0.223358
0.135456
0.055889
0.000000
0.000000
-0.100872
-0.222046
-0.316308
-0.403012
-0.483971
-0.557542
-0.621619
-0.674308
-0.693026
-0.688254
-0.669969
-0.644572
-0.616105
-0.587060
-0.558916
-0.532500
-0.508219
-0.486222
-0.405224
-0.311419
-0.218224
-0.130579
-0.051433
0.000000
0.000000
0.108766
0.227323
0.321048
0.407522
0.488200
0.561371
0.624931
0.677003
0.693764
0.687819
0.668867
0.643127
0.614521
0.585463
0.557380
0.531064
0.506904
0.482599
0.399636
0.305563
0.212594
0.125404
0.046873
0.000000
0.000000
-0.117037
-0.232780
-0.325906
-0.412118
-0.492483
-0.565224
-0.628238
-0.679549
-0.694388
-0.687293
-0.667692
-0.641624
-0.612890
-0.583827
-0.555810
-0.529601
-0.505565
-0.476393
-0.392538
-0.298574
-0.206083
-0.119590
-0.041920
0.000000
0.000000
0.126458
0.238990
0.331437
0.417354
0.497369
0.569628
0.632027
0.680902
0.694259
0.686305
0.666244
0.639969
0.611185
0.582165
0.554245
0.528159
0.504256
0.470370
0.385650
0.291793
0.199766
0.113949
0.037114
0.000000
0.000000
-0.135744
-0.245160
-0.336969
-0.422622
-0.502318
-0.574124
-0.635936
-0.682402
-0.694289
-0.685474
-0.664946
-0.638454
-0.609608
-0.580619
-0.552783
-0.526808
-0.503028
-0.464661
-0.379140
-0.285408
-0.193843
-0.108686
-0.032658
0.000000
0.000000
0.144523
0.251021
0.342240
0.427652
0.507051
0.578433
0.639693
0.683857
0.694338
0.684700
0.663724
0.637022
0.608115
0.579154
0.551397
0.525527
0.501863
0.459178
0.372887
0.279275
0.188156
0.103633
0.028382
0.000000
0.000000
-0.152922
-0.256622
-0.347272
-0.432452
-0.511566
-0.582541
-0.643271
-0.685236
-0.694373
-0.683950
-0.662547
-0.635646
-0.606682
-0.577748
-0.550067
-0.524298
-0.500746
-0.453927
-0.366896
-0.273399
-0.182704
-0.098789
-0.024280
0.000000
0.005713
0.160797
0.262628
0.352783
0.437614
0.516282
0.586677
0.646706
0.686344
0.694075
0.682843
0.661016
0.633932
0.604934
0.576055
0.548478
0.522838
0.499423
0.448440
0.360656
0.267268
0.177000
0.093700
0.019949
0.000000
-0.018216
-0.168750
-0.269549
-0.359229
-0.443539
-0.521534
-0.591102
-0.650177
-0.687179
-0.693335
-0.681215
-0.658938
-0.631681
-0.602677
-0.573892
-0.546461
-0.520993
-0.497757
-0.443419
-0.354963
-0.261601
-0.171635
-0.088812
-0.015675
0.000000
0.030355
0.176483
0.276281
0.365501
0.449306
0.526646
0.595411
0.653559
0.688000
0.692625
0.679641
0.656927
0.629500
0.600491
0.571795
0.544506
0.519205
0.496142
0.438533
0.349429
0.256101
0.166436
0.084083
0.011550
0.000000
-0.041880
-0.183765
-0.282581
-0.371341
-0.454648
-0.531352
-0.599344
-0.656606
-0.688662
-0.691867
-0.678085
-0.654972
-0.627395
-0.598388
-0.569783
-0.542634
-0.517493
-0.494598
-0.433838
-0.344105
-0.250803
-0.161422
-0.079516
-0.007560
0.000000
0.052983
0.190774
0.288643
0.376957
0.459783
0.535874
0.603122
0.659530
0.689297
0.691137
0.676590
0.653094
0.625373
0.596368
0.567851
0.540835
0.515849
0.493114
0.429346
0.339013
0.245736
0.156628
0.075150
0.003745
0.000000
-0.063614
-0.197489
-0.294452
-0.382343
-0.464709
-0.540214
-0.606749
-0.662341
-0.689912
-0.690444
-0.675163
-0.651298
-0.623439
-0.594436
-0.566002
-0.539114
-0.514276
-0.491694
-0.424793
-0.333851
-0.240617
-0.151804
-0.070779
0.000000
0.000000
0.074429
0.204375
0.300439
0.387910
0.469816
0.544728
0.610538
0.665293
0.690563
0.689724
0.673672
0.649421
0.621416
0.592415
0.564068
0.537313
0.512630
0.490209
0.419696
0.328049
0.234858
0.146375
0.065861
0.000000
0.000000
-0.083261
-0.210287
-0.305754
-0.392972
-0.474565
-0.549031
-0.614263
-0.668329
-0.691401
-0.689242
-0.672441
-0.647804
-0.619644
-0.590626
-0.562347
-0.535705
-0.511156
-0.488877
-0.414776
-0.322395
-0.229207
-0.141015
-0.060971
0.000000
0.000000
0.091871
0.216029
0.310904
0.397867
0.479148
0.553174
0.617840
0.671231
0.692178
0.688745
0.671221
0.646214
0.617905
0.588875
0.560663
0.534133
0.509716
0.487575
0.410090
0.317009
0.223817
0.135891
0.056287
0.000000
0.000000
-0.100166
-0.221574
-0.315885
-0.402609
-0.483593
-0.557200
-0.621323
-0.674067
-0.692960
-0.688293
-0.670068
-0.644701
-0.616246
-0.587202
-0.559053
-0.532628
-0.508337
-0.486328
-0.405607
-0.311859
-0.218664
-0.130998
-0.051815
0.000000
0.000000
0.108090
0.226871
0.320642
0.407136
0.487838
0.561043
0.624648
0.676772
0.693701
0.687856
0.668961
0.643251
0.614657
0.585600
0.557511
0.531187
0.507017
0.483111
0.400223
0.306142
0.213135
0.125889
0.047287
0.000000
0.000000
-0.116270
-0.232279
-0.325464
-0.411701
-0.492097
-0.564879
-0.627943
-0.679429
-0.694395
-0.687375
-0.667814
-0.641763
-0.613034
-0.583967
-0.555943
-0.529723
-0.505676
-0.476903
-0.393121
-0.299149
-0.206619
-0.120069
-0.042328
0.000000
0.000000
0.125671
0.238468
0.330969
0.416909
0.496952
0.569249
0.631698
0.680776
0.694258
0.686377
0.666355
0.640098
0.611320
0.582297
0.554370
0.528274
0.504360
0.470854
0.386202
0.292335
0.200269
0.114396
0.037493
0.000000
0.000000
-0.134999
-0.244663
-0.336523
-0.422196
-0.501917
-0.573759
-0.635617
-0.682278
-0.694284
-0.685540
-0.665050
-0.638575
-0.609735
-0.580743
-0.552900
-0.526916
-0.503127
-0.465125
-0.379669
-0.285927
-0.194325
-0.109113
-0.033020
0.000000
0.000000
0.143811
0.250547
0.341813
0.427245
0.506669
0.578085
0.639390
0.683740
0.694334
0.684763
0.663824
0.637139
0.608237
0.579273
0.551509
0.525631
0.501958
0.459623
0.373394
0.279773
0.188618
0.104044
0.028729
0.000000
0.000000
-0.152240
-0.256167
-0.346863
-0.432062
-0.511199
-0.582207
-0.642980
-0.685124
-0.694370
-0.684011
-0.662643
-0.635758
-0.606798
-0.577862
-0.550175
-0.524398
-0.500837
-0.454353
-0.367382
-0.273875
-0.183146
-0.099182
-0.024613
0.000000
0.004740
0.160174
0.262084
0.352275
0.437145
0.515865
0.586324
0.646427
0.686274
0.694130
0.682968
0.661176
0.634106
0.605109
0.576223
0.548635
0.522982
0.499553
0.448881
0.361156
0.267762
0.177464
0.094119
0.020310
0.000000
-0.017185
-0.168095
-0.268979
-0.358699
-0.443052
-0.521103
-0.590739
-0.649893
-0.687112
-0.693397
-0.681350
-0.659110
-0.631866
-0.602863
-0.574070
-0.546628
-0.521145
-0.497895
-0.443835
-0.355434
-0.262070
-0.172078
-0.089215
-0.016027
0.000000
0.029365
0.175855
0.275736
0.364995
0.448842
0.526237
0.595068
0.653291
0.687939
0.692688
0.679773
0.657094
0.629680
0.600670
0.571967
0.544667
0.519351
0.496274
0.438934
0.349884
0.256553
0.166864
0.084473
0.011890
0.000000
-0.040931
-0.183166
-0.282063
-0.370861
-0.454208
-0.530965
-0.599021
-0.656355
-0.688608
-0.691929
-0.678213
-0.655133
-0.627568
-0.598561
-0.569948
-0.542788
-0.517634
-0.494725
-0.434223
-0.344541
-0.251237
-0.161833
-0.079890
-0.007886
0.000000
0.052072
0.190199
0.288145
0.376496
0.459361
0.535503
0.602811
0.659290
0.689244
0.691197
0.676713
0.653247
0.625539
0.596534
0.568009
0.540983
0.515984
0.493236
0.429714
0.339430
0.246152
0.157021
0.075508
0.004058
0.000000
-0.062742
-0.196939
-0.293976
-0.381901
-0.464305
-0.539858
-0.606452
-0.662111
-0.689862
-0.690501
-0.675280
-0.651445
-0.623597
-0.594594
-0.566154
-0.539255
-0.514405
-0.491811
-0.425192
-0.334303
-0.241064
-0.152223
-0.071157
-0.000276
0.000000
0.073512
0.203783
0.299921
0.387425
0.469369
0.544331
0.610201
0.665029
0.690503
0.689785
0.673801
0.649585
0.621594
0.592592
0.564238
0.537471
0.512774
0.490340
0.420149
0.328567
0.235374
0.146864
0.066306
0.000000
0.000000
-0.082470
-0.209759
-0.305280
-0.392522
-0.474142
-0.548649
-0.613932
-0.668060
-0.691328
-0.689286
-0.672551
-0.647949
-0.619802
-0.590786
-0.562501
-0.535848
-0.511287
-0.488996
-0.415210
-0.322894
-0.229706
-0.141488
-0.061403
0.000000
0.000000
0.091109
0.215520
0.310447
0.397433
0.478741
0.552806
0.617522
0.670973
0.692108
0.688788
0.671328
0.646354
0.618059
0.589030
0.560812
0.534271
0.509843
0.487690
0.410505
0.317486
0.224293
0.136344
0.056700
0.000000
0.000000
-0.099433
-0.221085
-0.315445
-0.402190
-0.483201
-0.556845
-0.621016
-0.673817
-0.692891
-0.688334
-0.670170
-0.644835
-0.616393
-0.587350
-0.559196
-0.532761
-0.508459
-0.486439
-0.406004
-0.312315
-0.219120
-0.131431
-0.052211
0.000000
0.000000
0.107389
0.226403
0.320221
0.406736
0.487462
0.560703
0.624354
0.676533
0.693636
0.687895
0.669059
0.643379
0.614798
0.585741
0.557648
0.531315
0.507133
0.483642
0.400831
0.306742
0.213695
0.126391
0.047716
0.000000
0.000000
-0.115475
-0.231760
-0.325005
-0.411270
-0.491696
-0.564520
-0.627638
-0.679186
-0.694336
-0.687425
-0.667926
-0.641907
-0.613190
-0.584123
-0.556093
-0.529863
-0.505804
-0.477508
-0.393812
-0.299827
-0.207249
-0.120630
-0.042804
0.000000
0.000000
0.124744
0.237851
0.330417
0.416384
0.496459
0.568803
0.631311
0.680633
0.694263
0.686468
0.666493
0.640257
0.611484
0.582458
0.554521
0.528414
0.504488
0.471445
0.386877
0.292999
0.200887
0.114948
0.037962
0.000000
0.000000
-0.134090
-0.244059
-0.335980
-0.421679
-0.501431
-0.573318
-0.635234
-0.682131
-0.694282
-0.685622
-0.665178
-0.638724
-0.609890
-0.580895
-0.553044
-0.527049
-0.503247
-0.465687
-0.380310
-0.286556
-0.194908
-0.109632
-0.033458
0.000000
0.000000
0.142948
0.249970
0.341295
0.426751
0.506204
0.577662
0.639021
0.683597
0.694330
0.684840
0.663944
0.637280
0.608383
0.579417
0.551646
0.525757
0.502072
0.460162
0.374008
0.280376
0.189177
0.104540
0.029149
0.000000
0.000000
-0.151414
-0.255616
-0.346368
-0.431589
-0.510755
-0.581803
-0.642628
-0.684988
-0.694367
-0.684084
-0.662758
-0.635893
-0.606939
-0.578000
-0.550306
-0.524519
-0.500946
-0.454869
-0.367970
-0.274453
-0.183682
-0.099658
-0.025016
0.000000
0.003561
0.159420
0.261426
0.351660
0.436578
0.515360
0.585897
0.646090
0.686188
0.694195
0.683119
0.661371
0.634318
0.605321
0.576427
0.548825
0.523156
0.499710
0.449481
0.361836
0.268431
0.178087
0.094676
0.020786
0.000000
-0.015829
-0.167237
-0.268235
-0.358009
-0.442420
-0.520544
-0.590271
-0.649529
-0.687029
-0.693483
-0.681530
-0.659337
-0.632112
-0.603109
-0.574305
-0.546847
-0.521345
-0.498075
-0.444385
-0.356058
-0.262690
-0.172666
-0.089750
-0.016494
0.000000
0.028044
0.175016
0.275007
0.364316
0.448219
0.525685
0.594604
0.652928
0.687853
0.692767
0.679945
0.657313
0.629917
0.600908
0.572195
0.544879
0.519546
0.496450
0.439466
0.350487
0.257152
0.167431
0.084988
0.012340
0.000000
-0.039675
-0.182372
-0.281376
-0.370224
-0.453626
-0.530452
-0.598591
-0.656022
-0.688535
-0.692011
-0.678382
-0.655345
-0.627797
-0.598789
-0.570167
-0.542992
-0.517820
-0.494893
-0.434734
-0.345121
-0.251813
-0.162378
-0.080387
-0.008320
0.000000
0.050864
0.189436
0.287486
0.375885
0.458802
0.535010
0.602400
0.658971
0.689175
0.691276
0.676875
0.653452
0.625759
0.596753
0.568220
0.541178
0.516163
0.493397
0.430203
0.339985
0.246703
0.157543
0.075984
0.004473
0.000000
-0.061585
-0.196208
-0.293344
-0.381315
-0.463769
-0.539386
-0.606057
-0.661805
-0.689795
-0.690577
-0.675435
-0.651641
-0.623808
-0.594804
-0.566355
-0.539442
-0.514576
-0.491965
-0.425721
-0.334903
-0.241657
-0.152779
-0.071659
-0.000708
0.000000
0.072238
0.202966
0.299207
0.386759
0.468757
0.543788
0.609744
0.664671
0.690424
0.689872
0.673982
0.649812
0.621838
0.592837
0.564472
0.537689
0.512974
0.490519
0.420766
0.329272
0.236077
0.147530
0.066913
0.000000
0.000000
-0.081393
-0.209039
-0.304634
-0.391907
-0.473566
-0.548127
-0.613481
-0.667693
-0.691227
-0.689346
-0.672701
-0.648146
-0.620018
-0.591004
-0.562710
-0.536044
-0.511467
-0.489157
-0.415802
-0.323574
-0.230386
-0.142134
-0.061992
0.000000
0.000000
0.090070
0.214827
0.309825
0.396842
0.478187
0.552305
0.617089
0.670622
0.692014
0.688848
0.671474
0.646546
0.618268
0.589241
0.561015
0.534461
0.510016
0.487847
0.411070
0.318135
0.224943
0.136962
0.057265
0.000000
0.000000
-0.098434
-0.220417
-0.314845
-0.401619
-0.482665
-0.556360
-0.620596
-0.673476
-0.692797
-0.688388
-0.670309
-0.645017
-0.616593
-0.587552
-0.559390
-0.532942
-0.508625
-0.486589
-0.406544
-0.312936
-0.219742
-0.132021
-0.052750
0.000000
0.000000
0.106433
0.225764
0.319648
0.406190
0.486951
0.560240
0.623953
0.676207
0.693546
0.687948
0.669193
0.643554
0.614989
0.585935
0.557834
0.531488
0.507292
0.484366
0.401661
0.307561
0.214459
0.127075
0.048302
0.000000
0.000000
-0.114392
-0.231053
-0.324380
-0.410681
-0.491150
-0.564032
-0.627221
-0.678854
-0.694254
-0.687493
-0.668078
-0.642102
-0.613402
-0.584336
-0.556297
-0.530053
-0.505978
-0.478332
-0.394753
-0.300752
-0.208108
-0.121395
-0.043453
0.000000
0.000000
0.123479
0.237011
0.329664
0.415668
0.495788
0.568195
0.630784
0.680438
0.694270
0.686592
0.666680
0.640474
0.611709
0.582677
0.554728
0.528605
0.504661
0.472250
0.387797
0.293905
0.201730
0.115700
0.038602
0.000000
0.000000
-0.132850
-0.243234
-0.335241
-0.420975
-0.500770
-0.572716
-0.634711
-0.681931
-0.694278
-0.685733
-0.665351
-0.638927
-0.610101
-0.581102
-0.553240
-0.527230
-0.503412
-0.466452
-0.381183
-0.287412
-0.195702
-0.110338
-0.034057
0.000000
0.000000
0.141771
0.249185
0.340589
0.426077
0.505570
0.577085
0.638517
0.683402
0.694323
0.684944
0.664108
0.637472
0.608584
0.579614
0.551832
0.525929
0.502228
0.460896
0.374846
0.281198
0.189939
0.105217
0.029723
0.000000
0.000000
-0.150288
-0.254865
-0.345694
-0.430946
-0.510150
-0.581252
-0.642148
-0.684803
-0.694362
-0.684185
-0.662916
-0.636077
-0.607131
-0.578189
-0.550484
-0.524683
-0.501096
-0.455572
-0.368773
-0.275240
-0.184413
-0.100307
-0.025565
0.000000
0.001952
0.158392
0.260528
0.350821
0.435804
0.514672
0.585314
0.645629
0.686072
0.694285
0.683325
0.661636
0.634606
0.605611
0.576705
0.549085
0.523393
0.499925
0.450299
0.362764
0.269343
0.178938
0.095436
0.021435
0.000000
-0.013979
-0.166067
-0.267221
-0.357067
-0.441558
-0.519783
-0.589633
-0.649032
-0.686917
-0.693600
-0.681775
-0.659648
-0.632447
-0.603444
-0.574626
-0.547145
-0.521618
-0.498322
-0.445135
-0.356909
-0.263536
-0.173466
-0.090479
-0.017131
0.000000
0.026245
0.173872
0.274012
0.363391
0.447369
0.524933
0.593971
0.652433
0.687735
0.692875
0.680180
0.657612
0.630241
0.601233
0.572506
0.545169
0.519811
0.496690
0.440191
0.351308
0.257969
0.168203
0.085691
0.012953
0.000000
-0.037962
-0.181290
-0.280439
-0.369355
-0.452831
-0.529751
-0.598006
-0.655569
-0.688436
-0.692123
-0.678613
-0.655635
-0.628109
-0.599102
-0.570466
-0.543270
-0.518074
-0.495122
-0.435430
-0.345910
-0.252599
-0.163122
-0.081064
-0.008912
0.000000
0.049217
0.188396
0.286586
0.375052
0.458040
0.534339
0.601839
0.658537
0.689081
0.691384
0.677097
0.653730
0.626059
0.597053
0.568506
0.541445
0.516407
0.493617
0.430870
0.340741
0.247455
0.158254
0.076632
0.005039
0.000000
-0.060007
-0.195211
-0.292482
-0.380516
-0.463038
-0.538742
-0.605519
-0.661388
-0.689704
-0.690680
-0.675647
-0.651907
-0.624095
-0.595091
-0.566629
-0.539698
-0.514810
-0.492176
-0.426442
-0.335721
-0.242465
-0.153538
-0.072342
-0.001298
0.000000
0.070502
0.201853
0.298234
0.385852
0.467922
0.543048
0.609121
0.664183
0.690316
0.689990
0.674227
0.650122
0.622172
0.593170
0.564791
0.537986
0.513245
0.490765
0.421607
0.330233
0.237035
0.148438
0.067739
0.000000
0.000000
-0.079924
-0.208058
-0.303753
-0.391069
-0.472781
-0.547416
-0.612866
-0.667193
-0.691090
-0.689426
-0.672906
-0.648414
-0.620312
-0.591300
-0.562995
-0.536310
-0.511711
-0.489378
-0.416610
-0.324502
-0.231313
-0.143013
-0.062795
0.000000
0.000000
0.088654
0.213882
0.308978
0.396036
0.477432
0.551623
0.616499
0.670143
0.691885
0.688928
0.671674
0.646806
0.618553
0.589528
0.561291
0.534719
0.510253
0.488061
0.411840
0.319020
0.225829
0.137804
0.058035
0.000000
0.000000
-0.097071
-0.219506
-0.314027
-0.400840
-0.481936
-0.555699
-0.620025
-0.673010
-0.692669
-0.688463
-0.670499
-0.645266
-0.616866
-0.587827
-0.559654
-0.533190
-0.508852
-0.486794
-0.407281
-0.313783
-0.220589
-0.132826
-0.053486
0.000000
0.000000
0.105130
0.224893
0.318865
0.405446
0.486253
0.559608
0.623406
0.675762
0.693424
0.688020
0.669374
0.643792
0.615251
0.586198
0.558087
0.531725
0.507510
0.485354
0.402791
0.308676
0.215501
0.128009
0.049100
0.000000
0.000000
-0.112914
-0.230088
-0.323527
-0.409879
-0.490406
-0.563366
-0.626654
-0.678402
-0.694143
-0.687586
-0.668286
-0.642368
-0.613691
-0.584626
-0.556575
-0.530313
-0.506215
-0.479456
-0.396037
-0.302014
-0.209280
-0.122438
-0.044337
0.000000
0.000000
0.121755
0.235865
0.328638
0.414691
0.494873
0.567365
0.630066
0.680171
0.694279
0.686762
0.666936
0.640769
0.612015
0.582976
0.555011
0.528865
0.504898
0.473347
0.389052
0.295139
0.202879
0.116725
0.039474
0.000000
0.000000
-0.131159
-0.242110
-0.334233
-0.420015
-0.499867
-0.571897
-0.633998
-0.681657
-0.694273
-0.685885
-0.665588
-0.639203
-0.610389
-0.581384
-0.553507
-0.527476
-0.503636
-0.467496
-0.382374
-0.288580
-0.196786
-0.111301
-0.034872
0.000000
0.000000
0.140166
0.248114
0.339626
0.425158
0.504705
0.576297
0.637831
0.683137
0.694315
0.685085
0.664332
0.637733
0.608857
0.579881
0.552085
0.526163
0.502441
0.461898
0.375989
0.282318
0.190978
0.106140
0.030504
0.000000
0.000000
-0.148753
-0.253841
-0.344774
-0.430069
-0.509325
-0.580501
-0.641494
-0.684551
-0.694355
-0.684322
-0.663131
-0.636329
-0.607393
-0.578446
-0.550727
-0.524908
-0.501300
-0.456532
-0.369868
-0.276314
-0.185409
-0.101192
-0.026315
0.000000
0.000000
0.156982
0.259330
0.349706
0.434773
0.513750
0.584528
0.645002
0.685904
0.694392
0.683589
0.661980
0.634982
0.605990
0.577069
0.549425
0.523705
0.500206
0.451393
0.364006
0.270564
0.180074
0.096452
0.022302
0.000000
-0.011504
-0.164499
-0.265862
-0.355805
-0.440400
-0.518760
-0.588775
-0.648364
-0.686764
-0.693754
-0.682103
-0.660062
-0.632894
-0.603891
-0.575054
-0.547545
-0.521984
-0.498651
-0.446137
-0.358045
-0.264667
-0.174536
-0.091453
-0.017982
0.000000
0.023836
0.172341
0.272681
0.362152
0.446231
0.523924
0.593122
0.651768
0.687576
0.693018
0.680494
0.658013
0.630675
0.601667
0.572922
0.545557
0.520166
0.497010
0.441161
0.352407
0.259061
0.169235
0.086630
0.013773
0.000000
-0.035672
-0.179842
-0.279187
-0.368194
-0.451769
-0.528815
-0.597224
-0.654962
-0.688303
-0.692273
-0.678921
-0.656023
-0.628527
-0.599519
-0.570865
-0.543641
-0.518414
-0.495429
-0.436362
-0.346967
-0.253651
-0.164117
-0.081971
-0.009704
0.000000
0.047013
0.187005
0.285383
0.373937
0.457021
0.533441
0.601089
0.657956
0.688955
0.691529
0.677394
0.654103
0.626460
0.597454
0.568890
0.541802
0.516733
0.493912
0.431762
0.341752
0.248461
0.159206
0.077499
0.005797
0.000000
-0.057897
-0.193878
-0.291328
-0.379447
-0.462060
-0.537881
-0.604799
-0.660830
-0.689582
-0.690817
-0.675931
-0.652264
-0.624479
-0.595475
-0.566996
-0.540040
-0.515122
-0.492458
-0.427357
-0.336758
-0.243493
-0.154505
-0.073218
-0.002057
0.000000
0.068318
0.200460
0.297023
0.384725
0.466887
0.542133
0.608354
0.663584
0.690184
0.690137
0.674530
0.650503
0.622582
0.593580
0.565183
0.538352
0.513579
0.491066
0.422641
0.331411
0.238205
0.149541
0.068740
0.000000
0.000000
-0.078131
-0.206858
-0.302675
-0.390041
-0.471817
-0.546543
-0.612111
-0.666577
-0.690921
-0.689524
-0.673156
-0.648742
-0.620671
-0.591663
-0.563344
-0.536637
-0.512010
-0.489649
-0.417607
-0.325647
-0.232458
-0.144099
-0.063785
0.000000
0.000000
0.086909
0.212718
0.307934
0.395044
0.476503
0.550783
0.615774
0.669554
0.691727
0.689029
0.671921
0.647128
0.618905
0.589883
0.561632
0.535038
0.510545
0.488324
0.412790
0.320112
0.226921
0.138842
0.058984
0.000000
0.000000
-0.095391
-0.218382
-0.313018
-0.399880
-0.481035
-0.554884
-0.619319
-0.672436
-0.692511
-0.688555
-0.670732
-0.645573
-0.617202
-0.588166
-0.559981
-0.533495
-0.509131
-0.487046
-0.408190
-0.314827
-0.221633
-0.133817
-0.054392
0.000000
0.000000
0.103525
0.223820
0.317901
0.404528
0.485393
0.558830
0.622733
0.675214
0.693274
0.688108
0.669599
0.644086
0.615573
0.586523
0.558400
0.532017
0.507777
0.485822
0.403784
0.309765
0.216569
0.129007
0.049996
0.000000
0.000000
-0.111309
-0.229023
-0.322574
-0.408975
-0.489561
-0.562603
-0.625996
-0.677870
-0.694001
-0.687678
-0.668511
-0.642661
-0.614011
-0.584948
-0.556885
-0.530602
-0.506480
-0.480673
-0.397430
-0.303386
-0.210560
-0.123582
-0.045314
0.000000
0.000000
0.119921
0.234662
0.327571
0.413684
0.493936
0.566524
0.629345
0.679922
0.694315
0.686963
0.667226
0.641098
0.612352
0.583304
0.555320
0.529149
0.505156
0.474528
0.390403
0.296470
0.204120
0.117834
0.040420
0.000000
0.000000
-0.129337
-0.240900
-0.333149
-0.418983
-0.498898
-0.571017
-0.633234
-0.681364
-0.694268
-0.686048
-0.665843
-0.639500
-0.610698
-0.581687
-0.553793
-0.527741
-0.503876
-0.468612
-0.383646
-0.289828
-0.197943
-0.112329
-0.035743
0.000000
0.000000
0.138449
0.246967
0.338595
0.424174
0.503779
0.575454
0.637096
0.682852
0.694305
0.685236
0.664570
0.638013
0.609148
0.580168
0.552356
0.526413
0.502669
0.462970
0.377212
0.283517
0.192090
0.107128
0.031340
0.000000
0.000000
-0.147111
-0.252747
-0.343790
-0.429130
-0.508442
-0.579698
-0.640795
-0.684281
-0.694348
-0.684468
-0.663361
-0.636598
-0.607673
-0.578721
-0.550987
-0.525148
-0.501519
-0.457559
-0.371039
-0.277463
-0.186475
-0.102139
-0.027117
0.000000
0.000000
0.155407
0.258279
0.348761
0.433872
0.512902
0.583757
0.644330
0.685645
0.694385
0.683729
0.662200
0.635240
0.606258
0.577333
0.549674
0.523935
0.500416
0.452376
0.365127
0.271664
0.181095
0.097359
0.023069
0.000000
-0.009256
-0.163062
-0.264607
-0.354632
-0.439319
-0.517798
-0.587961
-0.647720
-0.686601
-0.693879
-0.682390
-0.660432
-0.633297
-0.604296
-0.575443
-0.547907
-0.522315
-0.498951
-0.447031
-0.359058
-0.265676
-0.175492
-0.092325
-0.018746
0.000000
0.021655
0.170947
0.271465
0.361017
0.445186
0.522996
0.592338
0.651151
0.687422
0.693141
0.680774
0.658372
0.631065
0.602059
0.573299
0.545908
0.520487
0.497300
0.442037
0.353399
0.260047
0.170167
0.087477
0.014511
0.000000
-0.033608
-0.178538
-0.278059
-0.367149
-0.450813
-0.527973
-0.596520
-0.654418
-0.688185
-0.692410
-0.679201
-0.656374
-0.628905
-0.599896
-0.571226
-0.543977
-0.518721
-0.495706
-0.437205
-0.347923
-0.254602
-0.165017
-0.082791
-0.010420
0.000000
0.045021
0.185748
0.284296
0.372929
0.456100
0.532630
0.600412
0.657432
0.688841
0.691660
0.677662
0.654440
0.626823
0.597816
0.569236
0.542125
0.517028
0.494178
0.432568
0.342665
0.249370
0.160066
0.078282
0.006481
0.000000
-0.055989
-0.192673
-0.290286
-0.378481
-0.461176
-0.537102
-0.604148
-0.660326
-0.689471
-0.690941
-0.676187
-0.652586
-0.624826
-0.595822
-0.567328
-0.540348
-0.515404
-0.492713
-0.428129
-0.337633
-0.244363
-0.155329
-0.073968
-0.002712
0.000000
0.066492
0.199307
0.296025
0.383800
0.466042
0.541389
0.607731
0.663102
0.690078
0.690256
0.674776
0.650811
0.622915
0.593912
0.565501
0.538648
0.513850
0.491310
0.423476
0.332358
0.239141
0.150419
0.069531
0.000000
0.000000
-0.076694
-0.205894
-0.301807
-0.389214
-0.471041
-0.545839
-0.611500
-0.666079
-0.690782
-0.689602
-0.673356
-0.649006
-0.620961
-0.591955
-0.563625
-0.536899
-0.512250
-0.489866
-0.418418
-0.326579
-0.233389
-0.144983
-0.064591
0.000000
0.000000
0.085493
0.211775
0.307088
0.394240
0.475751
0.550103
0.615188
0.669079
0.691601
0.689112
0.672123
0.647391
0.619192
0.590172
0.561910
0.535297
0.510782
0.488539
0.413561
0.320998
0.227809
0.139685
0.059755
0.000000
0.000000
-0.094025
-0.217469
-0.312197
-0.399099
-0.480302
-0.554220
-0.618745
-0.671968
-0.692382
-0.688629
-0.670922
-0.645822
-0.617475
-0.588441
-0.560246
-0.533742
-0.509358
-0.487251
-0.408928
-0.315674
-0.222480
-0.134622
-0.055127
0.000000
0.000000
0.102221
0.222948
0.317119
0.403783
0.484694
0.558197
0.622186
0.674769
0.693152
0.688180
0.669781
0.644325
0.615834
0.586787
0.558653
0.532254
0.507994
0.486019
0.404491
0.310577
0.217382
0.129779
0.050702
0.000000
0.000000
-0.110060
-0.228188
-0.321824
-0.408261
-0.488892
-0.561998
-0.625473
-0.677444
-0.693885
-0.687747
-0.668686
-0.642890
-0.614262
-0.585201
-0.557128
-0.530829
-0.506688
-0.481619
-0.398514
-0.304456
-0.211559
-0.124478
-0.046080
0.000000
0.000000
0.118504
0.233737
0.326753
0.412915
0.493222
0.565886
0.628801
0.679739
0.694351
0.687126
0.667455
0.641356
0.612617
0.583561
0.555561
0.529371
0.505357
0.475444
0.391452
0.297504
0.205085
0.118697
0.041157
0.000000
0.000000
-0.127922
-0.239962
-0.332308
-0.418182
-0.498147
-0.570335
-0.632641
-0.681137
-0.694264
-0.686174
-0.666040
-0.639731
-0.610937
-0.581922
-0.554015
-0.527946
-0.504063
-0.469476
-0.384630
-0.290794
-0.198839
-0.113125
-0.036417
0.000000
0.000000
0.137120
0.246080
0.337796
0.423411
0.503061
0.574800
0.636526
0.682631
0.694297
0.685353
0.664755
0.638230
0.609374
0.580389
0.552566
0.526607
0.502845
0.463801
0.378159
0.284446
0.192951
0.107894
0.031987
0.000000
0.000000
-0.145839
-0.251899
-0.343028
-0.428404
-0.507759
-0.579077
-0.640253
-0.684073
-0.694343
-0.684582
-0.663540
-0.636806
-0.607890
-0.578934
-0.551188
-0.525334
-0.501688
-0.458355
-0.371947
-0.278354
-0.187301
-0.102873
-0.027738
0.000000
0.000000
0.154186
0.257465
0.348030
0.433174
0.512246
0.583159
0.643809
0.685444
0.694379
0.683838
0.662371
0.635440
0.606466
0.577537
0.549867
0.524114
0.500578
0.453138
0.365996
0.272516
0.181886
0.098062
0.023664
0.000000
-0.007516
-0.161949
-0.263635
-0.353724
-0.438481
-0.517053
-0.587330
-0.647222
-0.686475
-0.693975
-0.682613
-0.660719
-0.633609
-0.604609
-0.575744
-0.548188
-0.522572
-0.499183
-0.447724
-0.359843
-0.266458
-0.176233
-0.093001
-0.019337
0.000000
0.019965
0.169868
0.270523
0.360139
0.444377
0.522278
0.591731
0.650672
0.687303
0.693237
0.680991
0.658650
0.631368
0.602363
0.573590
0.546180
0.520736
0.497525
0.442716
0.354167
0.260810
0.170888
0.088133
0.015083
0.000000
-0.032010
-0.177529
-0.277185
-0.366339
-0.450072
-0.527321
-0.595975
-0.653996
-0.688094
-0.692516
-0.679417
-0.656646
-0.629197
-0.600188
-0.571505
-0.544237
-0.518958
-0.495920
-0.437857
-0.348663
-0.255338
-0.165714
-0.083426
-0.010975
0.000000
0.043478
0.184774
0.283453
0.372149
0.455386
0.532002
0.599887
0.657026
0.688753
0.691762
0.677870
0.654702
0.627104
0.598097
0.569505
0.542375
0.517256
0.494384
0.433192
0.343373
0.250074
0.160732
0.078888
0.007011
0.000000
-0.054512
-0.191740
-0.289478
-0.377732
-0.460491
-0.536499
-0.603644
-0.659935
-0.689386
-0.691038
-0.676385
-0.652835
-0.625095
-0.596090
-0.567585
-0.540588
-0.515623
-0.492910
-0.428727
-0.338311
-0.245038
-0.155967
-0.074549
-0.003220
0.000000
0.065078
0.198414
0.295252
0.383084
0.465387
0.540811
0.607249
0.662728
0.689997
0.690349
0.674966
0.651050
0.623172
0.594169
0.565747
0.538877
0.514059
0.491499
0.424123
0.333091
0.239866
0.151100
0.070145
0.000000
0.000000
-0.075581
-0.205148
-0.301135
-0.388574
-0.470439
-0.545293
-0.611027
-0.665693
-0.690675
-0.689662
-0.673511
-0.649210
-0.621185
-0.592181
-0.563843
-0.537103
-0.512437
-0.490035
-0.419046
-0.327301
-0.234111
-0.145667
-0.065215
0.000000
0.000000
0.084397
0.211044
0.306433
0.393617
0.475168
0.549576
0.614733
0.668710
0.691503
0.689176
0.672279
0.647594
0.619414
0.590395
0.562124
0.535497
0.510966
0.488705
0.414158
0.321684
0.228496
0.140339
0.060352
0.000000
0.000000
-0.092967
-0.216762
-0.311562
-0.398494
-0.479735
-0.553706
-0.618300
-0.671606
-0.692282
-0.688686
-0.671069
-0.646014
-0.617686
-0.588655
-0.560451
-0.533934
-0.509534
-0.487410
-0.409499
-0.316330
-0.223137
-0.135246
-0.055697
0.000000
0.000000
0.101212
0.222273
0.316512
0.403206
0.484153
0.557707
0.621762
0.674424
0.693058
0.688236
0.669922
0.644510
0.616037
0.586991
0.558850
0.532438
0.508163
0.486171
0.405040
0.311207
0.218012
0.130378
0.051249
0.000000
0.000000
-0.109092
-0.227541
-0.321243
-0.407708
-0.488374
-0.561529
-0.625067
-0.677114
-0.693795
-0.687801
-0.668821
-0.643067
-0.614456
-0.585397
-0.557316
-0.531005
-0.506850
-0.482352
-0.399354
-0.305284
-0.212333
-0.125171
-0.046673
0.000000
0.000000
0.117407
0.233021
0.326120
0.412319
0.492669
0.565391
0.628379
0.679597
0.694379
0.687251
0.667633
0.641556
0.612821
0.583760
0.555747
0.529543
0.505512
0.476154
0.392264
0.298305
0.205832
0.119365
0.041727
0.000000
0.000000
-0.126826
-0.239234
-0.331656
-0.417562
-0.497565
-0.569806
-0.632182
-0.680961
-0.694260
-0.686272
-0.666193
-0.639909
-0.611123
-0.582104
-0.554187
-0.528105
-0.504207
-0.470145
-0.385393
-0.291542
-0.199533
-0.113742
-0.036939
0.000000
0.000000
0.136090
0.245392
0.337178
0.422821
0.502505
0.574294
0.636084
0.682459
0.694291
0.685444
0.664898
0.638397
0.609549
0.580561
0.552728
0.526757
0.502982
0.464444
0.378893
0.285166
0.193619
0.108486
0.032489
0.000000
0.000000
-0.144854
-0.251242
-0.342438
-0.427841
-0.507229
-0.578595
-0.639834
-0.683911
-0.694339
-0.684670
-0.663678
-0.636968
-0.608059
-0.579099
-0.551344
-0.525478
-0.501819
-0.458971
-0.372650
-0.279043
-0.187941
-0.103442
-0.028220
0.000000
0.000000
0.153240
0.256834
0.347463
0.432633
0.511737
0.582696
0.643406
0.685288
0.694375
0.683922
0.662503
0.635594
0.606628
0.577695
0.550017
0.524252
0.500704
0.453728
0.366669
0.273177
0.182498
0.098606
0.024125
0.000000
-0.006167
-0.161087
-0.262881
-0.353020
-0.437832
-0.516476
-0.586841
-0.646836
-0.686377
-0.694050
-0.682785
-0.660941
-0.633851
-0.604852
-0.575977
-0.548405
-0.522771
-0.499363
-0.448260
-0.360452
-0.267064
-0.176807
-0.093524
-0.019795
0.000000
0.018656
0.169032
0.269794
0.359458
0.443750
0.521721
0.591260
0.650301
0.687210
0.693311
0.681159
0.658866
0.631602
0.602598
0.573816
0.546391
0.520928
0.497699
0.443242
0.354762
0.261402
0.171447
0.088641
0.015526
0.000000
-0.030772
-0.176746
-0.276509
-0.365712
-0.449499
-0.526816
-0.595553
-0.653669
-0.688024
-0.692598
-0.679585
-0.656856
-0.629424
-0.600414
-0.571722
-0.544439
-0.519143
-0.496086
-0.438363
-0.349236
-0.255909
-0.166255
-0.083918
-0.011405
0.000000
0.042282
0.184019
0.282801
0.371545
0.454834
0.531516
0.599481
0.656712
0.688685
0.691840
0.678031
0.654904
0.627322
0.598315
0.569713
0.542569
0.517433
0.494544
0.433675
0.343921
0.250619
0.161248
0.079358
0.007421
0.000000
-0.053368
-0.191017
-0.288853
-0.377152
-0.459961
-0.536031
-0.603253
-0.659632
-0.689319
-0.691112
-0.676539
-0.653029
-0.625303
-0.596298
-0.567784
-0.540773
-0.515792
-0.493063
-0.429190
-0.338836
-0.245560
-0.156461
-0.074999
-0.003613
0.000000
0.063982
0.197722
0.294654
0.382529
0.464879
0.540364
0.606875
0.662439
0.689934
0.690420
0.675113
0.651235
0.623372
0.594369
0.565938
0.539054
0.514221
0.491645
0.424624
0.333660
0.240428
0.151627
0.070620
0.000000
0.000000
-0.074719
-0.204569
-0.300614
-0.388077
-0.469973
-0.544871
-0.610661
-0.665394
-0.690591
-0.689708
-0.673631
-0.649368
-0.621358
-0.592356
-0.564011
-0.537260
-0.512581
-0.490165
-0.419533
-0.327861
-0.234669
-0.146197
-0.065698
0.000000
0.000000
0.083547
0.210477
0.305925
0.393135
0.474717
0.549169
0.614381
0.668425
0.691427
0.689226
0.672400
0.647751
0.619586
0.590568
0.562291
0.535653
0.511108
0.488833
0.414620
0.322216
0.229028
0.140845
0.060815
0.000000
0.000000
-0.092147
-0.216214
-0.311069
-0.398025
-0.479296
-0.553308
-0.617955
-0.671325
-0.692204
-0.688730
-0.671182
-0.646164
-0.617850
-0.588820
-0.560610
-0.534083
-0.509670
-0.487533
-0.409941
-0.316838
-0.223645
-0.135729
-0.056138
0.000000
0.000000
0.100429
0.221750
0.316043
0.402759
0.483734
0.557328
0.621434
0.674157
0.692984
0.688279
0.670031
0.644653
0.616194
0.587149
0.559002
0.532580
0.508293
0.486289
0.405464
0.311695
0.218500
0.130842
0.051673
0.000000
0.000000
-0.108342
-0.227040
-0.320793
-0.407280
-0.487973
-0.561166
-0.624753
-0.676858
-0.693725
-0.687842
-0.668926
-0.643205
-0.614606
-0.585549
-0.557462
-0.531141
-0.506975
-0.482920
-0.400004
-0.305926
-0.212933
-0.125708
-0.047132
0.000000
0.000000
0.116556
0.232466
0.325629
0.411857
0.492241
0.565008
0.628053
0.679487
0.694400
0.687348
0.667770
0.641711
0.612980
0.583914
0.555892
0.529676
0.505633
0.476704
0.392893
0.298925
0.206411
0.119883
0.042170
0.000000
0.000000
-0.125977
-0.238671
-0.331151
-0.417082
-0.497114
-0.569397
-0.631826
-0.680825
-0.694258
-0.686348
-0.666311
-0.640047
-0.611267
-0.582245
-0.554321
-0.528228
-0.504319
-0.470663
-0.385984
-0.292121
-0.200070
-0.114220
-0.037343
0.000000
0.000000
0.135292
0.244859
0.336698
0.422363
0.502074
0.573902
0.635742
0.682326
0.694286
0.685514
0.665009
0.638527
0.609685
0.580694
0.552854
0.526874
0.503088
0.464943
0.379462
0.285724
0.194136
0.108945
0.032877
0.000000
0.000000
-0.144091
-0.250733
-0.341981
-0.427405
-0.506819
-0.578222
-0.639509
-0.683786
-0.694336
-0.684738
-0.663785
-0.637093
-0.608189
-0.579226
-0.551465
-0.525590
-0.501921
-0.459448
-0.373195
-0.279578
-0.188436
-0.103883
-0.028593
0.000000
0.000000
0.152508
0.256345
0.347024
0.432215
0.511343
0.582338
0.643094
0.685168
0.694372
0.683987
0.662605
0.635714
0.606752
0.577817
0.550132
0.524359
0.500801
0.454185
0.367191
0.273688
0.182973
0.099027
0.024482
0.000000
-0.005122
-0.160419
-0.262298
-0.352475
-0.437329
-0.516029
-0.586463
-0.646537
-0.686301
-0.694108
-0.682919
-0.661113
-0.634038
-0.605040
-0.576157
-0.548573
-0.522925
-0.499502
-0.448686
-0.360935
-0.267545
-0.177262
-0.093938
-0.020156
0.000000
0.017625
0.168373
0.269220
0.358923
0.443257
0.521284
0.590891
0.650011
0.687138
0.693370
0.681292
0.659036
0.631787
0.602784
0.573994
0.546557
0.521080
0.497836
0.443656
0.355232
0.261868
0.171888
0.089042
0.015876
0.000000
-0.029793
-0.176127
-0.275973
-0.365215
-0.449044
-0.526416
-0.595218
-0.653409
-0.687967
-0.692662
-0.679717
-0.657022
-0.629603
-0.600593
-0.571893
-0.544598
-0.519288
-0.496217
-0.438762
-0.349689
-0.256359
-0.166681
-0.084306
-0.011745
0.000000
0.041339
0.183423
0.282286
0.371067
0.454397
0.531132
0.599160
0.656463
0.688631
0.691902
0.678158
0.655064
0.627494
0.598486
0.569877
0.542722
0.517573
0.494670
0.434057
0.344354
0.251050
0.161656
0.079729
0.007746
0.000000
-0.052464
-0.190446
-0.288359
-0.376695
-0.459542
-0.535662
-0.602945
-0.659393
-0.689267
-0.691171
-0.676660
-0.653181
-0.625467
-0.596462
-0.567941
-0.540919
-0.515926
-0.493184
-0.429556
-0.339251
-0.245973
-0.156852
-0.075354
-0.003923
0.000000
0.063117
0.197176
0.294181
0.382091
0.464479
0.540011
0.606580
0.662210
0.689884
0.690477
0.675229
0.651382
0.623529
0.594526
0.566088
0.539194
0.514349
0.491761
0.425020
0.334108
0.240872
0.152043
0.070995
0.000135
0.000000
-0.073925
-0.204048
-0.300152
-0.387641
-0.469568
-0.544507
-0.610349
-0.665145
-0.690528
-0.689757
-0.673743
-0.649511
-0.621514
-0.592513
-0.564162
-0.537401
-0.512710
-0.490281
-0.419949
-0.328338
-0.235146
-0.146649
-0.066110
0.000000
0.000000
0.082820
0.209992
0.305490
0.392721
0.474329
0.548818
0.614079
0.668179
0.691360
0.689267
0.672502
0.647885
0.619732
0.590716
0.562433
0.535785
0.511229
0.488943
0.415018
0.322673
0.229485
0.141279
0.061212
0.000000
0.000000
-0.091445
-0.215745
-0.310648
-0.397625
-0.478920
-0.552969
-0.617662
-0.671087
-0.692139
-0.688769
-0.671280
-0.646292
-0.617991
-0.588962
-0.560746
-0.534210
-0.509787
-0.487639
-0.410322
-0.317275
-0.224082
-0.136144
-0.056517
0.000000
0.000000
0.099757
0.221301
0.315639
0.402375
0.483374
0.557002
0.621152
0.673927
0.692921
0.688316
0.670125
0.644776
0.616328
0.587285
0.559133
0.532702
0.508405
0.486390
0.405828
0.312113
0.218919
0.131239
0.052036
0.000000
0.000000
-0.107699
-0.226610
-0.320407
-0.406913
-0.487628
-0.560854
-0.624483
-0.676639
-0.693665
-0.687878
-0.669016
-0.643322
-0.614736
-0.585679
-0.557587
-0.531258
-0.507082
-0.483408
-0.400562
-0.306477
-0.213447
-0.126169
-0.047527
0.000000
0.000000
0.115827
0.231989
0.325208
0.411461
0.491873
0.564679
0.627773
0.679293
0.694362
0.687403
0.667876
0.641843
0.613121
0.584054
0.556027
0.529801
0.505747
0.477240
0.393506
0.299528
0.206971
0.120382
0.042593
0.000000
0.000000
-0.125154
-0.238124
-0.330661
-0.416616
-0.496677
-0.569000
-0.631482
-0.680696
-0.694261
-0.686428
-0.666432
-0.640187
-0.611412
-0.582387
-0.554454
-0.528352
-0.504431
-0.471184
-0.386578
-0.292705
-0.200614
-0.114704
-0.037755
0.000000
0.000000
0.134492
0.244326
0.336220
0.421908
0.501646
0.573512
0.635403
0.682196
0.694283
0.685585
0.665121
0.638658
0.609821
0.580828
0.552980
0.526990
0.503194
0.465439
0.380027
0.286278
0.194650
0.109403
0.033264
0.000000
0.000000
-0.143330
-0.250225
-0.341524
-0.426969
-0.506409
-0.577849
-0.639184
-0.683660
-0.694332
-0.684806
-0.663891
-0.637217
-0.608319
-0.579354
-0.551585
-0.525701
-0.502022
-0.459924
-0.373737
-0.280109
-0.188929
-0.104321
-0.028964
0.000000
0.000000
0.151779
0.255859
0.346587
0.431798
0.510951
0.581981
0.642783
0.685048
0.694368
0.684052
0.662707
0.635833
0.606877
0.577939
0.550248
0.524465
0.500898
0.454641
0.367710
0.274198
0.183445
0.099447
0.024837
0.000000
-0.004082
-0.159753
-0.261717
-0.351932
-0.436829
-0.515583
-0.586085
-0.646239
-0.686226
-0.694166
-0.683052
-0.661285
-0.634224
-0.605228
-0.576337
-0.548741
-0.523079
-0.499641
-0.449216
-0.361535
-0.268135
-0.177812
-0.094430
-0.020576
0.000000
0.016428
0.167616
0.268564
0.358314
0.442700
0.520791
0.590478
0.649690
0.687066
0.693445
0.681450
0.659237
0.632003
0.603000
0.574201
0.546750
0.521257
0.497995
0.444142
0.355782
0.262416
0.172406
0.089514
0.016288
0.000000
-0.028628
-0.175387
-0.275329
-0.364616
-0.448495
-0.525929
-0.594809
-0.653089
-0.687891
-0.692732
-0.679869
-0.657216
-0.629812
-0.600803
-0.572094
-0.544785
-0.519460
-0.496372
-0.439231
-0.350220
-0.256888
-0.167180
-0.084760
-0.012141
0.000000
0.040230
0.182723
0.281680
0.370505
0.453883
0.530679
0.598781
0.656170
0.688567
0.691975
0.678307
0.655251
0.627696
0.598688
0.570071
0.542901
0.517738
0.494818
0.434508
0.344865
0.251558
0.162137
0.080168
0.008129
0.000000
-0.051398
-0.189773
-0.287777
-0.376155
-0.459049
-0.535228
-0.602582
-0.659112
-0.689206
-0.691241
-0.676803
-0.653362
-0.625661
-0.596656
-0.568127
-0.541092
-0.516084
-0.493326
-0.429987
-0.339740
-0.246459
-0.157312
-0.075774
-0.004290
0.000000
0.062096
0.196531
0.293623
0.381574
0.464006
0.539595
0.606232
0.661940
0.689825
0.690543
0.675366
0.651554
0.623715
0.594711
0.566266
0.539360
0.514500
0.491897
0.425487
0.334638
0.241395
0.152533
0.071437
0.000517
0.000000
-0.072801
-0.203327
-0.299522
-0.387054
-0.469027
-0.544028
-0.609946
-0.664829
-0.690459
-0.689833
-0.673902
-0.649712
-0.621730
-0.592728
-0.564368
-0.537593
-0.512886
-0.490440
-0.420493
-0.328960
-0.235766
-0.147236
-0.066645
0.000000
0.000000
0.081869
0.209357
0.304920
0.392178
0.473821
0.548358
0.613681
0.667855
0.691272
0.689319
0.672635
0.648059
0.619922
0.590907
0.562617
0.535958
0.511387
0.489086
0.415541
0.323274
0.230085
0.141848
0.061732
0.000000
0.000000
-0.090529
-0.215133
-0.310100
-0.397103
-0.478432
-0.552527
-0.617280
-0.670777
-0.692056
-0.688821
-0.671410
-0.646461
-0.618175
-0.589148
-0.560925
-0.534377
-0.509940
-0.487777
-0.410820
-0.317848
-0.224656
-0.136689
-0.057016
0.000000
0.000000
0.098876
0.220712
0.315110
0.401871
0.482902
0.556574
0.620782
0.673626
0.692839
0.688364
0.670247
0.644937
0.616505
0.587463
0.559304
0.532862
0.508551
0.486522
0.406305
0.312661
0.219467
0.131760
0.052512
0.000000
0.000000
-0.106856
-0.226046
-0.319901
-0.406431
-0.487177
-0.560445
-0.624130
-0.676351
-0.693586
-0.687925
-0.669134
-0.643477
-0.614905
-0.585849
-0.557751
-0.531412
-0.507222
-0.484046
-0.401294
-0.307199
-0.214122
-0.126773
-0.048043
0.000000
0.000000
0.114870
0.231365
0.324656
0.410941
0.491392
0.564248
0.627405
0.679001
0.694290
0.687463
0.668011
0.642016
0.613308
0.584242
0.556207
0.529969
0.505901
0.477968
0.394337
0.300344
0.207729
0.121057
0.043166
0.000000
0.000000
-0.124038
-0.237382
-0.329997
-0.415984
-0.496085
-0.568464
-0.631017
-0.680524
-0.694267
-0.686537
-0.666598
-0.640378
-0.611610
-0.582580
-0.554637
-0.528520
-0.504585
-0.471894
-0.387390
-0.293504
-0.201357
-0.115367
-0.038319
0.000000
0.000000
0.133398
0.243599
0.335568
0.421286
0.501062
0.572982
0.634942
0.682019
0.694280
0.685684
0.665275
0.638837
0.610007
0.581010
0.553153
0.527150
0.503339
0.466114
0.380797
0.287034
0.195351
0.110026
0.033792
0.000000
0.000000
-0.142291
-0.249532
-0.340901
-0.426375
-0.505850
-0.577340
-0.638740
-0.683489
-0.694326
-0.684898
-0.664036
-0.637387
-0.608495
-0.579527
-0.551749
-0.525853
-0.502159
-0.460572
-0.374476
-0.280834
-0.189602
-0.104918
-0.029469
0.000000
0.000000
0.150786
0.255197
0.345992
0.431230
0.510417
0.581496
0.642360
0.684885
0.694364
0.684140
0.662846
0.635996
0.607046
0.578105
0.550405
0.524611
0.501030
0.455261
0.368418
0.274892
0.184090
0.100020
0.025322
0.000000
-0.002663
-0.158846
-0.260924
-0.351192
-0.436146
-0.514976
-0.585571
-0.645833
-0.686123
-0.694245
-0.683234
-0.661518
-0.634479
-0.605483
-0.576582
-0.548970
-0.523288
-0.499830
-0.449938
-0.362354
-0.268940
-0.178562
-0.095100
-0.021148
0.000000
0.014797
0.166584
0.267670
0.357483
0.441939
0.520119
0.589915
0.649252
0.686966
0.693548
0.681667
0.659510
0.632299
0.603296
0.574484
0.547013
0.521498
0.498213
0.444804
0.356533
0.263162
0.173112
0.090157
0.016850
0.000000
-0.027040
-0.174378
-0.274452
-0.363800
-0.447745
-0.525265
-0.594250
-0.652652
-0.687787
-0.692827
-0.680076
-0.657480
-0.630098
-0.601090
-0.572369
-0.545041
-0.519694
-0.496584
-0.439871
-0.350945
-0.257608
-0.167862
-0.085380
-0.012682
0.000000
0.038719
0.181768
0.280853
0.369739
0.453182
0.530061
0.598265
0.655769
0.688479
0.692074
0.678511
0.655507
0.627971
0.598964
0.570334
0.543147
0.517962
0.495021
0.435122
0.345561
0.252252
0.162793
0.080765
0.008651
0.000000
-0.049945
-0.188856
-0.286984
-0.375420
-0.458377
-0.534636
-0.602087
-0.658729
-0.689122
-0.691336
-0.676999
-0.653607
-0.625926
-0.596921
-0.568379
-0.541327
-0.516299
-0.493520
-0.430575
-0.340406
-0.247123
-0.157940
-0.076345
-0.004789
0.000000
0.060704
0.195652
0.292863
0.380869
0.463361
0.539027
0.605757
0.661572
0.689744
0.690634
0.675553
0.651789
0.623968
0.594965
0.566508
0.539585
0.514706
0.492083
0.426123
0.335359
0.242108
0.153203
0.072040
0.001037
0.000000
-0.071269
-0.202345
-0.298664
-0.386253
-0.468291
-0.543375
-0.609397
-0.664398
-0.690363
-0.689938
-0.674119
-0.649985
-0.622024
-0.593023
-0.564650
-0.537855
-0.513125
-0.490656
-0.421236
-0.329808
-0.236612
-0.148037
-0.067374
0.000000
0.000000
0.080573
0.208492
0.304143
0.391439
0.473128
0.547730
0.613138
0.667414
0.691151
0.689391
0.672816
0.648295
0.620182
0.591169
0.562869
0.536193
0.511603
0.489281
0.416253
0.324092
0.230903
0.142625
0.062440
0.000000
0.000000
-0.089280
-0.214300
-0.309352
-0.396392
-0.477766
-0.551925
-0.616760
-0.670354
-0.691942
-0.688893
-0.671586
-0.646691
-0.618427
-0.589401
-0.561169
-0.534605
-0.510148
-0.487966
-0.411500
-0.318629
-0.225437
-0.137432
-0.057695
0.000000
0.000000
0.097674
0.219908
0.314388
0.401184
0.482258
0.555991
0.620277
0.673216
0.692726
0.688430
0.670415
0.645156
0.616745
0.587705
0.559537
0.533080
0.508751
0.486703
0.406956
0.313409
0.220214
0.132470
0.053161
0.000000
0.000000
-0.105706
-0.225278
-0.319211
-0.405774
-0.486561
-0.559888
-0.623648
-0.675959
-0.693478
-0.687988
-0.669294
-0.643687
-0.615135
-0.586082
-0.557975
-0.531620
-0.507414
-0.484917
-0.402291
-0.308183
-0.215041
-0.127596
-0.048747
0.000000
0.000000
0.113567
0.230515
0.323904
0.410234
0.490735
0.563661
0.626905
0.678602
0.694192
0.687545
0.668194
0.642251
0.613564
0.584498
0.556452
0.530198
0.506110
0.478959
0.395470
0.301456
0.208762
0.121977
0.043946
0.000000
0.000000
-0.122517
-0.236371
-0.329092
-0.415123
-0.495277
-0.567732
-0.630383
-0.680289
-0.694275
-0.686687
-0.666823
-0.640639
-0.611880
-0.582844
-0.554886
-0.528750
-0.504793
-0.472862
-0.388498
-0.294593
-0.202371
-0.116272
-0.039088
0.000000
0.000000
0.131906
0.242607
0.334678
0.420439
0.500266
0.572259
0.634313
0.681778
0.694275
0.685818
0.665484
0.639081
0.610261
0.581259
0.553389
0.527367
0.503537
0.467035
0.381847
0.288064
0.196307
0.110875
0.034512
0.000000
0.000000
-0.140875
-0.248587
-0.340052
-0.425564
-0.505087
-0.576645
-0.638135
-0.683254
-0.694319
-0.685023
-0.664233
-0.637618
-0.608736
-0.579763
-0.551973
-0.526059
-0.502347
-0.461455
-0.375484
-0.281823
-0.190519
-0.105733
-0.030158
0.000000
0.000000
0.149431
0.254294
0.345180
0.430456
0.509689
0.580833
0.641783
0.684662
0.694358
0.684261
0.663036
0.636218
0.607277
0.578332
0.550619
0.524809
0.501210
0.456108
0.369384
0.275839
0.184968
0.100801
0.025983
0.000000
-0.000729
-0.157610
-0.259844
-0.350183
-0.435216
-0.514149
-0.584871
-0.645279
-0.685983
-0.694353
-0.683481
-0.661837
-0.634825
-0.605831
-0.576916
-0.549282
-0.523574
-0.500088
-0.450922
-0.363470
-0.270038
-0.179585
-0.096015
-0.021929
0.000000
0.012572
0.165177
0.266450
0.356351
0.440902
0.519204
0.589148
0.648655
0.686831
0.693688
0.681962
0.659884
0.632701
0.603698
0.574869
0.547372
0.521826
0.498509
0.445706
0.357556
0.264180
0.174075
0.091033
0.017615
0.000000
-0.024875
-0.173002
-0.273256
-0.362687
-0.446723
-0.524360
-0.593489
-0.652056
-0.687646
-0.692957
-0.680359
-0.657840
-0.630488
-0.601480
-0.572743
-0.545390
-0.520013
-0.496872
-0.440743
-0.351933
-0.258590
-0.168790
-0.086225
-0.013419
0.000000
0.036659
0.180466
0.279727
0.368695
0.452227
0.529219
0.597561
0.655224
0.688360
0.692208
0.678788
0.655856
0.628347
0.599339
0.570693
0.543481
0.518267
0.495296
0.435960
0.346511
0.253197
0.163688
0.081580
0.009362
0.000000
-0.047964
-0.187605
-0.285902
-0.374417
-0.457460
-0.533829
-0.601413
-0.658207
-0.689009
-0.691466
-0.677266
-0.653942
-0.626287
-0.597281
-0.568724
-0.541648
-0.516592
-0.493785
-0.431377
-0.341316
-0.248027
-0.158796
-0.077125
-0.005470
0.000000
0.058807
0.194453
0.291826
0.379908
0.462482
0.538252
0.605109
0.661071
0.689634
0.690758
0.675808
0.652110
0.624313
0.595309
0.566838
0.539892
0.514987
0.492337
0.426988
0.336340
0.243077
0.154112
0.072860
0.001745
0.000000
-0.069189
-0.201011
-0.297499
-0.385166
-0.467291
-0.542489
-0.608651
-0.663815
-0.690234
-0.690080
-0.674413
-0.650355
-0.622424
-0.593422
-0.565032
-0.538211
-0.513450
-0.490950
-0.422242
-0.330958
-0.237758
-0.149122
-0.068362
0.000000
0.000000
0.078817
0.207318
0.303089
0.390436
0.472188
0.546880
0.612402
0.666815
0.690987
0.689487
0.673060
0.648616
0.620533
0.591524
0.563210
0.536512
0.511895
0.489545
0.417220
0.325202
0.232013
0.143678
0.063401
0.000000
0.000000
-0.087585
-0.213169
-0.308338
-0.395427
-0.476863
-0.551108
-0.616054
-0.669781
-0.691787
-0.688989
-0.671825
-0.647003
-0.618769
-0.589745
-0.561500
-0.534914
-0.510431
-0.488222
-0.412422
-0.319689
-0.226498
-0.138440
-0.058616
0.000000
0.000000
0.096043
0.218818
0.313409
0.400253
0.481385
0.555200
0.619593
0.672659
0.692573
0.688519
0.670642
0.645454
0.617072
0.588035
0.559854
0.533376
0.509023
0.486948
0.407838
0.314422
0.221228
0.133433
0.054041
0.000000
0.000000
-0.104147
-0.224236
-0.318275
-0.404884
-0.485726
-0.559131
-0.622994
-0.675427
-0.693332
-0.688074
-0.669512
-0.643972
-0.615448
-0.586397
-0.558278
-0.531904
-0.507673
-0.485729
-0.403446
-0.309376
-0.216181
-0.128638
-0.049659
0.000000
0.000000
0.111906
0.229421
0.322932
0.409315
0.489880
0.562892
0.626246
0.678073
0.694057
0.687645
0.668428
0.642552
0.613892
0.584828
0.556769
0.530493
0.506381
0.480221
0.396913
0.302876
0.210083
0.123155
0.044949
0.000000
0.000000
-0.120598
-0.235104
-0.327961
-0.414052
-0.494276
-0.566829
-0.629605
-0.680009
-0.694298
-0.686886
-0.667117
-0.640975
-0.612226
-0.583182
-0.555204
-0.529043
-0.505060
-0.474091
-0.389903
-0.295977
-0.203660
-0.117422
-0.040068
0.000000
0.000000
0.130013
0.241349
0.333550
0.419365
0.499257
0.571342
0.633517
0.681473
0.694270
0.685987
0.665749
0.639390
0.610583
0.581575
0.553687
0.527643
0.503787
0.468200
0.383176
0.289367
0.197516
0.111949
0.035421
0.000000
0.000000
-0.139084
-0.247391
-0.338976
-0.424538
-0.504121
-0.575766
-0.637368
-0.682957
-0.694309
-0.685181
-0.664482
-0.637910
-0.609041
-0.580062
-0.552256
-0.526321
-0.502585
-0.462574
-0.376759
-0.283074
-0.191679
-0.106763
-0.031031
0.000000
0.000000
0.147718
0.253151
0.344154
0.429477
0.508768
0.579995
0.641053
0.684381
0.694351
0.684414
0.663276
0.636498
0.607570
0.578619
0.550891
0.525059
0.501438
0.457179
0.370606
0.277038
0.186080
0.101789
0.026820
0.000000
0.000000
-0.155989
-0.258667
-0.349111
-0.434205
-0.513216
-0.584042
-0.644578
-0.685741
-0.694388
-0.683677
-0.662119
-0.635145
-0.606159
-0.577235
-0.549582
-0.523850
-0.500338
-0.452013
-0.364713
-0.271257
-0.180718
-0.097024
-0.022786
0.000000
0.010087
0.163594
0.265071
0.355066
0.439719
0.518154
0.588262
0.647958
0.686661
0.693833
0.682284
0.660295
0.633148
0.604146
0.575299
0.547773
0.522193
0.498840
0.446701
0.358684
0.265303
0.175139
0.092003
0.018463
0.000000
-0.022462
-0.171462
-0.271915
-0.361437
-0.445572
-0.523340
-0.592628
-0.651379
-0.687479
-0.693096
-0.680671
-0.658239
-0.630921
-0.601914
-0.573159
-0.545779
-0.520368
-0.497193
-0.441713
-0.353032
-0.259682
-0.169822
-0.087164
-0.014238
0.000000
0.034371
0.179020
0.278476
0.367535
0.451166
0.528285
0.596780
0.654619
0.688229
0.692359
0.679098
0.656244
0.628765
0.599757
0.571093
0.543853
0.518607
0.495603
0.436893
0.347569
0.254250
0.164684
0.082487
0.010155
0.000000
-0.045758
-0.186213
-0.284698
-0.373302
-0.456440
-0.532930
-0.600662
-0.657626
-0.688883
-0.691611
-0.677563
-0.654316
-0.626689
-0.597682
-0.569108
-0.542006
-0.516919
-0.494080
-0.432270
-0.342327
-0.249034
-0.159748
-0.077992
-0.006228
0.000000
0.056695
0.193119
0.290671
0.378838
0.461503
0.537390
0.604389
0.660512
0.689512
0.690896
0.676092
0.652467
0.624698
0.595693
0.567205
0.540234
0.515300
0.492619
0.427843
0.337309
0.244042
0.155024
0.073691
0.002470
0.000000
-0.067167
-0.199734
-0.296394
-0.384142
-0.466354
-0.541664
-0.607961
-0.663280
-0.690117
-0.690212
-0.674685
-0.650697
-0.622792
-0.593789
-0.565384
-0.538538
-0.513750
-0.491220
-0.423167
-0.332007
-0.238795
-0.150095
-0.069239
0.000000
0.000000
0.077225
0.206250
0.302128
0.389520
0.471328
0.546099
0.611726
0.666263
0.690833
0.689573
0.673282
0.648908
0.620854
0.591847
0.563521
0.536802
0.512161
0.489786
0.418118
0.326235
0.233045
0.144656
0.064293
0.000000
0.000000
-0.086017
-0.212124
-0.307401
-0.394537
-0.476029
-0.550355
-0.615405
-0.669255
-0.691647
-0.689081
-0.672048
-0.647294
-0.619086
-0.590065
-0.561807
-0.535201
-0.510694
-0.488459
-0.413275
-0.320670
-0.227481
-0.139374
-0.059470
0.000000
0.000000
0.094530
0.217807
0.312501
0.399387
0.480573
0.554465
0.618957
0.672141
0.692430
0.688601
0.670852
0.645730
0.617374
0.588340
0.560148
0.533651
0.509274
0.487176
0.408655
0.315360
0.222167
0.134325
0.054855
0.000000
0.000000
-0.102703
-0.223271
-0.317408
-0.404058
-0.484953
-0.558431
-0.622388
-0.674934
-0.693197
-0.688153
-0.669713
-0.644237
-0.615737
-0.586689
-0.558559
-0.532167
-0.507914
-0.485946
-0.404230
-0.310277
-0.217081
-0.129494
-0.050441
0.000000
0.000000
0.110522
0.228496
0.322101
0.408525
0.489139
0.562222
0.625667
0.677601
0.693928
0.687722
0.668621
0.642805
0.614169
0.585108
0.557038
0.530745
0.506611
0.481269
0.398113
0.304060
0.211190
0.124147
0.045797
0.000000
0.000000
-0.119028
-0.234079
-0.327055
-0.413199
-0.493486
-0.566122
-0.629002
-0.679806
-0.694338
-0.687066
-0.667370
-0.641261
-0.612519
-0.583466
-0.555471
-0.529289
-0.505282
-0.475106
-0.391064
-0.297122
-0.204728
-0.118378
-0.040884
0.000000
0.000000
0.128446
0.240309
0.332619
0.418478
0.498425
0.570587
0.632860
0.681221
0.694265
0.686127
0.665967
0.639645
0.610849
0.581835
0.553933
0.527870
0.503994
0.469156
0.384266
0.290436
0.198508
0.112831
0.036167
0.000000
0.000000
-0.137611
-0.246408
-0.338092
-0.423693
-0.503326
-0.575042
-0.636737
-0.682712
-0.694300
-0.685310
-0.664687
-0.638150
-0.609291
-0.580307
-0.552488
-0.526535
-0.502780
-0.463494
-0.377809
-0.284103
-0.192633
-0.107611
-0.031748
0.000000
0.000000
0.146309
0.252212
0.343310
0.428672
0.508012
0.579307
0.640454
0.684150
0.694345
0.684540
0.663474
0.636729
0.607810
0.578855
0.551114
0.525265
0.501625
0.458060
0.371611
0.278024
0.186995
0.102602
0.027509
0.000000
0.000000
-0.154637
-0.257766
-0.348300
-0.433432
-0.512489
-0.583380
-0.644002
-0.685518
-0.694381
-0.683797
-0.662308
-0.635366
-0.606389
-0.577461
-0.549796
-0.524048
-0.500518
-0.452856
-0.365675
-0.272201
-0.181593
-0.097802
-0.023444
0.000000
0.008159
0.162361
0.263994
0.354060
0.438791
0.517329
0.587563
0.647406
0.686521
0.693940
0.682531
0.660613
0.633494
0.604494
0.575632
0.548084
0.522477
0.499097
0.447468
0.359553
0.266169
0.175959
0.092751
0.019118
0.000000
-0.020590
-0.170267
-0.270872
-0.360464
-0.444676
-0.522543
-0.591955
-0.650849
-0.687347
-0.693202
-0.680911
-0.658547
-0.631256
-0.602251
-0.573482
-0.546080
-0.520644
-0.497442
-0.442465
-0.353883
-0.260528
-0.170621
-0.087890
-0.014872
0.000000
0.032601
0.177902
0.277508
0.366639
0.450346
0.527562
0.596177
0.654152
0.688128
0.692477
0.679337
0.656545
0.629089
0.600080
0.571402
0.544141
0.518871
0.495841
0.437616
0.348389
0.255066
0.165457
0.083191
0.010770
0.000000
-0.044048
-0.185134
-0.283765
-0.372438
-0.455650
-0.532235
-0.600081
-0.657176
-0.688786
-0.691724
-0.677793
-0.654605
-0.627000
-0.597993
-0.569406
-0.542283
-0.517172
-0.494308
-0.432961
-0.343111
-0.249814
-0.160486
-0.078664
-0.006815
0.000000
0.055058
0.192085
0.289777
0.378009
0.460745
0.536722
0.603830
0.660079
0.689417
0.691002
0.676312
0.652743
0.624995
0.595991
0.567490
0.540499
0.515542
0.492837
0.428506
0.338060
0.244788
0.155731
0.074334
0.003032
0.000000
-0.065601
-0.198744
-0.295538
-0.383349
-0.465629
-0.541025
-0.607427
-0.662866
-0.690027
-0.690314
-0.674895
-0.650962
-0.623077
-0.594074
-0.565656
-0.538792
-0.513981
-0.491429
-0.423884
-0.332820
-0.239598
-0.150848
-0.069918
0.000000
0.000000
0.075993
0.205424
0.301383
0.388811
0.470662
0.545495
0.611202
0.665836
0.690714
0.689640
0.673454
0.649134
0.621102
0.592097
0.563762
0.537028
0.512368
0.489972
0.418814
0.327034
0.233844
0.145414
0.064984
0.000000
0.000000
-0.084802
-0.211314
-0.306675
-0.393847
-0.475384
-0.549771
-0.614901
-0.668847
-0.691539
-0.689152
-0.672221
-0.647519
-0.619332
-0.590312
-0.562045
-0.535423
-0.510898
-0.488643
-0.413937
-0.321431
-0.228242
-0.140097
-0.060132
0.000000
0.000000
0.093358
0.217023
0.311797
0.398717
0.479945
0.553896
0.618464
0.671740
0.692319
0.688665
0.671014
0.645943
0.617608
0.588576
0.560375
0.533863
0.509469
0.487352
0.409288
0.316087
0.222894
0.135015
0.055486
0.000000
0.000000
-0.101585
-0.222523
-0.316737
-0.403419
-0.484353
-0.557888
-0.621918
-0.674552
-0.693093
-0.688215
-0.669870
-0.644441
-0.615962
-0.586915
-0.558777
-0.532370
-0.508100
-0.486115
-0.404837
-0.310974
-0.217779
-0.130157
-0.051047
0.000000
0.000000
0.109450
0.227780
0.321458
0.407913
0.488566
0.561702
0.625217
0.677236
0.693828
0.687781
0.668771
0.643002
0.614384
0.585325
0.557247
0.530940
0.506790
0.482081
0.399043
0.304978
0.212047
0.124915
0.046454
0.000000
0.000000
-0.117812
-0.233286
-0.326354
-0.412539
-0.492873
-0.565574
-0.628535
-0.679650
-0.694369
-0.687205
-0.667567
-0.641482
-0.612746
-0.583686
-0.555678
-0.529479
-0.505455
-0.475892
-0.391964
-0.298009
-0.205555
-0.119118
-0.041516
0.000000
0.000000
0.127232
0.239503
0.331897
0.417791
0.497780
0.570002
0.632351
0.681026
0.694262
0.686236
0.666136
0.639843
0.611054
0.582037
0.554124
0.528046
0.504154
0.469898
0.385111
0.291265
0.199276
0.113514
0.036746
0.000000
0.000000
-0.136471
-0.245646
-0.337406
-0.423039
-0.502710
-0.574481
-0.636247
-0.682523
-0.694293
-0.685410
-0.664845
-0.638335
-0.609485
-0.580498
-0.552668
-0.526702
-0.502931
-0.464206
-0.378622
-0.284900
-0.193372
-0.108267
-0.032303
0.000000
0.000000
0.145218
0.251485
0.342656
0.428049
0.507425
0.578773
0.639989
0.683971
0.694340
0.684638
0.663627
0.636908
0.607996
0.579038
0.551287
0.525425
0.501771
0.458743
0.372390
0.278788
0.187704
0.103232
0.028042
0.000000
0.000000
-0.153590
-0.257067
-0.347672
-0.432833
-0.511925
-0.582868
-0.643555
-0.685346
-0.694377
-0.683891
-0.662454
-0.635537
-0.606568
-0.577636
-0.549961
-0.524201
-0.500657
-0.453510
-0.366420
-0.272932
-0.182272
-0.098404
-0.023955
0.000000
0.006666
0.161406
0.263160
0.353280
0.438072
0.516689
0.587022
0.646978
0.686413
0.694023
0.682722
0.660859
0.633761
0.604762
0.575891
0.548325
0.522698
0.499296
0.448062
0.360227
0.266840
0.176595
0.093331
0.019626
0.000000
-0.019140
-0.169341
-0.270064
-0.359710
-0.443982
-0.521927
-0.591434
-0.650438
-0.687244
-0.693283
-0.681097
-0.658786
-0.631515
-0.602511
-0.573732
-0.546313
-0.520857
-0.497634
-0.443047
-0.354542
-0.261183
-0.171240
-0.088453
-0.015362
0.000000
0.031229
0.177036
0.276759
0.365944
0.449711
0.527003
0.595709
0.653790
0.688050
0.692567
0.679523
0.656779
0.629340
0.600331
0.571642
0.544364
0.519074
0.496025
0.438176
0.349024
0.255698
0.166055
0.083736
0.011246
0.000000
-0.042724
-0.184298
-0.283042
-0.371768
-0.455038
-0.531696
-0.599631
-0.656828
-0.688710
-0.691811
-0.677972
-0.654829
-0.627241
-0.598234
-0.569636
-0.542497
-0.517368
-0.494485
-0.433497
-0.343718
-0.250418
-0.161058
-0.079185
-0.007270
0.000000
0.053791
0.191285
0.289084
0.377367
0.460157
0.536204
0.603397
0.659744
0.689344
0.691085
0.676482
0.652957
0.625226
0.596221
0.567710
0.540704
0.515730
0.493006
0.429019
0.338642
0.245367
0.156278
0.074833
0.003468
0.000000
-0.064387
-0.197978
-0.294875
-0.382734
-0.465067
-0.540530
-0.607013
-0.662546
-0.689957
-0.690394
-0.675058
-0.651167
-0.623298
-0.594295
-0.565867
-0.538989
-0.514161
-0.491591
-0.424439
-0.333450
-0.240220
-0.151432
-0.070444
0.000000
0.000000
0.075038
0.204783
0.300807
0.388261
0.470146
0.545027
0.610796
0.665504
0.690622
0.689691
0.673587
0.649309
0.621294
0.592291
0.563949
0.537202
0.512528
0.490117
0.419353
0.327654
0.234463
0.146001
0.065519
0.000000
0.000000
-0.083861
-0.210687
-0.306113
-0.393313
-0.474884
-0.549319
-0.614512
-0.668530
-0.691455
-0.689207
-0.672355
-0.647693
-0.619522
-0.590504
-0.562229
-0.535595
-0.511055
-0.488786
-0.414449
-0.322019
-0.228831
-0.140658
-0.060644
0.000000
0.000000
0.092450
0.216416
0.311251
0.398198
0.479458
0.553455
0.618083
0.671429
0.692233
0.688714
0.671140
0.646109
0.617789
0.588759
0.560551
0.534028
0.509619
0.487488
0.409778
0.316650
0.223457
0.135550
0.055975
0.000000
0.000000
-0.100719
-0.221944
-0.316216
-0.402924
-0.483889
-0.557468
-0.621555
-0.674256
-0.693011
-0.688263
-0.669991
-0.644600
-0.616135
-0.587090
-0.558946
-0.532527
-0.508245
-0.486245
-0.405307
-0.311515
-0.218320
-0.130670
-0.051516
0.000000
0.000000
0.108619
0.227225
0.320960
0.407439
0.488121
0.561300
0.624869
0.676953
0.693751
0.687827
0.668887
0.643154
0.614551
0.585493
0.557408
0.531091
0.506928
0.482710
0.399764
0.305689
0.212711
0.125509
0.046962
0.000000
0.000000
-0.116871
-0.232671
-0.325810
-0.412028
-0.492399
-0.565149
-0.628174
-0.679528
-0.694392
-0.687312
-0.667719
-0.641654
-0.612921
-0.583857
-0.555839
-0.529627
-0.505588
-0.476501
-0.392661
-0.298696
-0.206197
-0.119692
-0.042006
0.000000
0.000000
0.126291
0.238879
0.331338
0.417259
0.497281
0.569548
0.631958
0.680875
0.694259
0.686320
0.666267
0.639996
0.611214
0.582193
0.554271
0.528183
0.504278
0.470472
0.385766
0.291907
0.199872
0.114043
0.037193
0.000000
0.000000
-0.135587
-0.245056
-0.336876
-0.422532
-0.502233
-0.574047
-0.635869
-0.682376
-0.694288
-0.685488
-0.664968
-0.638479
-0.609635
-0.580645
-0.552807
-0.526831
-0.503049
-0.464759
-0.379251
-0.285517
-0.193945
-0.108776
-0.032734
0.000000
0.000000
0.144373
0.250921
0.342150
0.427566
0.506971
0.578360
0.639629
0.683832
0.694337
0.684713
0.663745
0.637047
0.608141
0.579179
0.551420
0.525549
0.501883
0.459272
0.372993
0.279380
0.188253
0.103720
0.028455
0.000000
0.000000
-0.152778
-0.256526
-0.347186
-0.432370
-0.511489
-0.582470
-0.643209
-0.685212
-0.694373
-0.683963
-0.662567
-0.635670
-0.606706
-0.577772
-0.550090
-0.524319
-0.500765
-0.454016
-0.366998
-0.273499
-0.182797
-0.098871
-0.024350
0.000000
0.005509
0.160666
0.262514
0.352676
0.437515
0.516194
0.586603
0.646647
0.686329
0.694087
0.682870
0.661050
0.633969
0.604971
0.576090
0.548511
0.522868
0.499451
0.448522
0.360748
0.267360
0.177087
0.093780
0.020019
0.000000
-0.018017
-0.168623
-0.269438
-0.359126
-0.443444
-0.521449
-0.591030
-0.650120
-0.687165
-0.693347
-0.681241
-0.658971
-0.631716
-0.602713
-0.573926
-0.546493
-0.521022
-0.497784
-0.443498
-0.355053
-0.261690
-0.171720
-0.088889
-0.015743
0.000000
0.030167
0.176364
0.276178
0.365406
0.449219
0.526569
0.595347
0.653509
0.687989
0.692638
0.679667
0.656959
0.629534
0.600525
0.571828
0.544537
0.519232
0.496167
0.438610
0.349516
0.256188
0.166518
0.084158
0.011615
0.000000
-0.041699
-0.183651
-0.282482
-0.371249
-0.454564
-0.531278
-0.599282
-0.656558
-0.688652
-0.691879
-0.678110
-0.655003
-0.627428
-0.598421
-0.569815
-0.542663
-0.517520
-0.494622
-0.433911
-0.344188
-0.250885
-0.161500
-0.079588
-0.007622
0.000000
0.052809
0.190664
0.288548
0.376869
0.459702
0.535803
0.603062
0.659484
0.689287
0.691149
0.676614
0.653123
0.625404
0.596400
0.567881
0.540863
0.515875
0.493138
0.429416
0.339092
0.245815
0.156703
0.075219
0.003805
0.000000
-0.063447
-0.197384
-0.294362
-0.382258
-0.464632
-0.540146
-0.606693
-0.662298
-0.689903
-0.690455
-0.675185
-0.651326
-0.623469
-0.594466
-0.566031
-0.539141
-0.514300
-0.491717
-0.424869
-0.333937
-0.240702
-0.151884
-0.070852
-0.000012
0.000000
0.074288
0.204281
0.300356
0.387831
0.469742
0.544662
0.610480
0.665247
0.690551
0.689732
0.673692
0.649447
0.621444
0.592443
0.564095
0.537339
0.512653
0.490230
0.419773
0.328137
0.234945
0.146459
0.065937
0.000000
0.000000
-0.083127
-0.210197
-0.305674
-0.392896
-0.474494
-0.548967
-0.614207
-0.668284
-0.691389
-0.689250
-0.672460
-0.647829
-0.619671
-0.590654
-0.562373
-0.535729
-0.511178
-0.488897
-0.414849
-0.322479
-0.229291
-0.141095
-0.061044
0.000000
0.000000
0.091742
0.215943
0.310826
0.397793
0.479078
0.553112
0.617785
0.671187
0.692166
0.688752
0.671238
0.646238
0.617931
0.588901
0.560688
0.534156
0.509737
0.487594
0.410160
0.317090
0.223897
0.135968
0.056356
0.000000
0.000000
-0.100043
-0.221492
-0.315811
-0.402538
-0.483527
-0.557140
-0.621271
-0.674025
-0.692948
-0.688300
-0.670085
-0.644724
-0.616271
-0.587227
-0.559077
-0.532650
-0.508357
-0.486347
-0.405674
-0.311936
-0.218741
-0.131071
-0.051882
0.000000
0.000000
0.107971
0.226792
0.320571
0.407069
0.487774
0.560986
0.624598
0.676732
0.693690
0.687863
0.668978
0.643272
0.614681
0.585624
0.557534
0.531209
0.507036
0.483201
0.400326
0.306244
0.213229
0.125973
0.047359
0.000000
0.000000
-0.116136
-0.232191
-0.325386
-0.411629
-0.492029
-0.564818
-0.627891
-0.679388
-0.694385
-0.687383
-0.667833
-0.641787
-0.613061
-0.583994
-0.555968
-0.529747
-0.505697
-0.477005
-0.393237
-0.299263
-0.206725
-0.120164
-0.042408
0.000000
0.000000
0.125515
0.238364
0.330876
0.416820
0.496868
0.569174
0.631633
0.680752
0.694259
0.686392
0.666378
0.640125
0.611347
0.582324
0.554395
0.528297
0.504382
0.470954
0.386316
0.292447
0.200373
0.114489
0.037572
0.000000
0.000000
-0.134846
-0.244561
-0.336431
-0.422109
-0.501835
-0.573684
-0.635553
-0.682254
-0.694284
-0.685554
-0.665072
-0.638600
-0.609761
-0.580769
-0.552925
-0.526939
-0.503147
-0.465220
-0.379778
-0.286033
-0.194423
-0.109201
-0.033094
0.000000
0.000000
0.143666
0.250449
0.341726
0.427162
0.506591
0.578014
0.639328
0.683716
0.694334
0.684776
0.663844
0.637162
0.608261
0.579297
0.551532
0.525652
0.501977
0.459714
0.373498
0.279875
0.188712
0.104127
0.028800
0.000000
0.000000
-0.152100
-0.256074
-0.346780
-0.431982
-0.511124
-0.582139
-0.642920
-0.685101
-0.694370
-0.684023
-0.662662
-0.635781
-0.606822
-0.577885
-0.550197
-0.524418
-0.500855
-0.454440
-0.367481
-0.273973
-0.183237
-0.099262
-0.024681
0.000000
0.004541
0.160047
0.261973
0.352172
0.437050
0.515780
0.586252
0.646370
0.686259
0.694141
0.682993
0.661209
0.634142
0.605145
0.576258
0.548667
0.523011
0.499580
0.448982
0.361270
0.267875
0.177569
0.094213
0.020391
0.000000
-0.016956
-0.167950
-0.268854
-0.358583
-0.442946
-0.521008
-0.590660
-0.649831
-0.687098
-0.693412
-0.681380
-0.659148
-0.631908
-0.602905
-0.574110
-0.546665
-0.521179
-0.497925
-0.443928
-0.355539
-0.262174
-0.172177
-0.089305
-0.016106
0.000000
0.029142
0.175714
0.275613
0.364881
0.448737
0.526144
0.594989
0.653230
0.687924
0.692701
0.679802
0.657131
0.629720
0.600710
0.572005
0.544703
0.519384
0.496304
0.439024
0.349986
0.256655
0.166960
0.084560
0.011966
0.000000
-0.040719
-0.183032
-0.281947
-0.370753
-0.454110
-0.530878
-0.598948
-0.656299
-0.688595
-0.691943
-0.678242
-0.655168
-0.627607
-0.598599
-0.569985
-0.542822
-0.517665
-0.494753
-0.434309
-0.344639
-0.251334
-0.161925
-0.079974
-0.007960
0.000000
0.051869
0.190070
0.288034
0.376393
0.459267
0.535420
0.602742
0.659236
0.689233
0.691210
0.676740
0.653282
0.625576
0.596571
0.568045
0.541016
0.516014
0.493263
0.429797
0.339524
0.246245
0.157109
0.075589
0.004128
0.000000
-0.062547
-0.196815
-0.293869
-0.381802
-0.464214
-0.539779
-0.606385
-0.662059
-0.689851
-0.690514
-0.675306
-0.651478
-0.623633
-0.594630
-0.566187
-0.539287
-0.514434
-0.491837
-0.425281
-0.334404
-0.241164
-0.152317
-0.071242
-0.000349
0.000000
0.073297
0.203645
0.299800
0.387313
0.469266
0.544239
0.610124
0.664968
0.690489
0.689800
0.673832
0.649623
0.621635
0.592633
0.564277
0.537508
0.512808
0.490370
0.420253
0.328686
0.235493
0.146977
0.066409
0.000000
0.000000
-0.082289
-0.209637
-0.305171
-0.392418
-0.474045
-0.548561
-0.613856
-0.667998
-0.691311
-0.689296
-0.672576
-0.647982
-0.619838
-0.590823
-0.562536
-0.535881
-0.511318
-0.489023
-0.415310
-0.323009
-0.229821
-0.141597
-0.061502
0.000000
0.000000
0.090934
0.215403
0.310342
0.397333
0.478647
0.552722
0.617449
0.670914
0.692092
0.688798
0.671353
0.646386
0.618094
0.589066
0.560846
0.534303
0.509872
0.487716
0.410600
0.317595
0.224403
0.136448
0.056796
0.000000
0.000000
-0.099265
-0.220972
-0.315344
-0.402093
-0.483110
-0.556763
-0.620945
-0.673759
-0.692875
-0.688343
-0.670193
-0.644866
-0.616427
-0.587384
-0.559228
-0.532792
-0.508487
-0.486464
-0.406095
-0.312420
-0.219225
-0.131530
-0.052302
0.000000
0.000000
0.107228
0.226295
0.320124
0.406644
0.487376
0.560625
0.624286
0.676478
0.693621
0.687904
0.669082
0.643409
0.614830
0.585774
0.557679
0.531344
0.507160
0.483765
0.400971
0.306881
0.213824
0.126506
0.047815
0.000000
0.000000
-0.115292
-0.231641
-0.324900
-0.411171
-0.491604
-0.564438
-0.627567
-0.679130
-0.694322
-0.687436
-0.667951
-0.641940
-0.613226
-0.584159
-0.556127
-0.529895
-0.505833
-0.477647
-0.393970
-0.299983
-0.207394
-0.120759
-0.042913
0.000000
0.000000
0.124530
0.237709
0.330290
0.416263
0.496346
0.568701
0.631223
0.680600
0.694264
0.686489
0.666524
0.640294
0.611522
0.582495
0.554556
0.528446
0.504517
0.471580
0.387032
0.293152
0.201029
0.115075
0.038070
0.000000
0.000000
-0.133880
-0.243920
-0.335856
-0.421560
-0.501320
-0.573216
-0.635146
-0.682097
-0.694281
-0.685640
-0.665207
-0.638758
-0.609925
-0.580930
-0.553077
-0.527080
-0.503275
-0.465816
-0.380457
-0.286700
-0.195042
-0.109751
-0.033559
0.000000
0.000000
0.142749
0.249838
0.341176
0.426637
0.506097
0.577564
0.638936
0.683564
0.694329
0.684857
0.663972
0.637312
0.608417
0.579450
0.551677
0.525786
0.502099
0.460286
0.374150
0.280514
0.189305
0.104655
0.029246
0.000000
0.000000
-0.151224
-0.255489
-0.346254
-0.431481
-0.510653
-0.581710
-0.642547
-0.684957
-0.694366
-0.684101
-0.662785
-0.635924
-0.606971
-0.578032
-0.550336
-0.524546
-0.500972
-0.454987
-0.368106
-0.274586
-0.183805
-0.099767
-0.025108
0.000000
0.003289
0.159247
0.261274
0.351518
0.436447
0.515244
0.585798
0.646012
0.686169
0.694210
0.683154
0.661415
0.634366
0.605370
0.576474
0.548869
0.523196
0.499747
0.449619
0.361993
0.268585
0.178231
0.094804
0.020896
0.000000
-0.015517
-0.167040
-0.268064
-0.357850
-0.442274
-0.520416
-0.590164
-0.649445
-0.687010
-0.693503
-0.681571
-0.659390
-0.632168
-0.603165
-0.574359
-0.546897
-0.521391
-0.498117
-0.444512
-0.356202
-0.262833
-0.172801
-0.089873
-0.016602
0.000000
0.027741
0.174823
0.274839
0.364160
0.448076
0.525558
0.594497
0.652845
0.687833
0.692785
0.679985
0.657364
0.629972
0.600963
0.572248
0.544928
0.519590
0.496490
0.439588
0.350625
0.257290
0.167561
0.085107
0.012443
0.000000
-0.039386
-0.182189
-0.281218
-0.370077
-0.453492
-0.530333
-0.598493
-0.655946
-0.688518
-0.692030
-0.678421
-0.655394
-0.627850
-0.598842
-0.570218
-0.543038
-0.517863
-0.494931
-0.434851
-0.345254
-0.251946
-0.162504
-0.080501
-0.008420
0.000000
0.050586
0.189261
0.287334
0.375744
0.458674
0.534897
0.602305
0.658898
0.689159
0.691294
0.676913
0.653499
0.625809
0.596804
0.568268
0.541223
0.516204
0.493434
0.430316
0.340112
0.246830
0.157663
0.076093
0.004569
0.000000
-0.061319
-0.196040
-0.293198
-0.381180
-0.463645
-0.539277
-0.605966
-0.661735
-0.689780
-0.690594
-0.675471
-0.651686
-0.623856
-0.594853
-0.566401
-0.539486
-0.514615
-0.492001
-0.425843
-0.335041
-0.241793
-0.152907
-0.071774
-0.000808
0.000000
0.071945
0.202779
0.299043
0.386606
0.468616
0.543663
0.609639
0.664588
0.690405
0.689892
0.674023
0.649864
0.621895
0.592893
0.564526
0.537739
0.513019
0.490561
0.420908
0.329434
0.236239
0.147683
0.067052
0.000000
0.000000
-0.081145
-0.208873
-0.304485
-0.391765
-0.473434
-0.548007
-0.613378
-0.667609
-0.691204
-0.689359
-0.672736
-0.648191
-0.620067
-0.591054
-0.562758
-0.536089
-0.511508
-0.489195
-0.415939
-0.323731
-0.230542
-0.142282
-0.062127
0.000000
0.000000
0.089831
0.214668
0.309682
0.396706
0.478060
0.552190
0.616990
0.670541
0.691992
0.688861
0.671508
0.646590
0.618316
0.589289
0.561061
0.534504
0.510056
0.487883
0.411200
0.318284
0.225092
0.137104
0.057395
0.000000
0.000000
-0.098204
-0.220263
-0.314707
-0.401487
-0.482542
-0.556249
-0.620500
-0.673397
-0.692776
-0.688401
-0.670341
-0.645059
-0.616639
-0.587598
-0.559434
-0.532984
-0.508663
-0.486623
-0.406669
-0.313079
-0.219885
-0.132157
-0.052875
0.000000
0.000000
0.106213
0.225617
0.319516
0.406064
0.486833
0.560133
0.623860
0.676132
0.693526
0.687960
0.669223
0.643594
0.615033
0.585979
0.557876
0.531528
0.507329
0.484533
0.401851
0.307749
0.214635
0.127233
0.048437
0.000000
0.000000
-0.114142
-0.230890
-0.324236
-0.410546
-0.491025
-0.563920
-0.627126
-0.678778
-0.694236
-0.687509
-0.668113
-0.642147
-0.613451
-0.584385
-0.556344
-0.530097
-0.506018
-0.478522
-0.394970
-0.300965
-0.208306
-0.121571
-0.043602
0.000000
0.000000
0.123188
0.236817
0.329491
0.415503
0.495633
0.568055
0.630663
0.680393
0.694271
0.686621
0.666724
0.640524
0.611760
0.582728
0.554776
0.528649
0.504701
0.472435
0.388009
0.294113
0.201924
0.115872
0.038749
0.000000
0.000000
-0.132564
-0.243045
-0.335071
-0.420813
-0.500617
-0.572578
-0.634591
-0.681885
-0.694277
-0.685759
-0.665391
-0.638973
-0.610149
-0.581150
-0.553285
-0.527271
-0.503449
-0.466628
-0.381384
-0.287609
-0.195885
-0.110500
-0.034194
0.000000
0.000000
0.141500
0.249004
0.340426
0.425922
0.505424
0.576952
0.638402
0.683358
0.694322
0.684967
0.664146
0.637516
0.608630
0.579659
0.551874
0.525968
0.502264
0.461065
0.375039
0.281387
0.190114
0.105373
0.029854
0.000000
0.000000
-0.150029
-0.254692
-0.345538
-0.430798
-0.510011
-0.581125
-0.642038
-0.684760
-0.694361
-0.684208
-0.662952
-0.636120
-0.607175
-0.578232
-0.550525
-0.524721
-0.501131
-0.455734
-0.368958
-0.275421
-0.184581
-0.100456
-0.025692
0.000000
0.001582
0.158155
0.260321
0.350628
0.435626
0.514514
0.585180
0.645523
0.686045
0.694305
0.683372
0.661696
0.634672
0.605677
0.576769
0.549144
0.523448
0.499974
0.450487
0.362978
0.269553
0.179133
0.095611
0.021585
0.000000
-0.013554
-0.165798
-0.266988
-0.356851
-0.441359
-0.519608
-0.589486
-0.648918
-0.686891
-0.693626
-0.681832
-0.659719
-0.632524
-0.603521
-0.574699
-0.547214
-0.521681
-0.498378
-0.445308
-0.357104
-0.263731
-0.173650
-0.090646
-0.017278
0.000000
0.025831
0.173609
0.273784
0.363178
0.447174
0.524760
0.593825
0.652319
0.687708
0.692900
0.680234
0.657681
0.630316
0.601308
0.572578
0.545236
0.519872
0.496745
0.440358
0.351497
0.258157
0.168380
0.085852
0.013094
0.000000
-0.037568
-0.181041
-0.280224
-0.369156
-0.452648
-0.529590
-0.597871
-0.655464
-0.688413
-0.692149
-0.678666
-0.655702
-0.628181
-0.599173
-0.570535
-0.543333
-0.518132
-0.495175
-0.435590
-0.346092
-0.252780
-0.163293
-0.081220
-0.009048
0.000000
0.048838
0.188157
0.286379
0.374860
0.457865
0.534185
0.601710
0.658437
0.689059
0.691409
0.677148
0.653795
0.626128
0.597122
0.568572
0.541507
0.516463
0.493668
0.431023
0.340914
0.247628
0.158418
0.076781
0.005170
0.000000
-0.059644
-0.194982
-0.292283
-0.380332
-0.462870
-0.538594
-0.605395
-0.661292
-0.689683
-0.690703
-0.675696
-0.651968
-0.624161
-0.595157
-0.566692
-0.539757
-0.514863
-0.492225
-0.426608
-0.335909
-0.242651
-0.153712
-0.072499
-0.001433
0.000000
0.070103
0.201597
0.298010
0.385643
0.467730
0.542878
0.608978
0.664071
0.690291
0.690018
0.674284
0.650193
0.622249
0.593247
0.564864
0.538055
0.513308
0.490821
0.421801
0.330454
0.237256
0.148646
0.067929
0.000000
0.000000
-0.079586
-0.207832
-0.303551
-0.390876
-0.472600
-0.547253
-0.612725
-0.667078
-0.691059
-0.689445
-0.672953
-0.648476
-0.620379
-0.591368
-0.563061
-0.536372
-0.511767
-0.489429
-0.416796
-0.324715
-0.231526
-0.143216
-0.062979
0.000000
0.000000
0.088328
0.213665
0.308783
0.395850
0.477259
0.551466
0.616364
0.670033
0.691855
0.688947
0.671720
0.646866
0.618619
0.589594
0.561355
0.534778
0.510307
0.488110
0.412017
0.319224
0.226033
0.137998
0.058212
0.000000
0.000000
-0.096758
-0.219296
-0.313839
-0.400661
-0.481768
-0.555547
-0.619893
-0.672903
-0.692640
-0.688480
-0.670542
-0.645323
-0.616929
-0.587890
-0.559715
-0.533247
-0.508904
-0.486841
-0.407451
-0.313978
-0.220784
-0.133011
-0.053655
0.000000
0.000000
0.104831
0.224693
0.318686
0.405274
0.486092
0.559463
0.623281
0.675660
0.693396
0.688036
0.669416
0.643847
0.615311
0.586259
0.558145
0.531780
0.507559
0.485581
0.403051
0.308933
0.215741
0.128224
0.049284
0.000000
0.000000
-0.112574
-0.229867
-0.323331
-0.409695
-0.490235
-0.563213
-0.626523
-0.678298
-0.694118
-0.687608
-0.668334
-0.642430
-0.613758
-0.584693
-0.556639
-0.530372
-0.506270
-0.479715
-0.396333
-0.302304
-0.209549
-0.122677
-0.044541
0.000000
0.000000
0.121358
0.235601
0.328402
0.414467
0.494662
0.567175
0.629900
0.680110
0.694281
0.686801
0.666995
0.640837
0.612085
0.583045
0.555076
0.528925
0.504952
0.473600
0.389341
0.295423
0.203143
0.116960
0.039674
0.000000
0.000000
-0.130770
-0.241852
-0.334001
-0.419794
-0.499660
-0.571708
-0.633834
-0.681594
-0.694272
-0.685920
-0.665643
-0.639267
-0.610455
-0.581449
-0.553568
-0.527533
-0.503687
-0.467736
-0.382647
-0.288849
-0.197035
-0.111523
-0.035060
0.000000
0.000000
0.139797
0.247867
0.339404
0.424946
0.504506
0.576116
0.637673
0.683076
0.694313
0.685118
0.664383
0.637794
0.608919
0.579943
0.552143
0.526217
0.502490
0.462128
0.376252
0.282576
0.191217
0.106353
0.030684
0.000000
0.000000
-0.148400
-0.253606
-0.344562
-0.429867
-0.509135
-0.580328
-0.641343
-0.684493
-0.694353
-0.684353
-0.663180
-0.636387
-0.607453
-0.578505
-0.550783
-0.524959
-0.501347
-0.456753
-0.370119
-0.276561
-0.185638
-0.101396
-0.026487
0.000000
0.000000
0.156644
0.259104
0.349503
0.434579
0.513568
0.584362
0.644857
0.685848
0.694391
0.683619
0.662027
0.635038
0.606048
0.577126
0.549478
0.523754
0.500251
0.451604
0.364247
0.270800
0.180294
0.096647
0.022467
0.000000
-0.011021
-0.164190
-0.265592
-0.355553
-0.440168
-0.518554
-0.588600
-0.648226
-0.686729
-0.693781
-0.682164
-0.660142
-0.632981
-0.603978
-0.575138
-0.547623
-0.522055
-0.498716
-0.446330
-0.358263
-0.264884
-0.174742
-0.091640
-0.018146
0.000000
0.023367
0.172041
0.272419
0.361908
0.446006
0.523725
0.592954
0.651636
0.687543
0.693045
0.680554
0.658090
0.630759
0.601751
0.573003
0.545633
0.520235
0.497072
0.441349
0.352620
0.259273
0.169435
0.086812
0.013931
0.000000
-0.035228
-0.179562
-0.278944
-0.367969
-0.451563
-0.528634
-0.597072
-0.654845
-0.688278
-0.692303
-0.678982
-0.656099
-0.628608
-0.599600
-0.570943
-0.543714
-0.518480
-0.495488
-0.436543
-0.347173
-0.253855
-0.164310
-0.082147
-0.009858
0.000000
0.046585
0.186735
0.285149
0.373720
0.456823
0.533267
0.600944
0.657844
0.688930
0.691557
0.677451
0.654176
0.626538
0.597532
0.568964
0.541872
0.516796
0.493969
0.431935
0.341948
0.248656
0.159391
0.077667
0.005944
0.000000
-0.057487
-0.193619
-0.291104
-0.379239
-0.461870
-0.537713
-0.604659
-0.660722
-0.689558
-0.690844
-0.675986
-0.652333
-0.624554
-0.595549
-0.567068
-0.540106
-0.515183
-0.492513
-0.427523
-0.336946
-0.243680
-0.154682
-0.073379
-0.002198
0.000000
0.067925
0.200213
0.296808
0.384526
0.466706
0.541973
0.608220
0.663481
0.690161
0.690162
0.674583
0.650569
0.622654
0.593651
0.565252
0.538415
0.513637
0.491118
0.422820
0.331614
0.238406
0.149730
0.068910
0.000000
0.000000
-0.077822
-0.206651
-0.302488
-0.389864
-0.471650
-0.546392
-0.611980
-0.666470
-0.690891
-0.689541
-0.673199
-0.648799
-0.620734
-0.591726
-0.563405
-0.536693
-0.512062
-0.489695
-0.417781
-0.325847
-0.232658
-0.144289
-0.063958
0.000000
0.000000
0.086605
0.212516
0.307752
0.394871
0.476342
0.550637
0.615648
0.669452
0.691700
0.689047
0.671965
0.647185
0.618967
0.589945
0.561692
0.535093
0.510596
0.488370
0.412955
0.320302
0.227112
0.139023
0.059150
0.000000
0.000000
-0.095097
-0.218186
-0.312841
-0.399712
-0.480877
-0.554741
-0.619195
-0.672335
-0.692483
-0.688570
-0.670773
-0.645626
-0.617261
-0.588225
-0.560038
-0.533548
-0.509180
-0.487090
-0.408349
-0.315009
-0.221815
-0.133990
-0.054550
0.000000
0.000000
0.103245
0.223632
0.317733
0.404368
0.485243
0.558694
0.622615
0.675118
0.693248
0.688124
0.669638
0.644137
0.615629
0.586580
0.558454
0.532068
0.507824
0.485865
0.403936
0.309939
0.216744
0.129173
0.050148
0.000000
0.000000
-0.111041
-0.228843
-0.322413
-0.408821
-0.489417
-0.562473
-0.625884
-0.677778
-0.693976
-0.687693
-0.668549
-0.642710
-0.614065
-0.585003
-0.556937
-0.530651
-0.506525
-0.480876
-0.397663
-0.303616
-0.210775
-0.123775
-0.045479
0.000000
0.000000
0.119617
0.234463
0.327395
0.413519
0.493782
0.566387
0.629228
0.679882
0.694323
0.686998
0.667275
0.641154
0.612409
0.583360
0.555371
0.529197
0.505199
0.474725
0.390629
0.296692
0.204327
0.118019
0.040578
0.000000
0.000000
-0.129033
-0.240699
-0.332968
-0.418811
-0.498737
-0.570870
-0.633106
-0.681315
-0.694267
-0.686075
-0.665885
-0.639550
-0.610749
-0.581738
-0.553841
-0.527785
-0.503916
-0.468798
-0.383857
-0.290035
-0.198136
-0.112500
-0.035888
0.000000
0.000000
0.138164
0.246777
0.338423
0.424010
0.503624
0.575313
0.636973
0.682804
0.694303
0.685261
0.664610
0.638060
0.609197
0.580215
0.552401
0.526455
0.502707
0.463149
0.377415
0.283717
0.192275
0.107293
0.031479
0.000000
0.000000
-0.146838
-0.252564
-0.343626
-0.428974
-0.508295
-0.579565
-0.640678
-0.684237
-0.694347
-0.684493
-0.663400
-0.636643
-0.607720
-0.578766
-0.551030
-0.525188
-0.501555
-0.457730
-0.371234
-0.277655
-0.186652
-0.102297
-0.027250
0.000000
0.000000
0.155144
0.258104
0.348604
0.433722
0.512761
0.583628
0.644218
0.685601
0.694384
0.683752
0.662237
0.635283
0.606303
0.577377
0.549715
0.523974
0.500451
0.452540
0.365314
0.271847
0.181265
0.097510
0.023197
0.000000
-0.008882
-0.162823
-0.264398
-0.354437
-0.439139
-0.517638
-0.587825
-0.647613
-0.686574
-0.693899
-0.682438
-0.660494
-0.633364
-0.604363
-0.575507
-0.547967
-0.522371
-0.499001
-0.447180
-0.359227
-0.265844
-0.175652
-0.092470
-0.018873
0.000000
0.021292
0.170715
0.271263
0.360828
0.445012
0.522842
0.592207
0.651048
0.687397
0.693162
0.680821
0.658432
0.631130
0.602124
0.573361
0.545967
0.520540
0.497348
0.442183
0.353564
0.260211
0.170322
0.087618
0.014634
0.000000
-0.033265
-0.178321
-0.277871
-0.366975
-0.450654
-0.527833
-0.596403
-0.654327
-0.688166
-0.692433
-0.679247
-0.656433
-0.628968
-0.599959
-0.571286
-0.544033
-0.518772
-0.495752
-0.437345
-0.348082
-0.254760
-0.165167
-0.082927
-0.010540
0.000000
0.044689
0.185538
0.284115
0.372762
0.455946
0.532495
0.600299
0.657345
0.688822
0.691682
0.677707
0.654497
0.626883
0.597877
0.569294
0.542179
0.517077
0.494222
0.432702
0.342817
0.249521
0.160209
0.078412
0.006595
0.000000
-0.055672
-0.192473
-0.290112
-0.378320
-0.461029
-0.536972
-0.604040
-0.660242
-0.689453
-0.690962
-0.676229
-0.652639
-0.624884
-0.595879
-0.567383
-0.540400
-0.515451
-0.492755
-0.428257
-0.337779
-0.244508
-0.155466
-0.074093
-0.002822
0.000000
0.066188
0.199115
0.295859
0.383646
0.465901
0.541265
0.607627
0.663022
0.690061
0.690276
0.674816
0.650863
0.622970
0.593967
0.565554
0.538697
0.513895
0.491350
0.423615
0.332515
0.239297
0.150565
0.069663
0.000000
0.000000
-0.076455
-0.205734
-0.301663
-0.389077
-0.470911
-0.545722
-0.611399
-0.665996
-0.690759
-0.689615
-0.673390
-0.649049
-0.621009
-0.592003
-0.563672
-0.536943
-0.512291
-0.489902
-0.418553
-0.326734
-0.233544
-0.145130
-0.064725
0.000000
0.000000
0.085258
0.211618
0.306947
0.394106
0.475626
0.549990
0.615090
0.669000
0.691580
0.689126
0.672156
0.647434
0.619240
0.590220
0.561956
0.535340
0.510821
0.488574
0.413689
0.321145
0.227956
0.139826
0.059883
0.000000
0.000000
-0.093797
-0.217317
-0.312061
-0.398969
-0.480180
-0.554110
-0.618649
-0.671890
-0.692360
-0.688641
-0.670953
-0.645863
-0.617520
-0.588487
-0.560290
-0.533783
-0.509396
-0.487286
-0.409050
-0.315815
-0.222622
-0.134756
-0.055250
0.000000
0.000000
0.102004
0.222803
0.316988
0.403659
0.484578
0.558092
0.622094
0.674695
0.693132
0.688192
0.669811
0.644365
0.615878
0.586830
0.558695
0.532294
0.508030
0.486051
0.404609
0.310713
0.217518
0.129908
0.050820
0.000000
0.000000
-0.109852
-0.228049
-0.321699
-0.408142
-0.488781
-0.561897
-0.625386
-0.677373
-0.693866
-0.687759
-0.668715
-0.642928
-0.614304
-0.585243
-0.557168
-0.530867
-0.506723
-0.481777
-0.398694
-0.304634
-0.211726
-0.124627
-0.046207
0.000000
0.000000
0.118268
0.233583
0.326617
0.412787
0.493103
0.565779
0.628710
0.679708
0.694357
0.687153
0.667493
0.641399
0.612661
0.583604
0.555601
0.529408
0.505390
0.475597
0.391626
0.297676
0.205245
0.118841
0.041279
0.000000
0.000000
-0.127687
-0.239805
-0.332168
-0.418049
-0.498022
-0.570221
-0.632542
-0.681099
-0.694263
-0.686195
-0.666073
-0.639769
-0.610977
-0.581961
-0.554052
-0.527980
-0.504094
-0.469620
-0.384794
-0.290954
-0.198988
-0.113258
-0.036529
0.000000
0.000000
0.136899
0.245932
0.337663
0.423284
0.502941
0.574691
0.636431
0.682594
0.694295
0.685373
0.664786
0.638266
0.609412
0.580426
0.552601
0.526639
0.502875
0.463939
0.378317
0.284601
0.193095
0.108021
0.032095
0.000000
0.000000
-0.145628
-0.251757
-0.342901
-0.428283
-0.507645
-0.578973
-0.640163
-0.684038
-0.694342
-0.684601
-0.663569
-0.636841
-0.607927
-0.578969
-0.551222
-0.525365
-0.501716
-0.458487
-0.372098
-0.278502
-0.187438
-0.102996
-0.027842
0.000000
0.000000
0.153982
0.257329
0.347908
0.433058
0.512137
0.583060
0.643723
0.685410
0.694378
0.683856
0.662399
0.635473
0.606501
0.577571
0.549899
0.524143
0.500605
0.453265
0.366141
0.272658
0.182017
0.098178
0.023763
0.000000
-0.007226
-0.161764
-0.263473
-0.353572
-0.438342
-0.516929
-0.587225
-0.647139
-0.686454
-0.693991
-0.682650
-0.660767
-0.633661
-0.604662
-0.575794
-0.548234
-0.522615
-0.499222
-0.447839
-0.359974
-0.266588
-0.176356
-0.093113
-0.019435
0.000000
0.019684
0.169688
0.270367
0.359992
0.444242
0.522158
0.591629
0.650592
0.687283
0.693253
0.681027
0.658697
0.631418
0.602413
0.573638
0.546225
0.520777
0.497562
0.442829
0.354295
0.260937
0.171008
0.088242
0.015178
0.000000
-0.031744
-0.177360
-0.277040
-0.366204
-0.449949
-0.527213
-0.595884
-0.653925
-0.688079
-0.692533
-0.679453
-0.656691
-0.629246
-0.600237
-0.571552
-0.544281
-0.518998
-0.495956
-0.437966
-0.348786
-0.255461
-0.165831
-0.083531
-0.011068
0.000000
0.043221
0.184611
0.283313
0.372019
0.455267
0.531898
0.599800
0.656958
0.688738
0.691778
0.677905
0.654745
0.627151
0.598144
0.569550
0.542417
0.517294
0.494419
0.433296
0.343490
0.250191
0.160843
0.078989
0.007099
0.000000
-0.054266
-0.191585
-0.289344
-0.377608
-0.460377
-0.536398
-0.603560
-0.659870
-0.689371
-0.691054
-0.676418
-0.652877
-0.625139
-0.596135
-0.567628
-0.540627
-0.515659
-0.492943
-0.428826
-0.338424
-0.245150
-0.156073
-0.074646
-0.003304
0.000000
0.064842
0.198265
0.295124
0.382965
0.465278
0.540715
0.607168
0.662666
0.689983
0.690364
0.674997
0.651090
0.623215
0.594212
0.565788
0.538915
0.514094
0.491530
0.424231
0.333214
0.239987
0.151213
0.070247
0.000000
0.000000
-0.075396
-0.205023
-0.301023
-0.388467
-0.470339
-0.545203
-0.610948
-0.665629
-0.690657
-0.689672
-0.673537
-0.649244
-0.621222
-0.592218
-0.563879
-0.537137
-0.512468
-0.490063
-0.419150
-0.327422
-0.234231
-0.145781
-0.065319
0.000000
0.000000
0.084214
0.210922
0.306323
0.393513
0.475071
0.549489
0.614658
0.668649
0.691486
0.689187
0.672305
0.647628
0.619451
0.590432
0.562160
0.535531
0.510996
0.488732
0.414257
0.321799
0.228610
0.140447
0.060452
0.000000
0.000000
-0.092790
-0.216644
-0.311456
-0.398393
-0.479641
-0.553621
-0.618226
-0.671546
-0.692265
-0.688695
-0.671093
-0.646047
-0.617721
-0.588690
-0.560485
-0.533966
-0.509563
-0.487437
-0.409594
-0.316439
-0.223246
-0.135350
-0.055792
0.000000
0.000000
0.101043
0.222161
0.316411
0.403110
0.484063
0.557626
0.621691
0.674367
0.693042
0.688245
0.669945
0.644540
0.616070
0.587025
0.558882
0.532468
0.508191
0.486196
0.405131
0.311312
0.218117
0.130478
0.051340
0.000000
0.000000
-0.108931
-0.227433
-0.321147
-0.407616
-0.488288
-0.561451
-0.625000
-0.677059
-0.693780
-0.687810
-0.668844
-0.643097
-0.614488
-0.585430
-0.557348
-0.531034
-0.506876
-0.482474
-0.399493
-0.305422
-0.212462
-0.125286
-0.046772
0.000000
0.000000
0.117224
0.232901
0.326014
0.412219
0.492577
0.565308
0.628309
0.679574
0.694383
0.687272
0.667662
0.641590
0.612855
0.583793
0.555778
0.529572
0.505538
0.476272
0.392399
0.298438
0.205956
0.119477
0.041823
0.000000
0.000000
-0.126644
-0.239113
-0.331548
-0.417459
-0.497468
-0.569718
-0.632105
-0.680932
-0.694260
-0.686289
-0.666218
-0.639939
-0.611154
-0.582134
-0.554216
-0.528132
-0.504231
-0.470256
-0.385520
-0.291666
-0.199648
-0.113845
-0.037026
0.000000
0.000000
0.135919
0.245277
0.337075
0.422722
0.502412
0.574210
0.636011
0.682431
0.694290
0.685459
0.664922
0.638425
0.609578
0.580590
0.552755
0.526782
0.503005
0.464552
0.379015
0.285286
0.193730
0.108585
0.032572
0.000000
0.000000
-0.144690
-0.251132
-0.342340
-0.427747
-0.507141
-0.578515
-0.639764
-0.683884
-0.694338
-0.684685
-0.663701
-0.636995
-0.608087
-0.579126
-0.551370
-0.525502
-0.501841
-0.459073
-0.372767
-0.279158
-0.188047
-0.103537
-0.028300
0.000000
0.000000
0.153083
0.256729
0.347368
0.432543
0.511653
0.582619
0.643339
0.685262
0.694374
0.683936
0.662525
0.635620
0.606654
0.577721
0.550041
0.524275
0.500725
0.453826
0.366781
0.273287
0.182600
0.098696
0.024202
0.000000
-0.005943
-0.160943
-0.262756
-0.352903
-0.437724
-0.516380
-0.586760
-0.646771
-0.686361
-0.694063
-0.682814
-0.660978
-0.633891
-0.604893
-0.576015
-0.548441
-0.522804
-0.499393
-0.448349
-0.360553
-0.267165
-0.176903
-0.093611
-0.019871
0.000000
0.018439
0.168892
0.269673
0.359345
0.443646
0.521628
0.591182
0.650240
0.687195
0.693323
0.681187
0.658902
0.631641
0.602637
0.573853
0.546426
0.520960
0.497728
0.443329
0.354861
0.261500
0.171540
0.088725
0.015600
0.000000
-0.030565
-0.176616
-0.276396
-0.365608
-0.449403
-0.526732
-0.595483
-0.653614
-0.688012
-0.692611
-0.679613
-0.656892
-0.629462
-0.600452
-0.571758
-0.544472
-0.519173
-0.496114
-0.438447
-0.349332
-0.256004
-0.166345
-0.084000
-0.011477
0.000000
0.042083
0.183893
0.282692
0.371444
0.454742
0.531435
0.599413
0.656659
0.688674
0.691853
0.678058
0.654938
0.627358
0.598351
0.569748
0.542601
0.517463
0.494571
0.433756
0.344012
0.250710
0.161334
0.079437
0.007490
0.000000
-0.053177
-0.190897
-0.288749
-0.377056
-0.459873
-0.535953
-0.603188
-0.659582
-0.689308
-0.691125
-0.676564
-0.653061
-0.625338
-0.596333
-0.567817
-0.540804
-0.515820
-0.493088
-0.429267
-0.338923
-0.245647
-0.156544
-0.075074
-0.003678
0.000000
0.063800
0.197607
0.294554
0.382437
0.464795
0.540290
0.606813
0.662391
0.689923
0.690432
0.675137
0.651266
0.623405
0.594402
0.565969
0.539084
0.514248
0.491670
0.424708
0.333754
0.240522
0.151714
0.070699
0.000000
0.000000
-0.074576
-0.204473
-0.300528
-0.387995
-0.469896
-0.544800
-0.610600
-0.665344
-0.690578
-0.689716
-0.673651
-0.649394
-0.621387
-0.592385
-0.564039
-0.537286
-0.512605
-0.490187
-0.419614
-0.327954
-0.234763
-0.146285
-0.065779
0.000000
0.000000
0.083406
0.210383
0.305840
0.393054
0.474642
0.549101
0.614323
0.668377
0.691414
0.689234
0.672420
0.647777
0.619614
0.590597
0.562319
0.535678
0.511132
0.488855
0.414697
0.322305
0.229117
0.140929
0.060892
0.000000
0.000000
-0.092011
-0.216122
-0.310987
-0.397947
-0.479222
-0.553242
-0.617898
-0.671279
-0.692191
-0.688738
-0.671201
-0.646189
-0.617877
-0.588847
-0.560636
-0.534107
-0.509692
-0.487554
-0.410015
-0.316923
-0.223730
-0.135809
-0.056212
0.000000
0.000000
0.100299
0.221663
0.315965
0.402685
0.483664
0.557265
0.621379
0.674113
0.692972
0.688286
0.670049
0.644677
0.616220
0.587175
0.559027
0.532604
0.508315
0.486308
0.405535
0.311776
0.218581
0.130919
0.051743
0.000000
0.000000
-0.108217
-0.226956
-0.320719
-0.407209
-0.487906
-0.561105
-0.624701
-0.676816
-0.693713
-0.687849
-0.668943
-0.643227
-0.614632
-0.585574
-0.557486
-0.531164
-0.506995
-0.483015
-0.400112
-0.306033
-0.213033
-0.125797
-0.047209
0.000000
0.000000
0.116415
0.232373
0.325547
0.411780
0.492169
0.564944
0.627998
0.679469
0.694404
0.687365
0.667793
0.641737
0.613006
0.583939
0.555916
0.529698
0.505653
0.476796
0.392998
0.299028
0.206507
0.119969
0.042243
0.000000
0.000000
-0.125836
-0.238577
-0.331067
-0.417002
-0.497039
-0.569329
-0.631767
-0.680802
-0.694258
-0.686361
-0.666331
-0.640070
-0.611291
-0.582268
-0.554343
-0.528249
-0.504338
-0.470750
-0.386083
-0.292218
-0.200160
-0.114299
-0.037410
0.000000
0.000000
0.135160
0.244770
0.336619
0.422287
0.502002
0.573836
0.635685
0.682304
0.694285
0.685526
0.665028
0.638549
0.609707
0.580716
0.552875
0.526893
0.503105
0.465026
0.379556
0.285816
0.194222
0.109022
0.032942
0.000000
0.000000
-0.143964
-0.250648
-0.341905
-0.427332
-0.506751
-0.578160
-0.639455
-0.683765
-0.694335
-0.684750
-0.663803
-0.637114
-0.608211
-0.579248
-0.551485
-0.525609
-0.501938
-0.459528
-0.373285
-0.279667
-0.188519
-0.103956
-0.028655
0.000000
0.000000
0.152386
0.256264
0.346951
0.432145
0.511278
0.582278
0.643042
0.685148
0.694371
0.683998
0.662622
0.635734
0.606773
0.577838
0.550152
0.524377
0.500817
0.454261
0.367278
0.273773
0.183052
0.099097
0.024541
0.000000
-0.004948
-0.160308
-0.262201
-0.352384
-0.437246
-0.515954
-0.586399
-0.646487
-0.686289
-0.694118
-0.682941
-0.661142
-0.634069
-0.605072
-0.576187
-0.548602
-0.522951
-0.499525
-0.448775
-0.361035
-0.267643
-0.177354
-0.094020
-0.020226
0.000000
0.017425
0.168247
0.269110
0.358821
0.443164
0.521201
0.590822
0.649957
0.687126
0.693382
0.681318
0.659070
0.631823
0.602820
0.574028
0.546589
0.521110
0.497863
0.443738
0.355324
0.261960
0.171975
0.089121
0.015945
0.000000
-0.029598
-0.176004
-0.275865
-0.365115
-0.448952
-0.526334
-0.595150
-0.653356
-0.687954
-0.692674
-0.679742
-0.657055
-0.629638
-0.600628
-0.571926
-0.544629
-0.519317
-0.496243
-0.438840
-0.349778
-0.256448
-0.166764
-0.084382
-0.011811
0.000000
0.041153
0.183306
0.282185
0.370973
0.454311
0.531056
0.599097
0.656414
0.688620
0.691914
0.678183
0.655095
0.627527
0.598520
0.569910
0.542752
0.517601
0.494695
0.434132
0.344439
0.251135
0.161736
0.079803
0.007810
0.000000
-0.052286
-0.190334
-0.288262
-0.376604
-0.459460
-0.535590
-0.602884
-0.659346
-0.689257
-0.691183
-0.676684
-0.653211
-0.625500
-0.596495
-0.567972
-0.540948
-0.515952
-0.493207
-0.429628
-0.339332
-0.246054
-0.156929
-0.075424
-0.003985
0.000000
0.062946
0.197068
0.294088
0.382005
0.464400
0.539942
0.606522
0.662165
0.689874
0.690488
0.675252
0.651410
0.623560
0.594557
0.566118
0.539222
0.514374
0.491784
0.425098
0.334197
0.240959
0.152125
0.071069
0.000199
0.000000
-0.073737
-0.203928
-0.300047
-0.387543
-0.469477
-0.544427
-0.610282
-0.665092
-0.690517
-0.689770
-0.673770
-0.649545
-0.621550
-0.592549
-0.564196
-0.537433
-0.512739
-0.490308
-0.420040
-0.328442
-0.235250
-0.146747
-0.066199
0.000000
0.000000
0.082661
0.209886
0.305394
0.392630
0.474244
0.548741
0.614012
0.668125
0.691346
0.689276
0.672525
0.647914
0.619764
0.590748
0.562464
0.535814
0.511256
0.488967
0.415105
0.322774
0.229586
0.141374
0.061299
0.000000
0.000000
-0.091292
-0.215643
-0.310557
-0.397537
-0.478839
-0.552895
-0.617598
-0.671035
-0.692125
-0.688778
-0.671302
-0.646320
-0.618022
-0.588993
-0.560776
-0.534238
-0.509812
-0.487662
-0.410405
-0.317371
-0.224178
-0.136235
-0.056601
0.000000
0.000000
0.099610
0.221203
0.315551
0.402291
0.483295
0.556930
0.621090
0.673877
0.692908
0.688324
0.670145
0.644803
0.616358
0.587315
0.559161
0.532729
0.508429
0.486412
0.405908
0.312205
0.219010
0.131326
0.052116
0.000000
0.000000
-0.107558
-0.226516
-0.320323
-0.406832
-0.487553
-0.560785
-0.624424
-0.676591
-0.693652
-0.687886
-0.669036
-0.643348
-0.614764
-0.585707
-0.557615
-0.531284
-0.507105
-0.483515
-0.400685
-0.306598
-0.213560
-0.126270
-0.047613
0.000000
0.000000
0.115667
0.231885
0.325116
0.411374
0.491793
0.564607
0.627711
0.679244
0.694350
0.687413
0.667899
0.641872
0.613153
0.584086
0.556057
0.529829
0.505773
0.477362
0.393645
0.299664
0.207097
0.120495
0.042689
0.000000
0.000000
-0.124967
-0.238000
-0.330550
-0.416510
-0.496578
-0.568911
-0.631405
-0.680668
-0.694262
-0.686446
-0.666460
-0.640219
-0.611445
-0.582419
-0.554485
-0.528380
-0.504457
-0.471302
-0.386714
-0.292839
-0.200738
-0.114815
-0.037849
0.000000
0.000000
0.134309
0.244204
0.336111
0.421804
0.501548
0.573424
0.635326
0.682167
0.694282
0.685602
0.665147
0.638688
0.609852
0.580858
0.553009
0.527017
0.503218
0.465551
0.380156
0.286404
0.194767
0.109507
0.033353
0.000000
0.000000
-0.143156
-0.250109
-0.341420
-0.426870
-0.506316
-0.577764
-0.639110
-0.683632
-0.694331
-0.684821
-0.663915
-0.637246
-0.608348
-0.579382
-0.551613
-0.525727
-0.502045
-0.460032
-0.373860
-0.280231
-0.189042
-0.104421
-0.029048
0.000000
0.000000
0.151613
0.255749
0.346488
0.431703
0.510862
0.581900
0.642713
0.685021
0.694368
0.684067
0.662731
0.635860
0.606905
0.577967
0.550274
0.524490
0.500920
0.454744
0.367829
0.274314
0.183553
0.099543
0.024919
0.000000
-0.003845
-0.159602
-0.261584
-0.351808
-0.436715
-0.515482
-0.586000
-0.646171
-0.686209
-0.694179
-0.683083
-0.661324
-0.634267
-0.605270
-0.576378
-0.548779
-0.523114
-0.499673
-0.449336
-0.361672
-0.268270
-0.177937
-0.094542
-0.020672
0.000000
0.016155
0.167444
0.268415
0.358175
0.442572
0.520679
0.590384
0.649616
0.687049
0.693462
0.681487
0.659283
0.632053
0.603050
0.574248
0.546794
0.521297
0.498032
0.444253
0.355908
0.262541
0.172524
0.089621
0.016382
0.000000
-0.028362
-0.175218
-0.275183
-0.364480
-0.448369
-0.525818
-0.594715
-0.653016
-0.687873
-0.692748
-0.679904
-0.657260
-0.629860
-0.600851
-0.572140
-0.544828
-0.519499
-0.496408
-0.439338
-0.350342
-0.257008
-0.167294
-0.084864
-0.012232
0.000000
0.039978
0.182563
0.281542
0.370377
0.453766
0.530575
0.598695
0.656103
0.688552
0.691991
0.678341
0.655294
0.627742
0.598734
0.570115
0.542942
0.517775
0.494852
0.434611
0.344981
0.251674
0.162247
0.080268
0.008216
0.000000
-0.051155
-0.189620
-0.287644
-0.376032
-0.458937
-0.535129
-0.602499
-0.659048
-0.689192
-0.691257
-0.676836
-0.653403
-0.625706
-0.596700
-0.568169
-0.541131
-0.516120
-0.493358
-0.430086
-0.339851
-0.246570
-0.157417
-0.075869
-0.004373
0.000000
0.061864
0.196384
0.293496
0.381456
0.463898
0.539500
0.606152
0.661879
0.689811
0.690558
0.675398
0.651593
0.623757
0.594754
0.566306
0.539397
0.514535
0.491928
0.425593
0.334758
0.241514
0.152645
0.071538
0.000604
0.000000
-0.072545
-0.203163
-0.299379
-0.386920
-0.468904
-0.543919
-0.609854
-0.664757
-0.690443
-0.689851
-0.673938
-0.649757
-0.621779
-0.592778
-0.564415
-0.537637
-0.512926
-0.490476
-0.420617
-0.329102
-0.235908
-0.147370
-0.066767
0.000000
0.000000
0.081653
0.209212
0.304790
0.392055
0.473705
0.548253
0.613590
0.667782
0.691252
0.689331
0.672665
0.648098
0.619966
0.590951
0.562659
0.535997
0.511423
0.489118
0.415660
0.323410
0.230222
0.141978
0.061850
0.000000
0.000000
-0.090320
-0.214994
-0.309975
-0.396984
-0.478321
-0.552426
-0.617193
-0.670706
-0.692037
-0.688833
-0.671439
-0.646499
-0.618217
-0.589190
-0.560966
-0.534415
-0.509975
-0.487809
-0.410934
-0.317979
-0.224786
-0.136813
-0.057129
0.000000
0.000000
0.098675
0.220578
0.314989
0.401756
0.482794
0.556477
0.620697
0.673558
0.692820
0.688375
0.670275
0.644973
0.616545
0.587503
0.559343
0.532899
0.508585
0.486553
0.406414
0.312786
0.219592
0.131879
0.052621
0.000000
0.000000
-0.106663
-0.225918
-0.319786
-0.406321
-0.487074
-0.560352
-0.624049
-0.676286
-0.693568
-0.687935
-0.669160
-0.643512
-0.614943
-0.585888
-0.557789
-0.531446
-0.507254
-0.484192
-0.401461
-0.307364
-0.214275
-0.126911
-0.048161
0.000000
0.000000
0.114653
0.231223
0.324530
0.410823
0.491282
0.564150
0.627322
0.678934
0.694274
0.687477
0.668042
0.642055
0.613351
0.584285
0.556248
0.530007
0.505936
0.478133
0.394526
0.300530
0.207901
0.121211
0.043296
0.000000
0.000000
-0.123784
-0.237213
-0.329846
-0.415840
-0.495950
-0.568341
-0.630911
-0.680485
-0.694268
-0.686562
-0.666635
-0.640422
-0.611655
-0.582624
-0.554679
-0.528559
-0.504619
-0.472056
-0.387576
-0.293686
-0.201527
-0.115518
-0.038448
0.000000
0.000000
0.133148
0.243433
0.335419
0.421145
0.500929
0.572861
0.634837
0.681979
0.694279
0.685706
0.665309
0.638878
0.610050
0.581052
0.553193
0.527186
0.503372
0.466268
0.380973
0.287206
0.195511
0.110168
0.033912
0.000000
0.000000
-0.142054
-0.249374
-0.340759
-0.426239
-0.505722
-0.577224
-0.638639
-0.683449
-0.694325
-0.684918
-0.664069
-0.637425
-0.608535
-0.579566
-0.551787
-0.525887
-0.502191
-0.460719
-0.374645
-0.281000
-0.189755
-0.105054
-0.029584
0.000000
0.000000
0.150559
0.255046
0.345856
0.431101
0.510296
0.581385
0.642264
0.684847
0.694363
0.684160
0.662878
0.636033
0.607085
0.578143
0.550441
0.524644
0.501060
0.455403
0.368580
0.275051
0.184237
0.100151
0.025433
0.000000
-0.002340
-0.158640
-0.260744
-0.351023
-0.435991
-0.514838
-0.585454
-0.645740
-0.686100
-0.694263
-0.683275
-0.661572
-0.634537
-0.605541
-0.576638
-0.549022
-0.523336
-0.499873
-0.450102
-0.362541
-0.269124
-0.178733
-0.095253
-0.021279
0.000000
0.014425
0.166349
0.267466
0.357294
0.441765
0.519966
0.589787
0.649152
0.686944
0.693571
0.681716
0.659573
0.632366
0.603363
0.574548
0.547073
0.521553
0.498262
0.444955
0.356704
0.263333
0.173273
0.090303
0.016978
0.000000
-0.026678
-0.174148
-0.274252
-0.363614
-0.447574
-0.525114
-0.594123
-0.652552
-0.687763
-0.692849
-0.680124
-0.657540
-0.630163
-0.601155
-0.572431
-0.545100
-0.519747
-0.496632
-0.440016
-0.351110
-0.257772
-0.168017
-0.085521
-0.012805
0.000000
0.038375
0.181550
0.280665
0.369565
0.453023
0.529920
0.598147
0.655678
0.688459
0.692096
0.678557
0.655565
0.628034
0.599026
0.570394
0.543203
0.518013
0.495067
0.435262
0.345720
0.252410
0.162943
0.080901
0.008769
0.000000
-0.049614
-0.188647
-0.286803
-0.375252
-0.458224
-0.534501
-0.601974
-0.658642
-0.689104
-0.691358
-0.677044
-0.653663
-0.625986
-0.596981
-0.568437
-0.541381
-0.516348
-0.493564
-0.430709
-0.340558
-0.247274
-0.158083
-0.076476
-0.004903
0.000000
0.060387
0.195451
0.292689
0.380708
0.463214
0.538897
0.605649
0.661489
0.689726
0.690655
0.675596
0.651843
0.624026
0.595022
0.566563
0.539636
0.514753
0.492125
0.426268
0.335524
0.242271
0.153355
0.072178
0.001156
0.000000
-0.070920
-0.202121
-0.298468
-0.386070
-0.468123
-0.543226
-0.609271
-0.664300
-0.690342
-0.689962
-0.674168
-0.650047
-0.622092
-0.593090
-0.564714
-0.537915
-0.513180
-0.490706
-0.421405
-0.330002
-0.236805
-0.148219
-0.067540
0.000000
0.000000
0.080278
0.208294
0.303965
0.391271
0.472970
0.547588
0.613015
0.667313
0.691123
0.689407
0.672857
0.648349
0.620241
0.591229
0.562926
0.536246
0.511652
0.489325
0.416415
0.324278
0.231090
0.142801
0.062601
0.000000
0.000000
-0.088995
-0.214110
-0.309182
-0.396230
-0.477614
-0.551787
-0.616642
-0.670258
-0.691916
-0.688909
-0.671626
-0.646744
-0.618484
-0.589459
-0.561225
-0.534657
-0.510196
-0.488009
-0.411655
-0.318807
-0.225616
-0.137601
-0.057849
0.000000
0.000000
0.097400
0.219725
0.314224
0.401028
0.482111
0.555858
0.620162
0.673122
0.692700
0.688445
0.670453
0.645206
0.616800
0.587761
0.559591
0.533130
0.508797
0.486744
0.407104
0.313579
0.220385
0.132632
0.053309
0.000000
0.000000
-0.105444
-0.225103
-0.319054
-0.405625
-0.486421
-0.559760
-0.623538
-0.675869
-0.693454
-0.688002
-0.669331
-0.643735
-0.615188
-0.586135
-0.558026
-0.531668
-0.507457
-0.485116
-0.402519
-0.308408
-0.215250
-0.127784
-0.048908
0.000000
0.000000
0.113270
0.230321
0.323733
0.410072
0.490586
0.563527
0.626791
0.678511
0.694170
0.687564
0.668236
0.642304
0.613622
0.584557
0.556508
0.530250
0.506158
0.479185
0.395728
0.301710
0.208998
0.122186
0.044124
0.000000
0.000000
-0.122170
-0.236141
-0.328885
-0.414927
-0.495093
-0.567565
-0.630239
-0.680235
-0.694276
-0.686721
-0.666875
-0.640698
-0.611941
-0.582904
-0.554943
-0.528802
-0.504841
-0.473083
-0.388750
-0.294842
-0.202602
-0.116478
-0.039264
0.000000
0.000000
0.131566
0.242381
0.334476
0.420246
0.500085
0.572094
0.634170
0.681723
0.694274
0.685848
0.665531
0.639137
0.610319
0.581316
0.553442
0.527417
0.503582
0.467245
0.382087
0.288299
0.196525
0.111069
0.034676
0.000000
0.000000
-0.140553
-0.248372
-0.339858
-0.425379
-0.504913
-0.576487
-0.637997
-0.683201
-0.694317
-0.685051
-0.664278
-0.637670
-0.608791
-0.579817
-0.552024
-0.526106
-0.502390
-0.461657
-0.375714
-0.282048
-0.190727
-0.105918
-0.030316
0.000000
0.000000
0.149123
0.254088
0.344995
0.430280
0.509523
0.580682
0.641652
0.684611
0.694357
0.684289
0.663079
0.636268
0.607330
0.578384
0.550668
0.524854
0.501251
0.456301
0.369604
0.276055
0.185169
0.100979
0.026134
0.000000
-0.000288
-0.157328
-0.259598
-0.349953
-0.435004
-0.513960
-0.584711
-0.645153
-0.685951
-0.694377
-0.683538
-0.661910
-0.634904
-0.605910
-0.576993
-0.549353
-0.523639
-0.500147
-0.451146
-0.363725
-0.270288
-0.179818
-0.096223
-0.022107
0.000000
0.012065
0.164856
0.266172
0.356093
0.440665
0.518995
0.588973
0.648519
0.686800
0.693720
0.682029
0.659969
0.632793
0.603790
0.574957
0.547454
0.521901
0.498577
0.445912
0.357789
0.264412
0.174295
0.091233
0.017790
0.000000
-0.024382
-0.172688
-0.272983
-0.362433
-0.446490
-0.524154
-0.593316
-0.651920
-0.687613
-0.692986
-0.680424
-0.657922
-0.630577
-0.601569
-0.572828
-0.545470
-0.520085
-0.496937
-0.440941
-0.352158
-0.258814
-0.169002
-0.086418
-0.013587
0.000000
0.036190
0.180169
0.279470
0.368457
0.452009
0.529027
0.597400
0.655099
0.688333
0.692239
0.678852
0.655936
0.628433
0.599425
0.570775
0.543557
0.518337
0.495359
0.436151
0.346728
0.253412
0.163892
0.081765
0.009524
0.000000
-0.047512
-0.187320
-0.285655
-0.374189
-0.457251
-0.533645
-0.601259
-0.658088
-0.688983
-0.691496
-0.677326
-0.654019
-0.626369
-0.597363
-0.568803
-0.541721
-0.516659
-0.493845
-0.431560
-0.341523
-0.248233
-0.158991
-0.077302
-0.005625
0.000000
0.058374
0.194180
0.291589
0.379689
0.462281
0.538076
0.604962
0.660956
0.689609
0.690786
0.675866
0.652183
0.624392
0.595388
0.566913
0.539962
0.515051
0.492394
0.427163
0.336539
0.243275
0.154299
0.073030
0.001893
0.000000
-0.068775
-0.200749
-0.297272
-0.384956
-0.467099
-0.542320
-0.608510
-0.663705
-0.690210
-0.690107
-0.674469
-0.650425
-0.622499
-0.593497
-0.565104
-0.538278
-0.513511
-0.491005
-0.422432
-0.331173
-0.237971
-0.149321
-0.068542
0.000000
0.000000
0.078491
0.207099
0.302892
0.390249
0.472012
0.546720
0.612264
0.666702
0.690955
0.689505
0.673106
0.648676
0.620599
0.591590
0.563274
0.536571
0.511950
0.489594
0.417403
0.325414
0.232224
0.143878
0.063583
0.000000
0.000000
-0.087264
-0.212955
-0.308146
-0.395245
-0.476692
-0.550953
-0.615921
-0.669673
-0.691759
-0.689008
-0.671871
-0.647063
-0.618834
-0.589811
-0.561563
-0.534973
-0.510485
-0.488271
-0.412597
-0.319890
-0.226699
-0.138631
-0.058791
0.000000
0.000000
0.095733
0.218611
0.313223
0.400075
0.481218
0.555050
0.619463
0.672553
0.692543
0.688536
0.670685
0.645511
0.617134
0.588097
0.559914
0.533433
0.509074
0.486995
0.408005
0.314614
0.221421
0.133616
0.054208
0.000000
0.000000
-0.103851
-0.224038
-0.318098
-0.404715
-0.485568
-0.558988
-0.622870
-0.675326
-0.693305
-0.688090
-0.669553
-0.644026
-0.615507
-0.586457
-0.558336
-0.531958
-0.507723
-0.485773
-0.403607
-0.309561
-0.216365
-0.128813
-0.049819
0.000000
0.000000
0.111622
0.229232
0.322762
0.409153
0.489728
0.562755
0.626128
0.677976
0.694031
0.687661
0.668467
0.642604
0.613948
0.584885
0.556824
0.530545
0.506428
0.480436
0.397158
0.303118
0.210310
0.123358
0.045123
0.000000
0.000000
-0.120276
-0.234894
-0.327776
-0.413877
-0.494114
-0.566684
-0.629482
-0.679968
-0.694306
-0.686923
-0.667169
-0.641033
-0.612286
-0.583240
-0.555259
-0.529094
-0.505105
-0.474299
-0.390140
-0.296211
-0.203878
-0.117618
-0.040236
0.000000
0.000000
0.129692
0.241136
0.333359
0.419183
0.499087
0.571188
0.633382
0.681421
0.694269
0.686016
0.665793
0.639443
0.610638
0.581628
0.553737
0.527690
0.503830
0.468396
0.383399
0.289586
0.197719
0.112130
0.035574
0.000000
0.000000
-0.138782
-0.247190
-0.338795
-0.424365
-0.503958
-0.575618
-0.637239
-0.682907
-0.694307
-0.685207
-0.664524
-0.637959
-0.609092
-0.580112
-0.552303
-0.526365
-0.502625
-0.462762
-0.376974
-0.283284
-0.191874
-0.106937
-0.031178
0.000000
0.000000
0.147430
0.252959
0.343981
0.429312
0.508613
0.579854
0.640930
0.684334
0.694349
0.684440
0.663316
0.636546
0.607619
0.578667
0.550936
0.525101
0.501476
0.457360
0.370812
0.277240
0.186268
0.101956
0.026961
0.000000
0.000000
-0.155712
-0.258483
-0.348945
-0.434047
-0.513067
-0.583906
-0.644460
-0.685695
-0.694386
-0.683702
-0.662157
-0.635190
-0.606206
-0.577282
-0.549626
-0.523890
-0.500375
-0.452186
-0.364910
-0.271451
-0.180897
-0.097183
-0.022920
0.000000
0.009693
0.163341
0.264850
0.354860
0.439529
0.517985
0.588119
0.647845
0.686632
0.693854
0.682334
0.660360
0.633219
0.604218
0.575367
0.547837
0.522251
0.498893
0.446858
0.358862
0.265481
0.175307
0.092156
0.018597
0.000000
-0.022078
-0.171218
-0.271701
-0.361237
-0.445389
-0.523177
-0.592490
-0.651271
-0.687452
-0.693118
-0.680720
-0.658302
-0.630989
-0.601983
-0.573226
-0.545840
-0.520425
-0.497244
-0.441867
-0.353206
-0.259855
-0.169986
-0.087312
-0.014368
0.000000
0.034009
0.178791
0.278278
0.367352
0.450998
0.528137
0.596657
0.654523
0.688208
0.692383
0.679147
0.656306
0.628832
0.599823
0.571156
0.543912
0.518661
0.495652
0.437041
0.347737
0.254417
0.164842
0.082631
0.010281
0.000000
-0.045408
-0.185992
-0.284507
-0.373125
-0.456278
-0.532788
-0.600543
-0.657534
-0.688863
-0.691635
-0.677610
-0.654375
-0.626752
-0.597746
-0.569169
-0.542062
-0.516971
-0.494126
-0.432411
-0.342488
-0.249194
-0.159899
-0.078130
-0.006348
0.000000
0.056360
0.192907
0.290488
0.378668
0.461348
0.537253
0.604274
0.660423
0.689493
0.690917
0.676137
0.652523
0.624759
0.595754
0.567264
0.540289
0.515349
0.492663
0.427979
0.337463
0.244194
0.155169
0.073823
0.002585
0.000000
-0.066846
-0.199531
-0.296219
-0.383980
-0.466206
-0.541533
-0.607852
-0.663196
-0.690099
-0.690233
-0.674728
-0.650751
-0.622850
-0.593848
-0.565439
-0.538590
-0.513797
-0.491263
-0.423314
-0.332174
-0.238960
-0.150249
-0.069378
0.000000
0.000000
0.076973
0.206081
0.301975
0.389375
0.471192
0.545976
0.611619
0.666176
0.690809
0.689587
0.673317
0.648954
0.620904
0.591898
0.563571
0.536848
0.512204
0.489824
0.418260
0.326398
0.233208
0.144811
0.064434
0.000000
0.000000
-0.085768
-0.211958
-0.307252
-0.394396
-0.475897
-0.550235
-0.615302
-0.669171
-0.691625
-0.689096
-0.672084
-0.647340
-0.619136
-0.590116
-0.561856
-0.535246
-0.510736
-0.488497
-0.413411
-0.320826
-0.227636
-0.139522
-0.059605
0.000000
0.000000
0.094290
0.217646
0.312356
0.399250
0.480445
0.554349
0.618856
0.672059
0.692407
0.688614
0.670885
0.645773
0.617422
0.588388
0.560194
0.533694
0.509314
0.487212
0.408784
0.315509
0.222316
0.134466
0.054985
0.000000
0.000000
-0.102474
-0.223117
-0.317271
-0.403928
-0.484830
-0.558320
-0.622292
-0.674855
-0.693176
-0.688166
-0.669745
-0.644278
-0.615783
-0.586735
-0.558604
-0.532208
-0.507952
-0.485981
-0.404354
-0.310420
-0.217224
-0.129629
-0.050565
0.000000
0.000000
0.110302
0.228350
0.321970
0.408400
0.489022
0.562115
0.625575
0.677527
0.693908
0.687734
0.668652
0.642846
0.614213
0.585152
0.557081
0.530785
0.506648
0.481436
0.398304
0.304248
0.211365
0.124304
0.045931
0.000000
0.000000
-0.118779
-0.233917
-0.326912
-0.413064
-0.493360
-0.566009
-0.628907
-0.679774
-0.694344
-0.687094
-0.667411
-0.641306
-0.612565
-0.583511
-0.555514
-0.529328
-0.505318
-0.475267
-0.391248
-0.297303
-0.204897
-0.118529
-0.041014
0.000000
0.000000
0.128197
0.240144
0.332471
0.418338
0.498293
0.570467
0.632756
0.681181
0.694264
0.686150
0.666002
0.639686
0.610891
0.581876
0.553972
0.527906
0.504027
0.469308
0.384439
0.290606
0.198665
0.112971
0.036286
0.000000
0.000000
-0.137378
-0.246252
-0.337951
-0.423559
-0.503200
-0.574927
-0.636636
-0.682673
-0.694298
-0.685331
-0.664719
-0.638188
-0.609330
-0.580346
-0.552525
-0.526569
-0.502811
-0.463640
-0.377975
-0.284266
-0.192784
-0.107745
-0.031862
0.000000
0.000000
0.146086
0.252063
0.343176
0.428545
0.507891
0.579197
0.640358
0.684113
0.694344
0.684560
0.663505
0.636766
0.607848
0.578892
0.551149
0.525298
0.501655
0.458200
0.371771
0.278181
0.187140
0.102731
0.027618
0.000000
0.000000
-0.154423
-0.257623
-0.348172
-0.433310
-0.512373
-0.583275
-0.643910
-0.685483
-0.694380
-0.683816
-0.662338
-0.635401
-0.606426
-0.577497
-0.549830
-0.524079
-0.500547
-0.452990
-0.365828
-0.272351
-0.181732
-0.097925
-0.023549
0.000000
0.007853
0.162165
0.263823
0.353900
0.438644
0.517198
0.587452
0.647319
0.686499
0.693957
0.682570
0.660663
0.633548
0.604549
0.575685
0.548133
0.522522
0.499138
0.447589
0.359691
0.266307
0.176089
0.092870
0.019222
0.000000
-0.020293
-0.170077
-0.270706
-0.360309
-0.444534
-0.522417
-0.591848
-0.650765
-0.687326
-0.693218
-0.680949
-0.658596
-0.631309
-0.602304
-0.573533
-0.546127
-0.520687
-0.497481
-0.442584
-0.354018
-0.260662
-0.170748
-0.088005
-0.014972
0.000000
0.032320
0.177725
0.277355
0.366496
0.450216
0.527448
0.596081
0.654078
0.688112
0.692495
0.679375
0.656593
0.629141
0.600131
0.571451
0.544187
0.518912
0.495878
0.437731
0.348519
0.255195
0.165579
0.083302
0.010868
0.000000
-0.043777
-0.184963
-0.283617
-0.372300
-0.455525
-0.532124
-0.599989
-0.657105
-0.688770
-0.691742
-0.677830
-0.654651
-0.627049
-0.598043
-0.569453
-0.542326
-0.517212
-0.494344
-0.433071
-0.343235
-0.249937
-0.160603
-0.078771
-0.006908
0.000000
0.054799
0.191921
0.289635
0.377877
0.460624
0.536616
0.603742
0.660011
0.689402
0.691019
0.676346
0.652787
0.625043
0.596038
0.567535
0.540541
0.515580
0.492872
0.428611
0.338179
0.244907
0.155843
0.074436
0.003121
0.000000
-0.065352
-0.198587
-0.295402
-0.383223
-0.465514
-0.540923
-0.607342
-0.662801
-0.690013
-0.690331
-0.674929
-0.651004
-0.623122
-0.594119
-0.565699
-0.538832
-0.514018
-0.491462
-0.423998
-0.332949
-0.239726
-0.150968
-0.070026
0.000000
0.000000
0.075797
0.205293
0.301265
0.388698
0.470556
0.545399
0.611119
0.665768
0.690695
0.689650
0.673481
0.649170
0.621141
0.592137
0.563800
0.537063
0.512401
0.490002
0.418924
0.327161
0.233971
0.145534
0.065094
0.000000
0.000000
-0.084610
-0.211185
-0.306560
-0.393738
-0.475281
-0.549679
-0.614822
-0.668782
-0.691522
-0.689163
-0.672249
-0.647554
-0.619371
-0.590352
-0.562083
-0.535458
-0.510930
-0.488672
-0.414042
-0.321551
-0.228362
-0.140212
-0.060237
0.000000
0.000000
0.093172
0.216899
0.311685
0.398611
0.479845
0.553806
0.618386
0.671676
0.692301
0.688675
0.671040
0.645977
0.617645
0.588613
0.560411
0.533897
0.509500
0.487380
0.409388
0.316203
0.223009
0.135125
0.055586
0.000000
0.000000
-0.101408
-0.222404
-0.316630
-0.403318
-0.484258
-0.557802
-0.621844
-0.674491
-0.693076
-0.688225
-0.669894
-0.644474
-0.615997
-0.586951
-0.558812
-0.532402
-0.508130
-0.486141
-0.404933
-0.311085
-0.217890
-0.130262
-0.051143
0.000000
0.000000
0.109280
0.227666
0.321356
0.407816
0.488475
0.561620
0.625146
0.677178
0.693812
0.687791
0.668795
0.643033
0.614418
0.585359
0.557280
0.530971
0.506818
0.482210
0.399191
0.305124
0.212183
0.125036
0.046558
0.000000
0.000000
-0.117620
-0.233160
-0.326243
-0.412434
-0.492776
-0.565487
-0.628461
-0.679625
-0.694373
-0.687227
-0.667598
-0.641517
-0.612782
-0.583721
-0.555711
-0.529510
-0.505482
-0.476016
-0.392107
-0.298149
-0.205687
-0.119236
-0.041617
0.000000
0.000000
0.127039
0.239375
0.331783
0.417682
0.497678
0.569909
0.632271
0.680995
0.694261
0.686253
0.666163
0.639874
0.611087
0.582069
0.554154
0.528074
0.504179
0.470015
0.385245
0.291396
0.199398
0.113622
0.036837
0.000000
0.000000
-0.136290
-0.245525
-0.337298
-0.422935
-0.502613
-0.574392
-0.636170
-0.682492
-0.694292
-0.685426
-0.664870
-0.638365
-0.609515
-0.580528
-0.552697
-0.526728
-0.502955
-0.464320
-0.378751
-0.285026
-0.193489
-0.108371
-0.032391
0.000000
0.000000
0.145045
0.251369
0.342553
0.427950
0.507332
0.578689
0.639915
0.683943
0.694340
0.684653
0.663651
0.636937
0.608026
0.579067
0.551314
0.525450
0.501794
0.458851
0.372514
0.278910
0.187816
0.103332
0.028126
0.000000
0.000000
-0.153424
-0.256956
-0.347573
-0.432738
-0.511836
-0.582786
-0.643484
-0.685318
-0.694376
-0.683905
-0.662477
-0.635564
-0.606596
-0.577664
-0.549988
-0.524225
-0.500679
-0.453614
-0.366539
-0.273048
-0.182379
-0.098500
-0.024036
0.000000
0.006429
0.161254
0.263027
0.353157
0.437958
0.516588
0.586936
0.646911
0.686396
0.694036
0.682752
0.660898
0.633804
0.604805
0.575931
0.548363
0.522733
0.499328
0.448156
0.360334
0.266946
0.176696
0.093423
0.019706
0.000000
-0.018910
-0.169194
-0.269936
-0.359590
-0.443872
-0.521829
-0.591351
-0.650373
-0.687228
-0.693296
-0.681126
-0.658824
-0.631556
-0.602552
-0.573772
-0.546350
-0.520891
-0.497665
-0.443140
-0.354647
-0.261287
-0.171338
-0.088542
-0.015440
0.000000
0.031012
0.176898
0.276640
0.365834
0.449610
0.526914
0.595635
0.653732
0.688037
0.692582
0.679552
0.656816
0.629380
0.600371
0.571680
0.544400
0.519107
0.496054
0.438265
0.349125
0.255798
0.166150
0.083822
0.011322
0.000000
-0.042514
-0.184165
-0.282928
-0.371662
-0.454941
-0.531610
-0.599560
-0.656773
-0.688698
-0.691825
-0.678000
-0.654865
-0.627279
-0.598272
-0.569673
-0.542531
-0.517399
-0.494513
-0.433581
-0.343814
-0.250513
-0.161148
-0.079267
-0.007342
0.000000
0.053590
0.191158
0.288974
0.377265
0.460064
0.536122
0.603329
0.659691
0.689332
0.691098
0.676509
0.652991
0.625262
0.596258
0.567745
0.540737
0.515759
0.493033
0.429100
0.338734
0.245459
0.156365
0.074912
0.003537
0.000000
-0.064195
-0.197856
-0.294770
-0.382637
-0.464978
-0.540451
-0.606948
-0.662495
-0.689946
-0.690406
-0.675084
-0.651199
-0.623333
-0.594330
-0.565901
-0.539020
-0.514190
-0.491617
-0.424527
-0.333549
-0.240319
-0.151524
-0.070527
0.000000
0.000000
0.074886
0.204682
0.300715
0.388174
0.470064
0.544953
0.610732
0.665452
0.690608
0.689699
0.673608
0.649337
0.621324
0.592322
0.563979
0.537230
0.512553
0.490140
0.419438
0.327752
0.234561
0.146094
0.065604
0.000000
0.000000
-0.083712
-0.210587
-0.306023
-0.393228
-0.474805
-0.549248
-0.614450
-0.668480
-0.691441
-0.689216
-0.672376
-0.647721
-0.619552
-0.590534
-0.562259
-0.535622
-0.511080
-0.488808
-0.414531
-0.322113
-0.228925
-0.140746
-0.060725
0.000000
0.000000
0.092306
0.216320
0.311165
0.398116
0.479381
0.553385
0.618022
0.671380
0.692219
0.688722
0.671160
0.646135
0.617818
0.588788
0.560579
0.534054
0.509643
0.487510
0.409856
0.316740
0.223547
0.135635
0.056052
0.000000
0.000000
-0.100581
-0.221852
-0.316134
-0.402846
-0.483816
-0.557402
-0.621497
-0.674209
-0.692999
-0.688270
-0.670010
-0.644625
-0.616163
-0.587118
-0.558972
-0.532552
-0.508268
-0.486266
-0.405382
-0.311600
-0.218405
-0.130752
-0.051591
0.000000
0.000000
0.108488
0.227137
0.320881
0.407363
0.488051
0.561236
0.624814
0.676908
0.693738
0.687834
0.668906
0.643178
0.614577
0.585519
0.557434
0.531115
0.506950
0.482810
0.399878
0.305802
0.212816
0.125604
0.047043
0.000000
0.000000
-0.116721
-0.232573
-0.325724
-0.411946
-0.492324
-0.565082
-0.628116
-0.679509
-0.694396
-0.687330
-0.667743
-0.641681
-0.612949
-0.583884
-0.555864
-0.529650
-0.505610
-0.476597
-0.392771
-0.298805
-0.206298
-0.119783
-0.042084
0.000000
0.000000
0.126142
0.238780
0.331249
0.417175
0.497202
0.569476
0.631895
0.680851
0.694258
0.686333
0.666288
0.640020
0.611239
0.582218
0.554295
0.528204
0.504298
0.470563
0.385870
0.292009
0.199966
0.114127
0.037264
0.000000
0.000000
-0.135447
-0.244962
-0.336791
-0.422452
-0.502158
-0.573978
-0.635809
-0.682352
-0.694287
-0.685500
-0.664988
-0.638502
-0.609658
-0.580668
-0.552830
-0.526851
-0.503067
-0.464846
-0.379351
-0.285615
-0.194035
-0.108856
-0.032802
0.000000
0.000000
0.144239
0.250832
0.342070
0.427490
0.506899
0.578295
0.639572
0.683810
0.694336
0.684725
0.663764
0.637069
0.608164
0.579202
0.551442
0.525568
0.501901
0.459356
0.373089
0.279474
0.188340
0.103797
0.028520
0.000000
0.000000
-0.152650
-0.256440
-0.347109
-0.432296
-0.511420
-0.582407
-0.643155
-0.685191
-0.694372
-0.683974
-0.662585
-0.635691
-0.606728
-0.577794
-0.550110
-0.524338
-0.500782
-0.454097
-0.367090
-0.273589
-0.182881
-0.098945
-0.024413
0.000000
0.005325
0.160548
0.262411
0.352581
0.437427
0.516116
0.586536
0.646595
0.686316
0.694097
0.682893
0.661080
0.634002
0.605004
0.576122
0.548541
0.522896
0.499475
0.448595
0.360831
0.267442
0.177165
0.093851
0.020081
0.000000
-0.017839
-0.168510
-0.269339
-0.359033
-0.443359
-0.521373
-0.590966
-0.650070
-0.687152
-0.693357
-0.681264
-0.659001
-0.631748
-0.602745
-0.573957
-0.546522
-0.521049
-0.497807
-0.443570
-0.355134
-0.261771
-0.171796
-0.088958
-0.015803
0.000000
0.029998
0.176258
0.276086
0.365320
0.449141
0.526501
0.595290
0.653465
0.687979
0.692649
0.679690
0.656988
0.629565
0.600556
0.571857
0.544564
0.519258
0.496190
0.438678
0.349594
0.256265
0.166592
0.084225
0.011674
0.000000
-0.041536
-0.183548
-0.282394
-0.371167
-0.454489
-0.531212
-0.599227
-0.656515
-0.688642
-0.691889
-0.678132
-0.655030
-0.627458
-0.598450
-0.569843
-0.542690
-0.517544
-0.494644
-0.433977
-0.344263
-0.250960
-0.161571
-0.079652
-0.007678
0.000000
0.052653
0.190566
0.288462
0.376790
0.459630
0.535740
0.603009
0.659443
0.689278
0.691159
0.676634
0.653149
0.625433
0.596428
0.567908
0.540889
0.515898
0.493158
0.429479
0.339164
0.245886
0.156770
0.075280
0.003858
0.000000
-0.063298
-0.197290
-0.294280
-0.382183
-0.464563
-0.540085
-0.606642
-0.662258
-0.689894
-0.690465
-0.675205
-0.651351
-0.623496
-0.594493
-0.566057
-0.539165
-0.514322
-0.491737
-0.424937
-0.334015
-0.240779
-0.151956
-0.070916
-0.000068
0.000000
0.074124
0.204176
0.300264
0.387745
0.469663
0.544592
0.610421
0.665201
0.690541
0.689743
0.673715
0.649476
0.621476
0.592474
0.564125
0.537367
0.512679
0.490253
0.419852
0.328228
0.235036
0.146544
0.066015
0.000000
0.000000
-0.082988
-0.210105
-0.305591
-0.392817
-0.474420
-0.548900
-0.614149
-0.668236
-0.691376
-0.689258
-0.672479
-0.647854
-0.619698
-0.590682
-0.562400
-0.535754
-0.511201
-0.488918
-0.414925
-0.322567
-0.229379
-0.141178
-0.061120
0.000000
0.000000
0.091608
0.215853
0.310746
0.397717
0.479007
0.553047
0.617730
0.671142
0.692154
0.688760
0.671257
0.646262
0.617958
0.588929
0.560715
0.534180
0.509759
0.487615
0.410233
0.317173
0.223981
0.136047
0.056429
0.000000
0.000000
-0.099914
-0.221406
-0.315733
-0.402464
-0.483458
-0.557078
-0.621217
-0.673981
-0.692936
-0.688307
-0.670103
-0.644747
-0.616297
-0.587253
-0.559102
-0.532674
-0.508379
-0.486366
-0.405744
-0.312016
-0.218821
-0.131147
-0.051952
0.000000
0.000000
0.107848
0.226710
0.320497
0.406998
0.487708
0.560926
0.624546
0.676690
0.693679
0.687870
0.668995
0.643295
0.614706
0.585649
0.557558
0.531231
0.507057
0.483294
0.400433
0.306349
0.213328
0.126062
0.047435
0.000000
0.000000
-0.115996
-0.232100
-0.325306
-0.411553
-0.491959
-0.564755
-0.627838
-0.679345
-0.694375
-0.687392
-0.667852
-0.641813
-0.613088
-0.584021
-0.555995
-0.529771
-0.505720
-0.477111
-0.393359
-0.299383
-0.206836
-0.120262
-0.042492
0.000000
0.000000
0.125352
0.238255
0.330779
0.416728
0.496782
0.569096
0.631565
0.680727
0.694260
0.686408
0.666403
0.640153
0.611376
0.582352
0.554422
0.528322
0.504404
0.471057
0.386434
0.292564
0.200482
0.114586
0.037654
0.000000
0.000000
-0.134686
-0.244455
-0.336336
-0.422018
-0.501749
-0.573607
-0.635485
-0.682228
-0.694284
-0.685568
-0.665094
-0.638626
-0.609788
-0.580795
-0.552950
-0.526962
-0.503168
-0.465319
-0.379890
-0.286144
-0.194526
-0.109292
-0.033171
0.000000
0.000000
0.143514
0.250348
0.341635
0.427075
0.506509
0.577940
0.639263
0.683691
0.694333
0.684790
0.663865
0.637187
0.608287
0.579323
0.551556
0.525674
0.501997
0.459809
0.373606
0.279981
0.188810
0.104215
0.028874
0.000000
0.000000
-0.151955
-0.255977
-0.346693
-0.431899
-0.511046
-0.582068
-0.642858
-0.685077
-0.694369
-0.684036
-0.662683
-0.635804
-0.606847
-0.577910
-0.550220
-0.524440
-0.500874
-0.454530
-0.367584
-0.274074
-0.183331
-0.099346
-0.024751
0.000000
0.004334
0.159914
0.261857
0.352063
0.436950
0.515691
0.586177
0.646311
0.686244
0.694152
0.683020
0.661243
0.634179
0.605182
0.576293
0.548701
0.523042
0.499607
0.449088
0.361390
0.267992
0.177679
0.094311
0.020474
0.000000
-0.016718
-0.167800
-0.268723
-0.358461
-0.442835
-0.520910
-0.590578
-0.649767
-0.687083
-0.693427
-0.681412
-0.659188
-0.631951
-0.602948
-0.574151
-0.546703
-0.521214
-0.497957
-0.444024
-0.355649
-0.262283
-0.172281
-0.089399
-0.016188
0.000000
0.028910
0.175566
0.275485
0.364761
0.448628
0.526047
0.594908
0.653166
0.687909
0.692715
0.679832
0.657169
0.629762
0.600752
0.572045
0.544740
0.519418
0.496335
0.439117
0.350092
0.256760
0.167059
0.084650
0.012045
0.000000
-0.040499
-0.182892
-0.281827
-0.370641
-0.454008
-0.530788
-0.598873
-0.656241
-0.688582
-0.691957
-0.678271
-0.655206
-0.627647
-0.598639
-0.570024
-0.542858
-0.517698
-0.494782
-0.434399
-0.344741
-0.251435
-0.162021
-0.080062
-0.008036
0.000000
0.051656
0.189936
0.287918
0.376286
0.459169
0.535333
0.602670
0.659180
0.689221
0.691224
0.676769
0.653318
0.625614
0.596609
0.568082
0.541050
0.516045
0.493292
0.429883
0.339621
0.246342
0.157201
0.075672
0.004201
0.000000
-0.062343
-0.196687
-0.293758
-0.381699
-0.464120
-0.539696
-0.606316
-0.662006
-0.689839
-0.690527
-0.675333
-0.651512
-0.623670
-0.594667
-0.566223
-0.539320
-0.514464
-0.491864
-0.425374
-0.334510
-0.241268
-0.152415
-0.071330
-0.000425
0.000000
0.073073
0.203502
0.299675
0.387196
0.469158
0.544144
0.610044
0.664905
0.690475
0.689815
0.673864
0.649663
0.621678
0.592676
0.564318
0.537546
0.512843
0.490402
0.420362
0.328810
0.235616
0.147094
0.066515
0.000000
0.000000
-0.082099
-0.209511
-0.305058
-0.392310
-0.473944
-0.548469
-0.613777
-0.667934
-0.691293
-0.689307
-0.672603
-0.648017
-0.619876
-0.590861
-0.562573
-0.535916
-0.511349
-0.489051
-0.415414
-0.323128
-0.229940
-0.141711
-0.061606
0.000000
0.000000
0.090751
0.215281
0.310233
0.397229
0.478550
0.552634
0.617373
0.670852
0.692076
0.688809
0.671378
0.646420
0.618131
0.589103
0.560882
0.534337
0.509903
0.487744
0.410699
0.317709
0.224517
0.136557
0.056895
0.000000
0.000000
-0.099089
-0.220855
-0.315238
-0.401993
-0.483016
-0.556678
-0.620871
-0.673699
-0.692859
-0.688352
-0.670218
-0.644898
-0.616462
-0.587420
-0.559262
-0.532823
-0.508516
-0.486490
-0.406190
-0.312529
-0.219334
-0.131634
-0.052397
0.000000
0.000000
0.107060
0.226183
0.320024
0.406548
0.487286
0.560544
0.624215
0.676421
0.693605
0.687913
0.669105
0.643439
0.614864
0.585808
0.557712
0.531374
0.507188
0.483892
0.401117
0.307024
0.213958
0.126627
0.047918
0.000000
0.000000
-0.115102
-0.231516
-0.324790
-0.411067
-0.491508
-0.564352
-0.627494
-0.679072
-0.694308
-0.687448
-0.667978
-0.641974
-0.613263
-0.584197
-0.556163
-0.529928
-0.505864
-0.477792
-0.394136
-0.300146
-0.207545
-0.120893
-0.043027
0.000000
0.000000
0.124308
0.237562
0.330158
0.416137
0.496228
0.568594
0.631130
0.680566
0.694265
0.686511
0.666557
0.640332
0.611562
0.582533
0.554593
0.528479
0.504547
0.471722
0.387194
0.293311
0.201177
0.115207
0.038182
0.000000
0.000000
-0.133662
-0.243775
-0.335726
-0.421437
-0.501203
-0.573110
-0.635054
-0.682062
-0.694280
-0.685660
-0.665237
-0.638794
-0.609962
-0.580966
-0.553111
-0.527111
-0.503304
-0.465950
-0.380611
-0.286851
-0.195181
-0.109875
-0.033664
0.000000
0.000000
0.142543
0.249700
0.341052
0.426519
0.505985
0.577463
0.638847
0.683530
0.694328
0.684875
0.664001
0.637346
0.608452
0.579485
0.551710
0.525816
0.502126
0.460415
0.374297
0.280659
0.189439
0.104774
0.029347
0.000000
0.000000
-0.151026
-0.255357
-0.346136
-0.431368
-0.510547
-0.581613
-0.642463
-0.684924
-0.694365
-0.684119
-0.662813
-0.635957
-0.607005
-0.578065
-0.550367
-0.524575
-0.500998
-0.455111
-0.368247
-0.274724
-0.183934
-0.099881
-0.025205
0.000000
0.003007
0.159066
0.261116
0.351371
0.436312
0.515123
0.585696
0.645931
0.686148
0.694226
0.683190
0.661462
0.634417
0.605421
0.576523
0.548915
0.523238
0.499784
0.449763
0.362156
0.268745
0.178380
0.094938
0.021010
0.000000
-0.015192
-0.166834
-0.267886
-0.357684
-0.442123
-0.520282
-0.590051
-0.649358
-0.686990
-0.693523
-0.681614
-0.659444
-0.632227
-0.603224
-0.574415
-0.546949
-0.521439
-0.498160
-0.444643
-0.356351
-0.262982
-0.172941
-0.090001
-0.016714
0.000000
0.027424
0.174622
0.274664
0.363998
0.447926
0.525426
0.594386
0.652758
0.687812
0.692804
0.680026
0.657416
0.630029
0.601020
0.572302
0.544979
0.519637
0.496533
0.439716
0.350770
0.257434
0.167697
0.085230
0.012551
0.000000
-0.039085
-0.181999
-0.281053
-0.369925
-0.453352
-0.530210
-0.598390
-0.655866
-0.688501
-0.692050
-0.678462
-0.655445
-0.627905
-0.598897
-0.570270
-0.543087
-0.517907
-0.494972
-0.434974
-0.345393
-0.252084
-0.162634
-0.080621
-0.008524
0.000000
0.050297
0.189078
0.287176
0.375598
0.458540
0.534779
0.602207
0.658822
0.689143
0.691313
0.676952
0.653548
0.625862
0.596857
0.568318
0.541270
0.516247
0.493473
0.430433
0.340245
0.246962
0.157788
0.076207
0.004668
0.000000
-0.061041
-0.195865
-0.293047
-0.381040
-0.463517
-0.539164
-0.605872
-0.661661
-0.689764
-0.690612
-0.675508
-0.651732
-0.623907
-0.594903
-0.566449
-0.539530
-0.514656
-0.492038
-0.425969
-0.335185
-0.241935
-0.153041
-0.071894
-0.000911
0.000000
0.071640
0.202583
0.298872
0.386447
0.468469
0.543533
0.609530
0.664503
0.690386
0.689913
0.674066
0.649919
0.621953
0.592951
0.564582
0.537792
0.513067
0.490604
0.421056
0.329603
0.236407
0.147843
0.067197
0.000000
0.000000
-0.080887
-0.208701
-0.304331
-0.391618
-0.473296
-0.547882
-0.613270
-0.667521
-0.691180
-0.689373
-0.672772
-0.648238
-0.620119
-0.591106
-0.562808
-0.536136
-0.511551
-0.489233
-0.416081
-0.323894
-0.230705
-0.142437
-0.062268
0.000000
0.000000
0.089582
0.214502
0.309533
0.396564
0.477927
0.552070
0.616886
0.670457
0.691969
0.688875
0.671543
0.646635
0.618366
0.589340
0.561110
0.534550
0.510098
0.487920
0.411335
0.318440
0.225248
0.137252
0.057530
0.000000
0.000000
-0.097965
-0.220103
-0.314563
-0.401351
-0.482414
-0.556132
-0.620399
-0.673315
-0.692753
-0.688414
-0.670374
-0.645103
-0.616687
-0.587647
-0.559481
-0.533028
-0.508703
-0.486659
-0.406798
-0.313228
-0.220034
-0.132298
-0.053004
0.000000
0.000000
0.105984
0.225464
0.319378
0.405933
0.486710
0.560022
0.623764
0.676054
0.693504
0.687973
0.669255
0.643636
0.615079
0.586025
0.557921
0.531570
0.507367
0.484707
0.402050
0.307945
0.214818
0.127397
0.048577
0.000000
0.000000
-0.113883
-0.230721
-0.324086
-0.410405
-0.490894
-0.563803
-0.627026
-0.678698
-0.694216
-0.687525
-0.668150
-0.642194
-0.613502
-0.584436
-0.556393
-0.530142
-0.506060
-0.478719
-0.395196
-0.301187
-0.208512
-0.121754
-0.043757
0.000000
0.000000
0.122885
0.236616
0.329311
0.415331
0.495473
0.567909
0.630537
0.680346
0.694273
0.686650
0.666769
0.640576
0.611814
0.582780
0.554826
0.528694
0.504743
0.472628
0.388230
0.294330
0.202126
0.116053
0.038902
0.000000
0.000000
-0.132267
-0.242847
-0.334894
-0.420644
-0.500459
-0.572434
-0.634466
-0.681837
-0.694276
-0.685785
-0.665433
-0.639022
-0.610200
-0.581199
-0.553332
-0.527315
-0.503489
-0.466812
-0.381593
-0.287815
-0.196076
-0.110670
-0.034338
0.000000
0.000000
0.141218
0.248816
0.340257
0.425760
0.505272
0.576813
0.638281
0.683311
0.694320
0.684992
0.664185
0.637562
0.608678
0.579706
0.551919
0.526009
0.502302
0.461241
0.375240
0.281584
0.190297
0.105535
0.029992
0.000000
0.000000
-0.149759
-0.254512
-0.345377
-0.430644
-0.509866
-0.580993
-0.641923
-0.684716
-0.694359
-0.684232
-0.662990
-0.636164
-0.607221
-0.578277
-0.550567
-0.524761
-0.501166
-0.455903
-0.369150
-0.275610
-0.184756
-0.100612
-0.025823
0.000000
0.001197
0.157909
0.260106
0.350427
0.435441
0.514349
0.585040
0.645413
0.686017
0.694327
0.683421
0.661760
0.634741
0.605747
0.576835
0.549206
0.523505
0.500025
0.450683
0.363200
0.269772
0.179337
0.095793
0.021740
0.000000
-0.013111
-0.165517
-0.266745
-0.356625
-0.441153
-0.519426
-0.589334
-0.648799
-0.686864
-0.693654
-0.681891
-0.659793
-0.632604
-0.603601
-0.574776
-0.547285
-0.521747
-0.498437
-0.445488
-0.357308
-0.263934
-0.173842
-0.090821
-0.017430
0.000000
0.025399
0.173335
0.273545
0.362957
0.446970
0.524579
0.593673
0.652200
0.687680
0.692925
0.680291
0.657753
0.630394
0.601385
0.572652
0.545306
0.519935
0.496802
0.440532
0.351694
0.258352
0.168565
0.086020
0.013241
0.000000
-0.037158
-0.180781
-0.279999
-0.368948
-0.452458
-0.529423
-0.597731
-0.655356
-0.688389
-0.692176
-0.678721
-0.655772
-0.628256
-0.599248
-0.570606
-0.543400
-0.518193
-0.495230
-0.435757
-0.346281
-0.252968
-0.163471
-0.081383
-0.009190
0.000000
0.048443
0.187908
0.286164
0.374660
0.457682
0.534024
0.601576
0.658333
0.689036
0.691435
0.677201
0.653861
0.626199
0.597194
0.568641
0.541571
0.516521
0.493721
0.431183
0.341096
0.247808
0.158589
0.076936
0.005305
0.000000
-0.059266
-0.194743
-0.292077
-0.380141
-0.462694
-0.538440
-0.605266
-0.661192
-0.689661
-0.690728
-0.675747
-0.652032
-0.624230
-0.595226
-0.566758
-0.539818
-0.514919
-0.492275
-0.426781
-0.336105
-0.242845
-0.153894
-0.072663
-0.001575
0.000000
0.069687
0.201330
0.297777
0.385426
0.467530
0.542700
0.608829
0.663954
0.690265
0.690046
0.674343
0.650267
0.622329
0.593327
0.564941
0.538126
0.513373
0.490880
0.422002
0.330685
0.237486
0.148864
0.068127
0.000000
0.000000
-0.079235
-0.207597
-0.303340
-0.390675
-0.472412
-0.547082
-0.612578
-0.666958
-0.691026
-0.689464
-0.673002
-0.648540
-0.620450
-0.591439
-0.563129
-0.536436
-0.511825
-0.489482
-0.416989
-0.324937
-0.231749
-0.143427
-0.063172
0.000000
0.000000
0.087989
0.213438
0.308579
0.395657
0.477078
0.551302
0.616223
0.669918
0.691824
0.688966
0.671768
0.646929
0.618687
0.589663
0.561421
0.534840
0.510364
0.488161
0.412202
0.319436
0.226245
0.138199
0.058396
0.000000
0.000000
-0.096432
-0.219078
-0.313643
-0.400475
-0.481593
-0.555389
-0.619756
-0.672792
-0.692609
-0.688498
-0.670588
-0.645383
-0.616994
-0.587956
-0.559779
-0.533306
-0.508958
-0.486890
-0.407628
-0.314181
-0.220987
-0.133204
-0.053831
0.000000
0.000000
0.104519
0.224484
0.318498
0.405096
0.485925
0.559312
0.623150
0.675553
0.693367
0.688053
0.669460
0.643904
0.615373
0.586322
0.558206
0.531836
0.507611
0.485673
0.403245
0.309145
0.215949
0.128418
0.049458
0.000000
0.000000
-0.112262
-0.229659
-0.323146
-0.409519
-0.490071
-0.563065
-0.626396
-0.678194
-0.694090
-0.687625
-0.668378
-0.642487
-0.613820
-0.584756
-0.556699
-0.530429
-0.506321
-0.479951
-0.396604
-0.302571
-0.209798
-0.122900
-0.044731
0.000000
0.000000
0.121001
0.235367
0.328194
0.414271
0.494480
0.567011
0.629760
0.680061
0.694288
0.686840
0.667052
0.640901
0.612151
0.583109
0.555136
0.528980
0.505002
0.473830
0.389604
0.295682
0.203385
0.117176
0.039858
0.000000
0.000000
-0.130416
-0.241616
-0.333790
-0.419593
-0.499471
-0.571537
-0.633686
-0.681537
-0.694271
-0.685951
-0.665692
-0.639325
-0.610515
-0.581508
-0.553624
-0.527585
-0.503734
-0.467953
-0.382895
-0.289091
-0.197260
-0.111723
-0.035229
0.000000
0.000000
0.139463
0.247644
0.339204
0.424755
0.504326
0.575952
0.637530
0.683020
0.694311
0.685147
0.664430
0.637848
0.608976
0.579999
0.552196
0.526265
0.502535
0.462337
0.376489
0.282809
0.191433
0.106545
0.030846
0.000000
0.000000
-0.148080
-0.253393
-0.344371
-0.429684
-0.508963
-0.580172
-0.641207
-0.684440
-0.694352
-0.684382
-0.663225
-0.636439
-0.607508
-0.578558
-0.550833
-0.525006
-0.501390
-0.456952
-0.370347
-0.276785
-0.185845
-0.101580
-0.026643
0.000000
0.000000
0.156337
0.258899
0.349319
0.434404
0.513403
0.584212
0.644727
0.685798
0.694389
0.683646
0.662070
0.635088
0.606100
0.577177
0.549527
0.523799
0.500292
0.451796
0.364465
0.271014
0.180492
0.096823
0.022616
0.000000
-0.010584
-0.163911
-0.265348
-0.355325
-0.439957
-0.518367
-0.588442
-0.648100
-0.686697
-0.693805
-0.682220
-0.660214
-0.633059
-0.604057
-0.575214
-0.547693
-0.522120
-0.498774
-0.446503
-0.358460
-0.265080
-0.174928
-0.091810
-0.018295
0.000000
0.022943
0.171770
0.272183
0.361687
0.445803
0.523544
0.592801
0.651515
0.687513
0.693069
0.680609
0.658160
0.630835
0.601828
0.573076
0.545701
0.520297
0.497129
0.441520
0.352813
0.259465
0.169617
0.086977
0.014075
0.000000
-0.034827
-0.179308
-0.278725
-0.367766
-0.451377
-0.528471
-0.596935
-0.654739
-0.688255
-0.692329
-0.679036
-0.656167
-0.628682
-0.599673
-0.571013
-0.543779
-0.518540
-0.495542
-0.436707
-0.347358
-0.254040
-0.164486
-0.082306
-0.009997
0.000000
0.046198
0.186490
0.284938
0.373524
0.456643
0.533109
0.600812
0.657742
0.688908
0.691583
0.677504
0.654241
0.626608
0.597602
0.569032
0.541934
0.516854
0.494021
0.432092
0.342126
0.248833
0.159558
0.077819
0.006077
0.000000
-0.057116
-0.193385
-0.290901
-0.379051
-0.461698
-0.537562
-0.604532
-0.660623
-0.689536
-0.690868
-0.676035
-0.652396
-0.624621
-0.595617
-0.567132
-0.540166
-0.515237
-0.492562
-0.427673
-0.337116
-0.243849
-0.154843
-0.073525
-0.002326
0.000000
0.067570
0.199988
0.296614
0.384346
0.466541
0.541828
0.608099
0.663387
0.690141
0.690186
0.674631
0.650629
0.622718
0.593716
0.565313
0.538473
0.513690
0.491166
0.422983
0.331798
0.238588
0.149901
0.069064
0.000000
0.000000
-0.077542
-0.206463
-0.302319
-0.389703
-0.471499
-0.546255
-0.611861
-0.666373
-0.690864
-0.689556
-0.673238
-0.648850
-0.620790
-0.591782
-0.563459
-0.536744
-0.512108
-0.489738
-0.417939
-0.326029
-0.232839
-0.144461
-0.064115
0.000000
0.000000
0.086330
0.212332
0.307587
0.394714
0.476195
0.550505
0.615534
0.669360
0.691675
0.689063
0.672004
0.647236
0.619023
0.590001
0.561746
0.535144
0.510642
0.488412
0.413105
0.320475
0.227285
0.139187
0.059300
0.000000
0.000000
-0.094831
-0.218008
-0.312682
-0.399560
-0.480735
-0.554612
-0.619084
-0.672244
-0.692458
-0.688585
-0.670810
-0.645675
-0.617314
-0.588279
-0.560089
-0.533596
-0.509224
-0.487130
-0.408492
-0.315173
-0.221980
-0.134147
-0.054693
0.000000
0.000000
0.102991
0.223463
0.317581
0.404223
0.485107
0.558571
0.622509
0.675032
0.693224
0.688138
0.669673
0.644184
0.615680
0.586631
0.558503
0.532114
0.507866
0.485903
0.404074
0.310097
0.216902
0.129323
0.050285
0.000000
0.000000
-0.110798
-0.228681
-0.322267
-0.408683
-0.489287
-0.562355
-0.625782
-0.677695
-0.693954
-0.687706
-0.668583
-0.642755
-0.614114
-0.585052
-0.556984
-0.530695
-0.506565
-0.481060
-0.397874
-0.303824
-0.210969
-0.123949
-0.045628
0.000000
0.000000
0.119341
0.234283
0.327236
0.413369
0.493643
0.566263
0.629122
0.679847
0.694330
0.687030
0.667320
0.641204
0.612461
0.583410
0.555418
0.529240
0.505238
0.474903
0.390833
0.296893
0.204515
0.118187
0.040722
0.000000
0.000000
-0.128758
-0.240516
-0.332804
-0.418655
-0.498591
-0.570737
-0.632991
-0.681271
-0.694266
-0.686100
-0.665923
-0.639595
-0.610796
-0.581783
-0.553884
-0.527825
-0.503953
-0.468966
-0.384049
-0.290223
-0.198310
-0.112655
-0.036019
0.000000
0.000000
0.137905
0.246604
0.338268
0.423862
0.503485
0.575186
0.636862
0.682761
0.694302
0.685284
0.664646
0.638102
0.609241
0.580259
0.552442
0.526493
0.502741
0.463310
0.377600
0.283898
0.192443
0.107442
0.031605
0.000000
0.000000
-0.146590
-0.252399
-0.343478
-0.428833
-0.508162
-0.579444
-0.640573
-0.684196
-0.694346
-0.684515
-0.663434
-0.636683
-0.607762
-0.578808
-0.551069
-0.525224
-0.501588
-0.457885
-0.371411
-0.277828
-0.186813
-0.102440
-0.027371
0.000000
0.000000
0.154907
0.257945
0.348462
0.433586
0.512634
0.583512
0.644117
0.685562
0.694383
0.683773
0.662270
0.635322
0.606344
0.577416
0.549753
0.524008
0.500482
0.452688
0.365483
0.272013
0.181419
0.097647
0.023313
0.000000
-0.008544
-0.162606
-0.264209
-0.354260
-0.438976
-0.517493
-0.587702
-0.647516
-0.686549
-0.693918
-0.682481
-0.660550
-0.633425
-0.604424
-0.575566
-0.548022
-0.522421
-0.499046
-0.447315
-0.359380
-0.265997
-0.175796
-0.092602
-0.018988
0.000000
0.020963
0.170505
0.271080
0.360658
0.444855
0.522702
0.592089
0.650955
0.687373
0.693180
0.680863
0.658486
0.631189
0.602184
0.573418
0.546020
0.520589
0.497392
0.442315
0.353713
0.260359
0.170462
0.087745
0.014745
0.000000
-0.032954
-0.178125
-0.277701
-0.366817
-0.450510
-0.527706
-0.596297
-0.654245
-0.688148
-0.692453
-0.679289
-0.656485
-0.629025
-0.600016
-0.571340
-0.544084
-0.518818
-0.495793
-0.437472
-0.348226
-0.254903
-0.165303
-0.083051
-0.010648
0.000000
0.044389
0.185349
0.283951
0.372610
0.455808
0.532373
0.600197
0.657266
0.688805
0.691702
0.677747
0.654547
0.626938
0.597931
0.569346
0.542227
0.517121
0.494262
0.432823
0.342955
0.249658
0.160339
0.078530
0.006698
0.000000
-0.055385
-0.192291
-0.289955
-0.378174
-0.460896
-0.536855
-0.603941
-0.660166
-0.689436
-0.690981
-0.676268
-0.652688
-0.624936
-0.595932
-0.567433
-0.540446
-0.515494
-0.492794
-0.428374
-0.337910
-0.244640
-0.155590
-0.074206
-0.002920
0.000000
0.065913
0.198942
0.295709
0.383507
0.465774
0.541152
0.607533
0.662949
0.690045
0.690294
0.674853
0.650909
0.623020
0.594017
0.565602
0.538741
0.513935
0.491387
0.423741
0.332658
0.239438
0.150698
0.069783
0.000000
0.000000
-0.076238
-0.205588
-0.301532
-0.388952
-0.470794
-0.545616
-0.611307
-0.665921
-0.690738
-0.689626
-0.673420
-0.649089
-0.621052
-0.592047
-0.563714
-0.536983
-0.512327
-0.489935
-0.418675
-0.326875
-0.233685
-0.145263
-0.064846
0.000000
0.000000
0.085044
0.211475
0.306820
0.393985
0.475513
0.549887
0.615002
0.668928
0.691560
0.689138
0.672187
0.647474
0.619283
0.590263
0.561998
0.535379
0.510857
0.488607
0.413805
0.321279
0.228090
0.139953
0.060000
0.000000
0.000000
-0.093592
-0.217179
-0.311937
-0.398851
-0.480070
-0.554010
-0.618563
-0.671820
-0.692341
-0.688652
-0.670982
-0.645901
-0.617561
-0.588529
-0.560330
-0.533821
-0.509430
-0.487317
-0.409161
-0.315942
-0.222749
-0.134878
-0.055360
0.000000
0.000000
0.101808
0.222672
0.316870
0.403547
0.484473
0.557997
0.622012
0.674628
0.693113
0.688203
0.669838
0.644400
0.615917
0.586870
0.558734
0.532329
0.508063
0.486081
0.404716
0.310835
0.217640
0.130024
0.050926
0.000000
0.000000
-0.109663
-0.227923
-0.321586
-0.408035
-0.488680
-0.561806
-0.625307
-0.677309
-0.693848
-0.687769
-0.668741
-0.642963
-0.614341
-0.585281
-0.557205
-0.530901
-0.506754
-0.481919
-0.398858
-0.304795
-0.211876
-0.124761
-0.046323
0.000000
0.000000
0.118055
0.233444
0.326494
0.412671
0.492996
0.565683
0.628628
0.679681
0.694362
0.687177
0.667528
0.641438
0.612700
0.583642
0.555637
0.529441
0.505420
0.475735
0.391784
0.297832
0.205391
0.118971
0.041390
0.000000
0.000000
-0.127474
-0.239664
-0.332041
-0.417928
-0.497909
-0.570118
-0.632453
-0.681065
-0.694262
-0.686214
-0.666103
-0.639804
-0.611013
-0.581997
-0.554086
-0.528011
-0.504122
-0.469750
-0.384943
-0.291100
-0.199123
-0.113378
-0.036630
0.000000
0.000000
0.136698
0.245798
0.337543
0.423170
0.502833
0.574593
0.636345
0.682560
0.694294
0.685390
0.664814
0.638298
0.609446
0.580460
0.552632
0.526669
0.502901
0.464064
0.378460
0.284741
0.193225
0.108136
0.032193
0.000000
0.000000
-0.145436
-0.251630
-0.342787
-0.428173
-0.507542
-0.578880
-0.640082
-0.684007
-0.694341
-0.684618
-0.663596
-0.636872
-0.607959
-0.579001
-0.551252
-0.525393
-0.501742
-0.458607
-0.372235
-0.278636
-0.187563
-0.103106
-0.027935
0.000000
0.000000
0.153799
0.257206
0.347798
0.432953
0.512038
0.582970
0.643644
0.685380
0.694378
0.683872
0.662425
0.635503
0.606532
0.577602
0.549928
0.524170
0.500629
0.453380
0.366272
0.272787
0.182137
0.098284
0.023853
0.000000
-0.006963
-0.161596
-0.263326
-0.353436
-0.438215
-0.516817
-0.587130
-0.647064
-0.686435
-0.694006
-0.682684
-0.660810
-0.633708
-0.604709
-0.575839
-0.548277
-0.522654
-0.499257
-0.447943
-0.360092
-0.266706
-0.176468
-0.093215
-0.019524
0.000000
0.019429
0.169525
0.270225
0.359860
0.444120
0.522050
0.591538
0.650520
0.687265
0.693267
0.681060
0.658739
0.631464
0.602459
0.573682
0.546266
0.520815
0.497596
0.442931
0.354411
0.261052
0.171117
0.088341
0.015265
0.000000
-0.031503
-0.177208
-0.276908
-0.366082
-0.449838
-0.527114
-0.595802
-0.653862
-0.688065
-0.692549
-0.679486
-0.656732
-0.629290
-0.600281
-0.571594
-0.544320
-0.519034
-0.495988
-0.438064
-0.348898
-0.255572
-0.165936
-0.083627
-0.011151
0.000000
0.042988
0.184465
0.283186
0.371902
0.455160
0.531803
0.599721
0.656897
0.688725
0.691794
0.677936
0.654784
0.627193
0.598186
0.569590
0.542454
0.517329
0.494450
0.433390
0.343597
0.250297
0.160944
0.079081
0.007179
0.000000
-0.054044
-0.191444
-0.289222
-0.377495
-0.460274
-0.536307
-0.603484
-0.659811
-0.689358
-0.691068
-0.676448
-0.652914
-0.625180
-0.596175
-0.567666
-0.540663
-0.515692
-0.492973
-0.428916
-0.338526
-0.245252
-0.156169
-0.074733
-0.003381
0.000000
0.064629
0.198131
0.295007
0.382857
0.465179
0.540628
0.607096
0.662610
0.689971
0.690378
0.675026
0.651126
0.623254
0.594251
0.565825
0.538949
0.514125
0.491559
0.424328
0.333324
0.240096
0.151315
0.070339
0.000000
0.000000
-0.075228
-0.204911
-0.300922
-0.388370
-0.470248
-0.545120
-0.610877
-0.665570
-0.690641
-0.689681
-0.673561
-0.649274
-0.621256
-0.592252
-0.563912
-0.537167
-0.512496
-0.490088
-0.419245
-0.327530
-0.234339
-0.145884
-0.065413
0.000000
0.000000
0.084049
0.210812
0.306225
0.393420
0.474984
0.549409
0.614589
0.668593
0.691472
0.689196
0.672328
0.647658
0.619484
0.590466
0.562193
0.535561
0.511024
0.488757
0.414347
0.321902
0.228714
0.140546
0.060542
0.000000
0.000000
-0.092631
-0.216537
-0.311360
-0.398302
-0.479555
-0.553543
-0.618159
-0.671491
-0.692250
-0.688704
-0.671115
-0.646076
-0.617753
-0.588722
-0.560516
-0.533995
-0.509589
-0.487461
-0.409680
-0.316538
-0.223345
-0.135444
-0.055878
0.000000
0.000000
0.100891
0.222059
0.316320
0.403023
0.483982
0.557552
0.621627
0.674315
0.693028
0.688253
0.669966
0.644568
0.616101
0.587056
0.558912
0.532496
0.508216
0.486219
0.405213
0.311407
0.218212
0.130568
0.051423
0.000000
0.000000
-0.108785
-0.227336
-0.321059
-0.407533
-0.488210
-0.561380
-0.624939
-0.677009
-0.693766
-0.687818
-0.668864
-0.643123
-0.614518
-0.585459
-0.557376
-0.531061
-0.506901
-0.482585
-0.399620
-0.305547
-0.212579
-0.125391
-0.046861
0.000000
0.000000
0.117058
0.232794
0.325919
0.412130
0.492494
0.565234
0.628246
0.679552
0.694388
0.687291
0.667689
0.641620
0.612886
0.583823
0.555807
0.529597
0.505562
0.476379
0.392522
0.298559
0.206069
0.119577
0.041909
0.000000
0.000000
-0.126479
-0.239004
-0.331450
-0.417365
-0.497380
-0.569638
-0.632036
-0.680905
-0.694259
-0.686303
-0.666241
-0.639965
-0.611182
-0.582162
-0.554242
-0.528156
-0.504253
-0.470357
-0.385635
-0.291779
-0.199753
-0.113937
-0.037104
0.000000
0.000000
0.135763
0.245174
0.336981
0.422633
0.502328
0.574133
0.635944
0.682405
0.694289
0.685472
0.664944
0.638451
0.609605
0.580616
0.552780
0.526805
0.503025
0.464649
0.379126
0.285394
0.193830
0.108674
0.032648
0.000000
0.000000
-0.144542
-0.251034
-0.342251
-0.427662
-0.507062
-0.578443
-0.639701
-0.683860
-0.694338
-0.684698
-0.663722
-0.637019
-0.608112
-0.579151
-0.551394
-0.525524
-0.501861
-0.459166
-0.372873
-0.279262
-0.188144
-0.103622
-0.028373
0.000000
0.000000
0.152940
0.256634
0.347283
0.432462
0.511576
0.582550
0.643278
0.685239
0.694374
0.683948
0.662545
0.635643
0.606679
0.577745
0.550064
0.524296
0.500744
0.453915
0.366883
0.273386
0.182692
0.098778
0.024271
0.000000
-0.005739
-0.160813
-0.262642
-0.352797
-0.437626
-0.516293
-0.586686
-0.646713
-0.686346
-0.694074
-0.682840
-0.661012
-0.633927
-0.604929
-0.576051
-0.548474
-0.522834
-0.499420
-0.448430
-0.360644
-0.267256
-0.176989
-0.093690
-0.019940
0.000000
0.018241
0.168766
0.269563
0.359242
0.443551
0.521544
0.591111
0.650184
0.687181
0.693334
0.681212
0.658934
0.631676
0.602673
0.573887
0.546457
0.520989
0.497754
0.443408
0.354951
0.261589
0.171624
0.088802
0.015667
0.000000
-0.030379
-0.176498
-0.276294
-0.365513
-0.449317
-0.526656
-0.595419
-0.653565
-0.688001
-0.692624
-0.679638
-0.656923
-0.629496
-0.600486
-0.571791
-0.544503
-0.519201
-0.496139
-0.438523
-0.349418
-0.256090
-0.166426
-0.084074
-0.011542
0.000000
0.041903
0.183780
0.282594
0.371353
0.454658
0.531361
0.599352
0.656612
0.688663
0.691865
0.678082
0.654968
0.627391
0.598384
0.569779
0.542630
0.517490
0.494595
0.433829
0.344095
0.250792
0.161412
0.079507
0.007552
0.000000
-0.053005
-0.190788
-0.288655
-0.376968
-0.459793
-0.535883
-0.603129
-0.659536
-0.689298
-0.691136
-0.676587
-0.653090
-0.625369
-0.596364
-0.567847
-0.540832
-0.515846
-0.493111
-0.429337
-0.339002
-0.245726
-0.156618
-0.075142
-0.003738
0.000000
0.063635
0.197503
0.294464
0.382353
0.464718
0.540223
0.606757
0.662347
0.689914
0.690443
0.675160
0.651294
0.623435
0.594432
0.565998
0.539110
0.514273
0.491692
0.424783
0.333840
0.240606
0.151794
0.070770
0.000000
0.000000
-0.074446
-0.204386
-0.300449
-0.387920
-0.469825
-0.544737
-0.610545
-0.665299
-0.690565
-0.689723
-0.673670
-0.649418
-0.621413
-0.592411
-0.564065
-0.537310
-0.512627
-0.490207
-0.419687
-0.328038
-0.234847
-0.146365
-0.065851
0.000000
0.000000
0.083278
0.210298
0.305764
0.392982
0.474574
0.549039
0.614270
0.668334
0.691403
0.689241
0.672438
0.647801
0.619640
0.590623
0.562344
0.535702
0.511153
0.488874
0.414767
0.322385
0.229197
0.141005
0.060962
0.000000
0.000000
-0.091887
-0.216040
-0.310913
-0.397876
-0.479156
-0.553182
-0.617846
-0.671236
-0.692180
-0.688744
-0.671218
-0.646211
-0.617902
-0.588872
-0.560660
-0.534130
-0.509713
-0.487572
-0.410082
-0.317000
-0.223807
-0.135882
-0.056278
0.000000
0.000000
0.100181
0.221585
0.315894
0.402617
0.483601
0.557208
0.621329
0.674072
0.692961
0.688293
0.670066
0.644698
0.616243
0.587199
0.559050
0.532625
0.508334
0.486326
0.405599
0.311850
0.218655
0.130989
0.051807
0.000000
0.000000
-0.108104
-0.226881
-0.320651
-0.407145
-0.487846
-0.561050
-0.624654
-0.676777
-0.693703
-0.687856
-0.668959
-0.643248
-0.614654
-0.585597
-0.557508
-0.531185
-0.507014
-0.483100
-0.400210
-0.306130
-0.213123
-0.125878
-0.047278
0.000000
0.000000
0.116287
0.232290
0.325473
0.411710
0.492105
0.564886
0.627949
0.679434
0.694397
0.687374
0.667811
0.641760
0.613031
0.583964
0.555940
0.529720
0.505673
0.476890
0.393107
0.299135
0.206606
0.120057
0.042318
0.000000
0.000000
-0.125691
-0.238480
-0.330981
-0.416919
-0.496962
-0.569259
-0.631706
-0.680779
-0.694258
-0.686375
-0.666352
-0.640095
-0.611316
-0.582294
-0.554366
-0.528271
-0.504358
-0.470842
-0.386188
-0.292321
-0.200256
-0.114385
-0.037483
0.000000
0.000000
0.135018
0.244676
0.336534
0.422207
0.501927
0.573768
0.635625
0.682281
0.694285
0.685538
0.665047
0.638572
0.609731
0.580740
0.552897
0.526914
0.503124
0.465114
0.379656
0.285914
0.194313
0.109103
0.033010
0.000000
0.000000
-0.143829
-0.250558
-0.341824
-0.427255
-0.506679
-0.578094
-0.639397
-0.683743
-0.694335
-0.684762
-0.663821
-0.637136
-0.608234
-0.579270
-0.551507
-0.525628
-0.501955
-0.459612
-0.373381
-0.279761
-0.188606
-0.104033
-0.028720
0.000000
0.000000
0.152257
0.256178
0.346873
0.432071
0.511208
0.582215
0.642987
0.685126
0.694370
0.684009
0.662640
0.635755
0.606795
0.577859
0.550172
0.524395
0.500834
0.454342
0.367369
0.273863
0.183135
0.099172
0.024604
0.000000
-0.004764
-0.160190
-0.262098
-0.352288
-0.437157
-0.515876
-0.586333
-0.646434
-0.686275
-0.694128
-0.682965
-0.661172
-0.634102
-0.605105
-0.576219
-0.548631
-0.522978
-0.499550
-0.448869
-0.361142
-0.267748
-0.177451
-0.094107
-0.020301
0.000000
0.017213
0.168113
0.268994
0.358713
0.443066
0.521114
0.590749
0.649900
0.687113
0.693396
0.681346
0.659105
0.631861
0.602858
0.574065
0.546623
0.521141
0.497891
0.443823
0.355421
0.262057
0.172066
0.089204
0.016018
0.000000
-0.029392
-0.175873
-0.275751
-0.365009
-0.448855
-0.526248
-0.595077
-0.653299
-0.687941
-0.692686
-0.679769
-0.657089
-0.629675
-0.600665
-0.571962
-0.544662
-0.519347
-0.496271
-0.438923
-0.349872
-0.256541
-0.166853
-0.084462
-0.011881
0.000000
0.040957
0.183182
0.282077
0.370874
0.454220
0.530976
0.599030
0.656362
0.688609
0.691927
0.678210
0.655128
0.627563
0.598556
0.569944
0.542783
0.517630
0.494721
0.434212
0.344529
0.251225
0.161822
0.079880
0.007877
0.000000
-0.052097
-0.190215
-0.288159
-0.376509
-0.459373
-0.535513
-0.602820
-0.659296
-0.689246
-0.691195
-0.676709
-0.653243
-0.625534
-0.596529
-0.568005
-0.540979
-0.515980
-0.493233
-0.429704
-0.339419
-0.246140
-0.157010
-0.075499
-0.004049
0.000000
0.062766
0.196954
0.293989
0.381913
0.464316
0.539868
0.606460
0.662117
0.689863
0.690500
0.675276
0.651441
0.623593
0.594590
0.566149
0.539251
0.514401
0.491808
0.425181
0.334291
0.241052
0.152212
0.071147
0.000267
0.000000
-0.073538
-0.203800
-0.299935
-0.387439
-0.469382
-0.544342
-0.610211
-0.665036
-0.690504
-0.689783
-0.673798
-0.649580
-0.621589
-0.592587
-0.564233
-0.537467
-0.512770
-0.490336
-0.420136
-0.328552
-0.235360
-0.146851
-0.066294
0.000000
0.000000
0.082493
0.209774
0.305293
0.392534
0.474154
0.548660
0.613942
0.668068
0.691330
0.689285
0.672548
0.647945
0.619798
0.590782
0.562496
0.535844
0.511284
0.488992
0.415198
0.322880
0.229692
0.141475
0.061391
0.000000
0.000000
-0.091130
-0.215535
-0.310460
-0.397445
-0.478752
-0.552817
-0.617531
-0.670980
-0.692110
-0.688787
-0.671325
-0.646350
-0.618054
-0.589026
-0.560808
-0.534268
-0.509839
-0.487687
-0.410493
-0.317472
-0.224280
-0.136331
-0.056689
0.000000
0.000000
0.099454
0.221098
0.315457
0.402202
0.483212
0.556855
0.621024
0.673824
0.692893
0.688332
0.670167
0.644831
0.616389
0.587346
0.559192
0.532757
0.508455
0.486435
0.405992
0.312302
0.219107
0.131418
0.052200
0.000000
0.000000
-0.107409
-0.226416
-0.320233
-0.406747
-0.487473
-0.560713
-0.624362
-0.676540
-0.693638
-0.687894
-0.669056
-0.643375
-0.614794
-0.585737
-0.557644
-0.531311
-0.507130
-0.483627
-0.400814
-0.306726
-0.213679
-0.126377
-0.047704
0.000000
0.000000
0.115498
0.231775
0.325018
0.411282
0.491708
0.564531
0.627646
0.679193
0.694337
0.687424
0.667922
0.641902
0.613186
0.584119
0.556088
0.529859
0.505800
0.477491
0.393792
0.299808
0.207231
0.120614
0.042790
0.000000
0.000000
-0.124770
-0.237869
-0.330433
-0.416398
-0.496473
-0.568816
-0.631322
-0.680637
-0.694263
-0.686465
-0.666489
-0.640253
-0.611480
-0.582453
-0.554517
-0.528410
-0.504484
-0.471428
-0.386858
-0.292980
-0.200870
-0.114932
-0.037949
0.000000
0.000000
0.134115
0.244076
0.335996
0.421694
0.501445
0.573330
0.635245
0.682135
0.694282
0.685619
0.665174
0.638720
0.609885
0.580891
0.553040
0.527045
0.503244
0.465671
0.380292
0.286538
0.194891
0.109617
0.033446
0.000000
0.000000
-0.142972
-0.249987
-0.341310
-0.426765
-0.506217
-0.577674
-0.639031
-0.683601
-0.694330
-0.684837
-0.663941
-0.637276
-0.608379
-0.579413
-0.551642
-0.525753
-0.502069
-0.460147
-0.373991
-0.280359
-0.189161
-0.104526
-0.029138
0.000000
0.000000
0.151437
0.255631
0.346382
0.431603
0.510768
0.581814
0.642638
0.684992
0.694367
0.684082
0.662755
0.635889
0.606935
0.577996
0.550302
0.524515
0.500943
0.454854
0.367954
0.274437
0.183667
0.099644
0.025004
0.000000
-0.003594
-0.159441
-0.261444
-0.351677
-0.436594
-0.515375
-0.585909
-0.646099
-0.686191
-0.694193
-0.683115
-0.661365
-0.634312
-0.605315
-0.576421
-0.548820
-0.523151
-0.499706
-0.449464
-0.361817
-0.268412
-0.178070
-0.094660
-0.020773
0.000000
0.015867
0.167261
0.268256
0.358028
0.442438
0.520560
0.590284
0.649539
0.687032
0.693480
0.681525
0.659331
0.632105
0.603102
0.574298
0.546840
0.521340
0.498070
0.444370
0.356041
0.262673
0.172649
0.089735
0.016481
0.000000
-0.028082
-0.175040
-0.275027
-0.364336
-0.448237
-0.525700
-0.594617
-0.652938
-0.687855
-0.692765
-0.679940
-0.657307
-0.629911
-0.600902
-0.572189
-0.544873
-0.519540
-0.496445
-0.439451
-0.350470
-0.257136
-0.167415
-0.084974
-0.012327
0.000000
0.039710
0.182394
0.281395
0.370242
0.453642
0.530466
0.598603
0.656032
0.688537
0.692009
0.678377
0.655339
0.627791
0.598783
0.570161
0.542986
0.517815
0.494888
0.434719
0.345104
0.251797
0.162363
0.080373
0.008308
0.000000
-0.050898
-0.189458
-0.287504
-0.375902
-0.458818
-0.535024
-0.602412
-0.658980
-0.689177
-0.691274
-0.676871
-0.653446
-0.625752
-0.596747
-0.568214
-0.541173
-0.516158
-0.493393
-0.430190
-0.339969
-0.246688
-0.157528
-0.075970
-0.004462
0.000000
0.061617
0.196228
0.293361
0.381331
0.463784
0.539399
0.606068
0.661814
0.689797
0.690574
0.675431
0.651635
0.623802
0.594799
0.566349
0.539437
0.514571
0.491961
0.425706
0.334886
0.241640
0.152764
0.071645
0.000696
0.000000
-0.072274
-0.202989
-0.299227
-0.386778
-0.468774
-0.543803
-0.609757
-0.664681
-0.690426
-0.689869
-0.673977
-0.649806
-0.621831
-0.592830
-0.564465
-0.537683
-0.512968
-0.490514
-0.420749
-0.329252
-0.236057
-0.147511
-0.066895
0.000000
0.000000
0.081423
0.209059
0.304652
0.391924
0.473583
0.548142
0.613494
0.667703
0.691230
0.689344
0.672697
0.648140
0.620012
0.590997
0.562704
0.536038
0.511462
0.489153
0.415786
0.323555
0.230367
0.142115
0.061975
0.000000
0.000000
-0.090099
-0.214847
-0.309843
-0.396858
-0.478203
-0.552320
-0.617101
-0.670631
-0.692016
-0.688846
-0.671470
-0.646540
-0.618262
-0.589235
-0.561009
-0.534456
-0.510011
-0.487842
-0.411054
-0.318117
-0.224925
-0.136944
-0.057249
0.000000
0.000000
0.098462
0.220435
0.314862
0.401635
0.482680
0.556374
0.620608
0.673485
0.692800
0.688387
0.670305
0.645012
0.616587
0.587546
0.559384
0.532937
0.508620
0.486585
0.406529
0.312918
0.219724
0.132004
0.052735
0.000000
0.000000
-0.106460
-0.225782
-0.319664
-0.406205
-0.486965
-0.560253
-0.623964
-0.676216
-0.693549
-0.687946
-0.669189
-0.643549
-0.614984
-0.585929
-0.557828
-0.531483
-0.507288
-0.484346
-0.401637
-0.307538
-0.214438
-0.127056
-0.048285
0.000000
0.000000
0.114422
0.231073
0.324397
0.410698
0.491166
0.564046
0.627233
0.678863
0.694257
0.687491
0.668074
0.642096
0.613396
0.584330
0.556291
0.530048
0.505973
0.478309
0.394727
0.300726
0.208084
0.121373
0.043434
0.000000
0.000000
-0.123515
-0.237034
-0.329686
-0.415688
-0.495807
-0.568212
-0.630799
-0.680443
-0.694269
-0.686589
-0.666675
-0.640468
-0.611702
-0.582671
-0.554723
-0.528599
-0.504656
-0.472227
-0.387771
-0.293879
-0.201706
-0.115678
-0.038584
0.000000
0.000000
0.132884
0.243257
0.335262
0.420995
0.500788
0.572733
0.634726
0.681936
0.694278
0.685730
0.665346
0.638921
0.610095
0.581096
0.553234
0.527225
0.503407
0.466431
0.381159
0.287388
0.195680
0.110318
0.034040
0.000000
0.000000
-0.141804
-0.249207
-0.340609
-0.426096
-0.505587
-0.577101
-0.638532
-0.683408
-0.694324
-0.684941
-0.664103
-0.637466
-0.608578
-0.579608
-0.551826
-0.525924
-0.502224
-0.460876
-0.374823
-0.281174
-0.189917
-0.105198
-0.029706
0.000000
0.000000
0.150320
0.254886
0.345713
0.430964
0.510167
0.581268
0.642162
0.684808
0.694362
0.684182
0.662912
0.636072
0.607126
0.578183
0.550479
0.524679
0.501092
0.455553
0.368751
0.275218
0.184392
0.100289
0.025550
0.000000
-0.001998
-0.158421
-0.260553
-0.350845
-0.435826
-0.514692
-0.585330
-0.645642
-0.686075
-0.694282
-0.683319
-0.661628
-0.634598
-0.605603
-0.576697
-0.549077
-0.523387
-0.499919
-0.450276
-0.362738
-0.269318
-0.178914
-0.095415
-0.021417
0.000000
0.014031
0.166100
0.267250
0.357094
0.441582
0.519804
0.589651
0.649046
0.686920
0.693596
0.681768
0.659639
0.632437
0.603434
0.574617
0.547137
0.521611
0.498315
0.445114
0.356885
0.263513
0.173444
0.090458
0.017113
0.000000
-0.026295
-0.173904
-0.274040
-0.363417
-0.447393
-0.524954
-0.593988
-0.652447
-0.687738
-0.692872
-0.680174
-0.657604
-0.630232
-0.601224
-0.572497
-0.545161
-0.519803
-0.496683
-0.440171
-0.351285
-0.257946
-0.168181
-0.085671
-0.012936
0.000000
0.038011
0.181320
0.280466
0.369380
0.452854
0.529771
0.598023
0.655582
0.688438
0.692120
0.678606
0.655627
0.628101
0.599093
0.570458
0.543262
0.518067
0.495116
0.435411
0.345888
0.252577
0.163101
0.081045
0.008895
0.000000
-0.049263
-0.188426
-0.286611
-0.375075
-0.458061
-0.534358
-0.601855
-0.658549
-0.689083
-0.691381
-0.677091
-0.653723
-0.626050
-0.597045
-0.568498
-0.541438
-0.516400
-0.493611
-0.430851
-0.340719
-0.247434
-0.158234
-0.076614
-0.005023
0.000000
0.060051
0.195239
0.292506
0.380538
0.463058
0.538760
0.605534
0.661400
0.689706
0.690677
0.675641
0.651900
0.624087
0.595083
0.566622
0.539691
0.514803
0.492170
0.426422
0.335698
0.242443
0.153516
0.072323
0.001281
0.000000
-0.070551
-0.201884
-0.298261
-0.385877
-0.467945
-0.543069
-0.609139
-0.664196
-0.690319
-0.689987
-0.674221
-0.650113
-0.622162
-0.593161
-0.564782
-0.537978
-0.513238
-0.490758
-0.421584
-0.330206
-0.237008
-0.148412
-0.067716
0.000000
0.000000
0.079966
0.208086
0.303778
0.391092
0.472803
0.547436
0.612884
0.667207
0.691094
0.689424
0.672900
0.648406
0.620303
0.591292
0.562987
0.536303
0.511704
0.489372
0.416587
0.324476
0.231287
0.142989
0.062772
0.000000
0.000000
-0.088694
-0.213909
-0.309001
-0.396058
-0.477454
-0.551642
-0.616516
-0.670156
-0.691888
-0.688926
-0.671669
-0.646799
-0.618545
-0.589520
-0.561283
-0.534712
-0.510246
-0.488055
-0.411818
-0.318995
-0.225804
-0.137780
-0.058013
0.000000
0.000000
0.097110
0.219532
0.314050
0.400862
0.481956
0.555718
0.620041
0.673023
0.692673
0.688461
0.670493
0.645259
0.616858
0.587819
0.559647
0.533183
0.508845
0.486788
0.407261
0.313759
0.220565
0.132803
0.053465
0.000000
0.000000
-0.105167
-0.224918
-0.318888
-0.405466
-0.486272
-0.559626
-0.623422
-0.675775
-0.693428
-0.688018
-0.669369
-0.643786
-0.615243
-0.586191
-0.558080
-0.531718
-0.507503
-0.485326
-0.402759
-0.308645
-0.215472
-0.127983
-0.049078
0.000000
0.000000
0.112956
0.230115
0.323551
0.409902
0.490427
0.563385
0.626670
0.678415
0.694146
0.687584
0.668281
0.642361
0.613683
0.584618
0.556567
0.530305
0.506209
0.479424
0.396001
0.301978
0.209247
0.122408
0.044312
0.000000
0.000000
-0.121803
-0.235897
-0.328667
-0.414719
-0.494898
-0.567389
-0.630086
-0.680179
-0.694278
-0.686757
-0.666929
-0.640761
-0.612006
-0.582968
-0.555003
-0.528858
-0.504891
-0.473317
-0.389017
-0.295104
-0.202847
-0.116696
-0.039449
0.000000
0.000000
0.131207
0.242142
0.334261
0.420042
0.499893
0.571920
0.634018
0.681665
0.694273
0.685880
0.665582
0.639196
0.610381
0.581376
0.553499
0.527469
0.503630
0.467467
0.382340
0.288547
0.196755
0.111274
0.034849
0.000000
0.000000
-0.140211
-0.248144
-0.339653
-0.425184
-0.504729
-0.576320
-0.637851
-0.683144
-0.694315
-0.685081
-0.664325
-0.637726
-0.608849
-0.579874
-0.552078
-0.526156
-0.502435
-0.461870
-0.375957
-0.282286
-0.190948
-0.106115
-0.030482
0.000000
0.000000
0.148796
0.253870
0.344800
0.430093
0.509348
0.580522
0.641512
0.684558
0.694355
0.684318
0.663125
0.636322
0.607386
0.578438
0.550720
0.524902
0.501294
0.456505
0.369837
0.276284
0.185381
0.101167
0.026293
0.000000
0.000000
-0.157024
-0.259357
-0.349731
-0.434797
-0.513772
-0.584548
-0.645019
-0.685911
-0.694393
-0.683585
-0.661974
-0.634975
-0.605983
-0.577062
-0.549418
-0.523699
-0.500201
-0.451367
-0.363976
-0.270535
-0.180048
-0.096428
-0.022281
0.000000
0.011563
0.164537
0.265895
0.355836
0.440429
0.518786
0.588797
0.648381
0.686768
0.693751
0.682095
0.660052
0.632884
0.603881
0.575044
0.547535
0.521975
0.498644
0.446114
0.358018
0.264641
0.174511
0.091430
0.017962
0.000000
-0.023894
-0.172377
-0.272713
-0.362181
-0.446258
-0.523949
-0.593143
-0.651785
-0.687580
-0.693015
-0.680487
-0.658003
-0.630664
-0.601657
-0.572913
-0.545548
-0.520157
-0.497002
-0.441138
-0.352381
-0.259035
-0.169211
-0.086608
-0.013753
0.000000
0.035726
0.179876
0.279216
0.368222
0.451794
0.528837
0.597242
0.654977
0.688306
0.692270
0.678914
0.656014
0.628517
0.599509
0.570856
0.543633
0.518406
0.495421
0.436340
0.346942
0.253626
0.164093
0.081949
0.009685
0.000000
-0.047066
-0.187038
-0.285411
-0.373963
-0.457045
-0.533463
-0.601107
-0.657970
-0.688958
-0.691525
-0.677387
-0.654094
-0.626450
-0.597444
-0.568881
-0.541794
-0.516725
-0.493905
-0.431741
-0.341728
-0.248437
-0.159184
-0.077478
-0.005779
0.000000
0.057947
0.193910
0.291356
0.379472
0.462083
0.537901
0.604816
0.660843
0.689585
0.690814
0.675924
0.652255
0.624470
0.595466
0.566988
0.540032
0.515114
0.492451
0.427336
0.336735
0.243470
0.154484
0.073198
0.002040
0.000000
-0.068365
-0.200491
-0.297049
-0.384749
-0.466910
-0.542153
-0.608370
-0.663597
-0.690187
-0.690134
-0.674524
-0.650494
-0.622574
-0.593571
-0.565175
-0.538344
-0.513572
-0.491060
-0.422619
-0.331386
-0.238181
-0.149518
-0.068719
0.000000
0.000000
0.078169
0.206883
0.302697
0.390063
0.471838
0.546562
0.612127
0.666591
0.690924
0.689522
0.673151
0.648735
0.620664
0.591655
0.563337
0.536630
0.512004
0.489643
0.417585
0.325623
0.232433
0.144076
0.063764
0.000000
0.000000
-0.086947
-0.212743
-0.307956
-0.395065
-0.476523
-0.550801
-0.615790
-0.669567
-0.691730
-0.689027
-0.671916
-0.647122
-0.618898
-0.589875
-0.561625
-0.535031
-0.510538
-0.488319
-0.412769
-0.320088
-0.226898
-0.138820
-0.058964
0.000000
0.000000
0.095427
0.218406
0.313039
0.399900
0.481054
0.554901
0.619334
0.672448
0.692514
0.688553
0.670727
0.645566
0.617195
0.588159
0.559974
0.533488
0.509125
0.487041
0.408171
0.314804
0.221611
0.133796
0.054373
0.000000
0.000000
-0.103559
-0.223843
-0.317922
-0.404548
-0.485411
-0.558846
-0.622747
-0.675226
-0.693277
-0.688106
-0.669594
-0.644080
-0.615566
-0.586516
-0.558393
-0.532011
-0.507771
-0.485817
-0.403765
-0.309743
-0.216547
-0.128986
-0.049978
0.000000
0.000000
0.111342
0.229045
0.322594
0.408993
0.489578
0.562619
0.626010
0.677881
0.694004
0.687676
0.668507
0.642655
0.614005
0.584942
0.556878
0.530596
0.506475
0.480648
0.397401
0.303358
0.210534
0.123559
0.045294
0.000000
0.000000
-0.119958
-0.234687
-0.327592
-0.413704
-0.493954
-0.566541
-0.629360
-0.679927
-0.694314
-0.686959
-0.667220
-0.641091
-0.612345
-0.583298
-0.555313
-0.529144
-0.505150
-0.474504
-0.390376
-0.296443
-0.204095
-0.117811
-0.040401
0.000000
0.000000
0.129374
0.240925
0.333171
0.419004
0.498918
0.571035
0.633249
0.681370
0.694268
0.686044
0.665838
0.639494
0.610691
0.581681
0.553787
0.527736
0.503871
0.468589
0.383620
0.289802
0.197920
0.112309
0.035725
0.000000
0.000000
-0.138484
-0.246991
-0.338616
-0.424194
-0.503797
-0.575471
-0.637111
-0.682857
-0.694305
-0.685233
-0.664565
-0.638007
-0.609142
-0.580162
-0.552350
-0.526408
-0.502664
-0.462948
-0.377187
-0.283493
-0.192067
-0.107108
-0.031323
0.000000
0.000000
0.147144
0.252769
0.343810
0.429149
0.508460
0.579715
0.640809
0.684287
0.694348
0.684465
0.663356
0.636592
0.607668
0.578715
0.550981
0.525143
0.501514
0.457538
0.371015
0.277440
0.186453
0.102120
0.027100
0.000000
0.000000
-0.155439
-0.258300
-0.348781
-0.433890
-0.512920
-0.583772
-0.644344
-0.685650
-0.694385
-0.683726
-0.662196
-0.635235
-0.606253
-0.577327
-0.549669
-0.523930
-0.500412
-0.452356
-0.365104
-0.271642
-0.181074
-0.097341
-0.023054
0.000000
0.009302
0.163091
0.264632
0.354656
0.439341
0.517818
0.587977
0.647733
0.686604
0.693876
0.682384
0.660425
0.633289
0.604288
0.575435
0.547900
0.522309
0.498945
0.447013
0.359038
0.265656
0.175473
0.092307
0.018730
0.000000
-0.021699
-0.170976
-0.271490
-0.361040
-0.445207
-0.523015
-0.592354
-0.651163
-0.687425
-0.693139
-0.680768
-0.658365
-0.631057
-0.602051
-0.573291
-0.545901
-0.520480
-0.497294
-0.442019
-0.353378
-0.260027
-0.170148
-0.087459
-0.014496
0.000000
0.033650
0.178565
0.278082
0.367170
0.450832
0.527991
0.596534
0.654429
0.688188
0.692407
0.679195
0.656367
0.628897
0.599888
0.571219
0.543970
0.518714
0.495700
0.437187
0.347903
0.254582
0.164999
0.082774
0.010406
0.000000
-0.045062
-0.185773
-0.284318
-0.372950
-0.456118
-0.532647
-0.600426
-0.657443
-0.688843
-0.691657
-0.677657
-0.654434
-0.626815
-0.597809
-0.569229
-0.542118
-0.517022
-0.494173
-0.432551
-0.342646
-0.249351
-0.160049
-0.078266
-0.006467
0.000000
0.056028
0.192698
0.290307
0.378500
0.461194
0.537118
0.604161
0.660336
0.689473
0.690939
0.676181
0.652579
0.624819
0.595815
0.567321
0.540342
0.515398
0.492708
0.428113
0.337615
0.244346
0.155312
0.073953
0.002699
0.000000
-0.066529
-0.199331
-0.296045
-0.383819
-0.466059
-0.541404
-0.607744
-0.663112
-0.690081
-0.690254
-0.674771
-0.650805
-0.622908
-0.593905
-0.565495
-0.538642
-0.513844
-0.491305
-0.423459
-0.332338
-0.239122
-0.150401
-0.069515
0.000000
0.000000
0.076723
0.205914
0.301825
0.389231
0.471057
0.545853
0.611513
0.666089
0.690785
0.689600
0.673352
0.649000
0.620955
0.591949
0.563619
0.536894
0.512246
0.489862
0.418401
0.326560
0.233370
0.144965
0.064574
0.000000
0.000000
-0.085522
-0.211794
-0.307105
-0.394256
-0.475766
-0.550117
-0.615200
-0.669088
-0.691603
-0.689110
-0.672119
-0.647385
-0.619186
-0.590166
-0.561904
-0.535291
-0.510777
-0.488534
-0.413545
-0.320980
-0.227790
-0.139668
-0.059739
0.000000
0.000000
0.094053
0.217488
0.312214
0.399115
0.480317
0.554234
0.618756
0.671978
0.692385
0.688627
0.670918
0.645817
0.617469
0.588436
0.560240
0.533737
0.509353
0.487247
0.408913
0.315656
0.222463
0.134606
0.055112
0.000000
0.000000
-0.102248
-0.222966
-0.317135
-0.403798
-0.484709
-0.558210
-0.622197
-0.674778
-0.693155
-0.688179
-0.669777
-0.644320
-0.615829
-0.586781
-0.558648
-0.532249
-0.507990
-0.486015
-0.404477
-0.310561
-0.217366
-0.129764
-0.050688
0.000000
0.000000
0.110085
0.228205
0.321839
0.408276
0.488906
0.562010
0.625484
0.677453
0.693887
0.687746
0.668682
0.642885
0.614257
0.585196
0.557123
0.530824
0.506684
0.481600
0.398492
0.304434
0.211539
0.124459
0.046064
0.000000
0.000000
-0.118533
-0.233756
-0.326770
-0.412930
-0.493236
-0.565899
-0.628812
-0.679743
-0.694350
-0.687122
-0.667451
-0.641351
-0.612611
-0.583556
-0.555556
-0.529367
-0.505353
-0.475426
-0.391430
-0.297483
-0.205065
-0.118679
-0.041142
0.000000
0.000000
0.127951
0.239981
0.332325
0.418199
0.498162
0.570349
0.632653
0.681142
0.694264
0.686172
0.666036
0.639726
0.610932
0.581917
0.554011
0.527942
0.504059
0.469458
0.384610
0.290774
0.198821
0.113109
0.036403
0.000000
0.000000
-0.137147
-0.246098
-0.337813
-0.423427
-0.503075
-0.574814
-0.636537
-0.682635
-0.694297
-0.685351
-0.664751
-0.638225
-0.609370
-0.580385
-0.552561
-0.526603
-0.502842
-0.463784
-0.378140
-0.284427
-0.192934
-0.107878
-0.031974
0.000000
0.000000
0.145865
0.251916
0.343044
0.428419
0.507773
0.579089
0.640264
0.684077
0.694343
0.684580
0.663536
0.636802
0.607886
0.578929
0.551184
0.525330
0.501685
0.458338
0.371928
0.278336
0.187284
0.102859
0.027726
0.000000
0.000000
-0.154211
-0.257481
-0.348045
-0.433188
-0.512259
-0.583171
-0.643820
-0.685448
-0.694379
-0.683835
-0.662367
-0.635436
-0.606462
-0.577533
-0.549863
-0.524110
-0.500575
-0.453123
-0.365979
-0.272499
-0.181870
-0.098047
-0.023652
0.000000
0.007551
0.161972
0.263654
0.353742
0.438498
0.517068
0.587343
0.647232
0.686477
0.693973
0.682608
0.660713
0.633603
0.604603
0.575738
0.548182
0.522567
0.499178
0.447710
0.359827
0.266442
0.176218
0.092987
0.019325
0.000000
-0.020000
-0.169890
-0.270543
-0.360157
-0.444393
-0.522292
-0.591743
-0.650682
-0.687305
-0.693235
-0.680986
-0.658645
-0.631361
-0.602357
-0.573584
-0.546175
-0.520731
-0.497520
-0.442702
-0.354151
-0.260795
-0.170873
-0.088119
-0.015071
0.000000
0.032042
0.177549
0.277203
0.366356
0.450088
0.527335
0.595986
0.654004
0.688096
0.692514
0.679413
0.656640
0.629191
0.600182
0.571500
0.544232
0.518954
0.495916
0.437844
0.348648
0.255323
0.165700
0.083413
0.010964
0.000000
-0.043509
-0.184793
-0.283471
-0.372165
-0.455401
-0.532015
-0.599898
-0.657034
-0.688755
-0.691759
-0.677866
-0.654696
-0.627098
-0.598091
-0.569500
-0.542370
-0.517252
-0.494380
-0.433179
-0.343358
-0.250060
-0.160719
-0.078876
-0.007000
0.000000
0.054542
0.191759
0.289495
0.377747
0.460505
0.536511
0.603654
0.659943
0.689387
0.691036
0.676381
0.652830
0.625089
0.596085
0.567580
0.540583
0.515618
0.492906
0.428715
0.338297
0.245024
0.155954
0.074537
0.003210
0.000000
-0.065106
-0.198432
-0.295268
-0.383099
-0.465400
-0.540823
-0.607258
-0.662736
-0.689999
-0.690347
-0.674962
-0.651045
-0.623167
-0.594164
-0.565742
-0.538872
-0.514055
-0.491495
-0.424110
-0.333076
-0.239852
-0.151086
-0.070132
0.000000
0.000000
0.075604
0.205163
0.301149
0.388587
0.470451
0.545304
0.611037
0.665701
0.690677
0.689660
0.673508
0.649205
0.621180
0.592176
0.563838
0.537099
0.512433
0.490031
0.419033
0.327287
0.234096
0.145653
0.065202
0.000000
0.000000
-0.084419
-0.211058
-0.306446
-0.393630
-0.475180
-0.549587
-0.614743
-0.668718
-0.691505
-0.689175
-0.672276
-0.647590
-0.619409
-0.590390
-0.562120
-0.535493
-0.510962
-0.488701
-0.414146
-0.321670
-0.228482
-0.140325
-0.060340
0.000000
0.000000
0.092988
0.216776
0.311574
0.398506
0.479747
0.553717
0.618309
0.671613
0.692284
0.688685
0.671066
0.646011
0.617682
0.588650
0.560447
0.533930
0.509530
0.487407
0.409487
0.316317
0.223124
0.135233
0.055685
0.000000
0.000000
-0.101232
-0.222287
-0.316525
-0.403218
-0.484164
-0.557717
-0.621770
-0.674431
-0.693059
-0.688235
-0.669919
-0.644506
-0.616032
-0.586987
-0.558846
-0.532434
-0.508159
-0.486168
-0.405028
-0.311194
-0.217999
-0.130366
-0.051238
0.000000
0.000000
0.109112
0.227554
0.321255
0.407720
0.488385
0.561538
0.625076
0.677121
0.693797
0.687800
0.668818
0.643064
0.614452
0.585393
0.557312
0.531001
0.506846
0.482337
0.399337
0.305268
0.212317
0.125157
0.046661
0.000000
0.000000
-0.117429
-0.233035
-0.326133
-0.412331
-0.492680
-0.565401
-0.628388
-0.679600
-0.694378
-0.687249
-0.667629
-0.641552
-0.612817
-0.583756
-0.555744
-0.529539
-0.505509
-0.476140
-0.392248
-0.298289
-0.205817
-0.119352
-0.041716
0.000000
0.000000
0.126849
0.239249
0.331669
0.417575
0.497577
0.569817
0.632191
0.680965
0.694261
0.686270
0.666190
0.639905
0.611119
0.582100
0.554184
0.528102
0.504204
0.470131
0.385378
0.291526
0.199519
0.113729
0.036928
0.000000
0.000000
-0.136111
-0.245406
-0.337190
-0.422833
-0.502516
-0.574304
-0.636093
-0.682463
-0.694291
-0.685442
-0.664895
-0.638394
-0.609546
-0.580558
-0.552725
-0.526754
-0.502979
-0.464431
-0.378878
-0.285151
-0.193605
-0.108474
-0.032479
0.000000
0.000000
0.144874
0.251255
0.342450
0.427852
0.507240
0.578605
0.639843
0.683915
0.694339
0.684668
0.663675
0.636965
0.608055
0.579095
0.551341
0.525476
0.501816
0.458958
0.372636
0.279029
0.187928
0.103431
0.028210
0.000000
0.000000
-0.153259
-0.256847
-0.347474
-0.432644
-0.511748
-0.582706
-0.643414
-0.685291
-0.694375
-0.683920
-0.662500
-0.635591
-0.606624
-0.577692
-0.550014
-0.524249
-0.500701
-0.453716
-0.366656
-0.273163
-0.182486
-0.098595
-0.024116
0.000000
0.006195
0.161104
0.262897
0.353034
0.437845
0.516488
0.586851
0.646844
0.686379
0.694049
0.682782
0.660937
0.633846
0.604847
0.575972
0.548401
0.522767
0.499359
0.448249
0.360439
0.267052
0.176795
0.093513
0.019786
0.000000
-0.018683
-0.169049
-0.269809
-0.359472
-0.443763
-0.521732
-0.591270
-0.650309
-0.687212
-0.693309
-0.681155
-0.658861
-0.631597
-0.602593
-0.573811
-0.546386
-0.520924
-0.497695
-0.443231
-0.354750
-0.261390
-0.171435
-0.088630
-0.015517
0.000000
0.030797
0.176762
0.276522
0.365725
0.449511
0.526826
0.595562
0.653675
0.688025
0.692596
0.679582
0.656852
0.629419
0.600410
0.571718
0.544435
0.519139
0.496083
0.438352
0.349225
0.255897
0.166244
0.083908
0.011397
0.000000
-0.042307
-0.184034
-0.282814
-0.371557
-0.454845
-0.531526
-0.599489
-0.656718
-0.688686
-0.691839
-0.678028
-0.654900
-0.627317
-0.598310
-0.569709
-0.542565
-0.517430
-0.494541
-0.433665
-0.343909
-0.250608
-0.161238
-0.079349
-0.007413
0.000000
0.053391
0.191032
0.288866
0.377164
0.459972
0.536041
0.603261
0.659638
0.689321
0.691111
0.676535
0.653025
0.625299
0.596294
0.567780
0.540769
0.515789
0.493060
0.429181
0.338825
0.245550
0.156451
0.074990
0.003605
0.000000
-0.064005
-0.197736
-0.294666
-0.382541
-0.464890
-0.540374
-0.606883
-0.662445
-0.689935
-0.690419
-0.675110
-0.651232
-0.623367
-0.594364
-0.565934
-0.539051
-0.514218
-0.491642
-0.424614
-0.333648
-0.240417
-0.151616
-0.070610
0.000000
0.000000
0.074737
0.204581
0.300625
0.388088
0.469983
0.544879
0.610668
0.665400
0.690593
0.689707
0.673629
0.649365
0.621354
0.592352
0.564008
0.537257
0.512578
0.490163
0.419523
0.327849
0.234658
0.146186
0.065688
0.000000
0.000000
-0.083564
-0.210489
-0.305935
-0.393145
-0.474726
-0.549177
-0.614389
-0.668431
-0.691428
-0.689225
-0.672397
-0.647748
-0.619582
-0.590565
-0.562287
-0.535649
-0.511105
-0.488831
-0.414611
-0.322205
-0.229017
-0.140834
-0.060806
0.000000
0.000000
0.092164
0.216225
0.311079
0.398034
0.479304
0.553316
0.617962
0.671331
0.692206
0.688729
0.671180
0.646161
0.617847
0.588816
0.560607
0.534080
0.509667
0.487531
0.409932
0.316828
0.223635
0.135719
0.056129
0.000000
0.000000
-0.100445
-0.221761
-0.316052
-0.402768
-0.483743
-0.557336
-0.621440
-0.674162
-0.692986
-0.688278
-0.670029
-0.644650
-0.616190
-0.587146
-0.558999
-0.532577
-0.508290
-0.486286
-0.405455
-0.311685
-0.218490
-0.130832
-0.051664
0.000000
0.000000
0.108357
0.227050
0.320803
0.407289
0.487981
0.561173
0.624760
0.676864
0.693726
0.687842
0.668924
0.643202
0.614603
0.585546
0.557459
0.531138
0.506972
0.482909
0.399991
0.305913
0.212921
0.125697
0.047123
0.000000
0.000000
-0.116574
-0.232477
-0.325639
-0.411866
-0.492249
-0.565015
-0.628059
-0.679490
-0.694400
-0.687346
-0.667767
-0.641708
-0.612977
-0.583911
-0.555889
-0.529673
-0.505631
-0.476693
-0.392881
-0.298913
-0.206399
-0.119873
-0.042161
0.000000
0.000000
0.125995
0.238682
0.331162
0.417092
0.497123
0.569405
0.631833
0.680827
0.694258
0.686347
0.666309
0.640044
0.611264
0.582242
0.554318
0.528226
0.504317
0.470653
0.385972
0.292109
0.200060
0.114210
0.037335
0.000000
0.000000
-0.135309
-0.244870
-0.336708
-0.422373
-0.502083
-0.573910
-0.635749
-0.682329
-0.694286
-0.685512
-0.665007
-0.638525
-0.609682
-0.580691
-0.552851
-0.526871
-0.503086
-0.464933
-0.379450
-0.285712
-0.194125
-0.108936
-0.032869
0.000000
0.000000
0.144107
0.250743
0.341990
0.427414
0.506828
0.578230
0.639516
0.683789
0.694336
0.684737
0.663783
0.637090
0.608186
0.579224
0.551463
0.525588
0.501919
0.459438
0.373184
0.279567
0.188426
0.103874
0.028585
0.000000
0.000000
-0.152522
-0.256355
-0.347033
-0.432223
-0.511351
-0.582345
-0.643100
-0.685170
-0.694372
-0.683985
-0.662603
-0.635712
-0.606750
-0.577815
-0.550130
-0.524357
-0.500799
-0.454176
-0.367180
-0.273678
-0.182963
-0.099019
-0.024475
0.000000
0.005144
0.160432
0.262310
0.352486
0.437340
0.516038
0.586470
0.646543
0.686303
0.694107
0.682916
0.661110
0.634034
0.605036
0.576154
0.548570
0.522922
0.499499
0.448676
0.360923
0.267533
0.177250
0.093928
0.020147
0.000000
-0.017649
-0.168389
-0.269234
-0.358935
-0.443269
-0.521294
-0.590899
-0.650017
-0.687140
-0.693368
-0.681288
-0.659032
-0.631782
-0.602779
-0.573989
-0.546553
-0.521077
-0.497833
-0.443647
-0.355221
-0.261857
-0.171877
-0.089032
-0.015868
0.000000
0.029816
0.176143
0.275986
0.365227
0.449056
0.526425
0.595227
0.653416
0.687968
0.692660
0.679714
0.657019
0.629598
0.600589
0.571889
0.544594
0.519284
0.496214
0.438752
0.349678
0.256349
0.166671
0.084297
0.011736
0.000000
-0.041361
-0.183438
-0.282298
-0.371079
-0.454408
-0.531141
-0.599168
-0.656469
-0.688632
-0.691901
-0.678155
-0.655060
-0.627489
-0.598482
-0.569873
-0.542718
-0.517570
-0.494667
-0.434048
-0.344343
-0.251039
-0.161646
-0.079720
-0.007738
0.000000
0.052486
0.190460
0.288371
0.376706
0.459552
0.535671
0.602952
0.659399
0.689268
0.691170
0.676657
0.653178
0.625463
0.596458
0.567937
0.540916
0.515923
0.493181
0.429547
0.339241
0.245963
0.156842
0.075346
0.003916
0.000000
-0.063138
-0.197189
-0.294192
-0.382102
-0.464488
-0.540020
-0.606587
-0.662216
-0.689885
-0.690475
-0.675226
-0.651378
-0.623525
-0.594522
-0.566085
-0.539191
-0.514346
-0.491758
-0.425011
-0.334098
-0.240861
-0.152033
-0.070986
-0.000128
0.000000
0.073948
0.204063
0.300165
0.387653
0.469579
0.544516
0.610358
0.665151
0.690530
0.689755
0.673740
0.649507
0.621510
0.592508
0.564158
0.537397
0.512706
0.490278
0.419938
0.328325
0.235133
0.146637
0.066099
0.000000
0.000000
-0.082839
-0.210005
-0.305501
-0.392732
-0.474340
-0.548827
-0.614087
-0.668186
-0.691362
-0.689266
-0.672500
-0.647882
-0.619728
-0.590712
-0.562429
-0.535782
-0.511226
-0.488940
-0.415007
-0.322661
-0.229473
-0.141267
-0.061201
0.000000
0.000000
0.091464
0.215757
0.310660
0.397635
0.478930
0.552978
0.617670
0.671093
0.692141
0.688768
0.671278
0.646289
0.617987
0.588958
0.560743
0.534207
0.509783
0.487636
0.410311
0.317263
0.224071
0.136133
0.056507
0.000000
0.000000
-0.099775
-0.221313
-0.315650
-0.402385
-0.483384
-0.557011
-0.621159
-0.673934
-0.692923
-0.688315
-0.670122
-0.644772
-0.616325
-0.587281
-0.559129
-0.532699
-0.508402
-0.486387
-0.405819
-0.312102
-0.218908
-0.131229
-0.052027
0.000000
0.000000
0.107716
0.226621
0.320418
0.406923
0.487638
0.560862
0.624491
0.676645
0.693666
0.687877
0.669013
0.643319
0.614732
0.585675
0.557584
0.531255
0.507079
0.483395
0.400547
0.306462
0.213434
0.126157
0.047516
0.000000
0.000000
-0.115846
-0.232002
-0.325219
-0.411471
-0.491883
-0.564688
-0.627780
-0.679299
-0.694364
-0.687402
-0.667873
-0.641840
-0.613117
-0.584051
-0.556023
-0.529798
-0.505744
-0.477225
-0.393489
-0.299511
-0.206955
-0.120368
-0.042582
0.000000
0.000000
0.125177
0.238139
0.330675
0.416629
0.496689
0.569011
0.631492
0.680700
0.694261
0.686425
0.666429
0.640183
0.611408
0.582383
0.554451
0.528348
0.504428
0.471169
0.386562
0.292689
0.200599
0.114690
0.037743
0.000000
0.000000
-0.134514
-0.244341
-0.336233
-0.421920
-0.501658
-0.573523
-0.635413
-0.682200
-0.694283
-0.685583
-0.665118
-0.638655
-0.609817
-0.580824
-0.552977
-0.526987
-0.503191
-0.465425
-0.380011
-0.286263
-0.194636
-0.109390
-0.033254
0.000000
0.000000
0.143351
0.250239
0.341537
0.426981
0.506421
0.577859
0.639193
0.683664
0.694332
0.684804
0.663888
0.637214
0.608315
0.579350
0.551582
0.525698
0.502019
0.459910
0.373722
0.280095
0.188916
0.104309
0.028953
0.000000
0.000000
-0.151799
-0.255873
-0.346599
-0.431810
-0.510962
-0.581991
-0.642792
-0.685051
-0.694368
-0.684050
-0.662704
-0.635830
-0.606873
-0.577936
-0.550245
-0.524462
-0.500895
-0.454628
-0.367696
-0.274183
-0.183432
-0.099436
-0.024828
0.000000
0.004111
0.159772
0.261733
0.351947
0.436843
0.515596
0.586096
0.646247
0.686228
0.694165
0.683048
0.661280
0.634219
0.605222
0.576332
0.548737
0.523075
0.499637
0.449201
0.361519
0.268119
0.177796
0.094416
0.020564
0.000000
-0.016462
-0.167637
-0.268582
-0.358331
-0.442715
-0.520805
-0.590490
-0.649699
-0.687068
-0.693443
-0.681446
-0.659231
-0.631997
-0.602994
-0.574195
-0.546744
-0.521252
-0.497991
-0.444128
-0.355767
-0.262401
-0.172392
-0.089500
-0.016277
0.000000
0.028660
0.175408
0.275347
0.364633
0.448510
0.525942
0.594820
0.653098
0.687893
0.692730
0.679865
0.657211
0.629806
0.600797
0.572089
0.544780
0.519455
0.496368
0.439218
0.350206
0.256873
0.167166
0.084748
0.012130
0.000000
-0.040261
-0.182742
-0.281697
-0.370521
-0.453898
-0.530691
-0.598792
-0.656178
-0.688569
-0.691973
-0.678303
-0.655246
-0.627690
-0.598683
-0.570065
-0.542896
-0.517733
-0.494814
-0.434495
-0.344850
-0.251544
-0.162124
-0.080155
-0.008118
0.000000
0.051428
0.189792
0.287793
0.376170
0.459063
0.535240
0.602592
0.659120
0.689207
0.691239
0.676799
0.653356
0.625656
0.596651
0.568121
0.541087
0.516079
0.493322
0.429975
0.339726
0.246446
0.157299
0.075762
0.004279
0.000000
-0.062125
-0.196549
-0.293639
-0.381588
-0.464019
-0.539606
-0.606241
-0.661948
-0.689826
-0.690541
-0.675363
-0.651549
-0.623710
-0.594706
-0.566261
-0.539355
-0.514496
-0.491893
-0.425474
-0.334623
-0.241380
-0.152520
-0.071425
-0.000506
0.000000
0.072832
0.203348
0.299540
0.387070
0.469042
0.544041
0.609958
0.664838
0.690460
0.689831
0.673898
0.649706
0.621724
0.592722
0.564363
0.537588
0.512881
0.490436
0.420478
0.328943
0.235749
0.147219
0.066630
0.000000
0.000000
-0.081896
-0.209375
-0.304936
-0.392194
-0.473835
-0.548371
-0.613692
-0.667864
-0.691274
-0.689318
-0.672631
-0.648054
-0.619917
-0.590902
-0.562612
-0.535953
-0.511383
-0.489082
-0.415526
-0.323257
-0.230069
-0.141833
-0.061717
0.000000
0.000000
0.090555
0.215151
0.310115
0.397118
0.478446
0.552539
0.617291
0.670785
0.692058
0.688820
0.671406
0.646456
0.618170
0.589142
0.560920
0.534372
0.509935
0.487774
0.410806
0.317832
0.224640
0.136674
0.057002
0.000000
0.000000
-0.098900
-0.220728
-0.315125
-0.401885
-0.482915
-0.556586
-0.620792
-0.673635
-0.692841
-0.688363
-0.670244
-0.644932
-0.616500
-0.587458
-0.559299
-0.532858
-0.508547
-0.486519
-0.406292
-0.312646
-0.219452
-0.131745
-0.052499
0.000000
0.000000
0.106879
0.226062
0.319915
0.406445
0.487189
0.560456
0.624140
0.676359
0.693588
0.687923
0.669130
0.643472
0.614900
0.585845
0.557747
0.531407
0.507218
0.484029
0.401274
0.307179
0.214103
0.126756
0.048029
0.000000
0.000000
-0.114897
-0.231383
-0.324672
-0.410956
-0.491405
-0.564260
-0.627416
-0.679009
-0.694292
-0.687461
-0.668007
-0.642011
-0.613303
-0.584237
-0.556202
-0.529964
-0.505897
-0.477947
-0.394314
-0.300321
-0.207707
-0.121038
-0.043150
0.000000
0.000000
0.124069
0.237403
0.330016
0.416002
0.496101
0.568479
0.631030
0.680529
0.694267
0.686534
0.666593
0.640373
0.611604
0.582575
0.554632
0.528516
0.504580
0.471874
0.387368
0.293482
0.201337
0.115349
0.038303
0.000000
0.000000
-0.133428
-0.243619
-0.335586
-0.421303
-0.501078
-0.572997
-0.634955
-0.682024
-0.694280
-0.685681
-0.665270
-0.638832
-0.610002
-0.581005
-0.553148
-0.527145
-0.503335
-0.466095
-0.380776
-0.287013
-0.195332
-0.110008
-0.033777
0.000000
0.000000
0.142320
0.249551
0.340918
0.426391
0.505865
0.577354
0.638752
0.683493
0.694326
0.684895
0.664032
0.637382
0.608490
0.579522
0.551745
0.525849
0.502156
0.460554
0.374455
0.280814
0.189583
0.104901
0.029455
0.000000
0.000000
-0.150813
-0.255215
-0.346008
-0.431246
-0.510432
-0.581509
-0.642372
-0.684889
-0.694364
-0.684138
-0.662842
-0.635991
-0.607041
-0.578101
-0.550401
-0.524607
-0.501026
-0.455244
-0.368399
-0.274873
-0.184072
-0.100004
-0.025309
0.000000
0.002703
0.158872
0.260947
0.351212
0.436165
0.514993
0.585586
0.645844
0.686126
0.694243
0.683229
0.661512
0.634472
0.605476
0.576575
0.548964
0.523283
0.499825
0.449917
0.362331
0.268918
0.178541
0.095082
0.021132
0.000000
-0.014842
-0.166613
-0.267695
-0.357507
-0.441960
-0.520138
-0.589931
-0.649264
-0.686969
-0.693545
-0.681661
-0.659503
-0.632290
-0.603287
-0.574476
-0.547006
-0.521491
-0.498207
-0.444785
-0.356512
-0.263142
-0.173093
-0.090139
-0.016834
0.000000
0.027084
0.174406
0.274476
0.363823
0.447766
0.525284
0.594266
0.652664
0.687790
0.692824
0.680071
0.657473
0.630090
0.601082
0.572361
0.545034
0.519687
0.496578
0.439853
0.350925
0.257588
0.167843
0.085363
0.012667
0.000000
-0.038761
-0.181795
-0.280876
-0.369761
-0.453202
-0.530078
-0.598279
-0.655780
-0.688482
-0.692071
-0.678505
-0.655500
-0.627964
-0.598956
-0.570327
-0.543140
-0.517955
-0.495015
-0.435105
-0.345542
-0.252232
-0.162775
-0.080749
-0.008636
0.000000
0.049986
0.188882
0.287006
0.375440
0.458396
0.534652
0.602101
0.658740
0.689125
0.691334
0.676994
0.653600
0.625919
0.596913
0.568372
0.541321
0.516293
0.493515
0.430559
0.340388
0.247104
0.157922
0.076329
0.004775
0.000000
-0.060743
-0.195676
-0.292884
-0.380889
-0.463379
-0.539042
-0.605770
-0.661583
-0.689746
-0.690632
-0.675548
-0.651783
-0.623961
-0.594957
-0.566501
-0.539579
-0.514701
-0.492078
-0.426106
-0.335339
-0.242088
-0.153184
-0.072023
-0.001023
0.000000
0.071312
0.202372
0.298688
0.386275
0.468311
0.543393
0.609412
0.664410
0.690366
0.689935
0.674113
0.649977
0.622016
0.593014
0.564642
0.537848
0.513119
0.490650
0.421215
0.329785
0.236588
0.148014
0.067353
0.000000
0.000000
-0.080610
-0.208516
-0.304164
-0.391460
-0.473147
-0.547748
-0.613153
-0.667426
-0.691154
-0.689389
-0.672810
-0.648289
-0.620175
-0.591162
-0.562862
-0.536186
-0.511597
-0.489275
-0.416233
-0.324069
-0.230881
-0.142603
-0.062420
0.000000
0.000000
0.089315
0.214323
0.309373
0.396412
0.477785
0.551941
0.616775
0.670366
0.691945
0.688891
0.671581
0.646685
0.618420
0.589394
0.561162
0.534599
0.510143
0.487961
0.411481
0.318607
0.225416
0.137411
0.057676
0.000000
0.000000
-0.097707
-0.219931
-0.314408
-0.401204
-0.482276
-0.556007
-0.620291
-0.673227
-0.692729
-0.688428
-0.670410
-0.645150
-0.616739
-0.587699
-0.559531
-0.533074
-0.508746
-0.486698
-0.406938
-0.313388
-0.220194
-0.132450
-0.053143
0.000000
0.000000
0.105738
0.225299
0.319230
0.405793
0.486578
0.559903
0.623661
0.675970
0.693481
0.687986
0.669290
0.643681
0.615129
0.586075
0.557969
0.531615
0.507408
0.484893
0.402264
0.308156
0.215015
0.127573
0.048728
0.000000
0.000000
-0.113603
-0.230538
-0.323925
-0.410253
-0.490754
-0.563677
-0.626919
-0.678613
-0.694195
-0.687543
-0.668189
-0.642244
-0.613556
-0.584491
-0.556445
-0.530192
-0.506104
-0.478932
-0.395438
-0.301425
-0.208733
-0.121951
-0.043925
0.000000
0.000000
0.122559
0.236399
0.329117
0.415147
0.495300
0.567752
0.630401
0.680295
0.694274
0.686682
0.666817
0.640631
0.611872
0.582837
0.554879
0.528744
0.504787
0.472835
0.388467
0.294563
0.202343
0.116246
0.039067
0.000000
0.000000
-0.131948
-0.242635
-0.334703
-0.420463
-0.500288
-0.572279
-0.634331
-0.681785
-0.694275
-0.685814
-0.665478
-0.639074
-0.610254
-0.581253
-0.553382
-0.527361
-0.503531
-0.467009
-0.381818
-0.288035
-0.196280
-0.110852
-0.034492
0.000000
0.000000
0.140915
0.248613
0.340075
0.425587
0.505108
0.576665
0.638151
0.683261
0.694319
0.685019
0.664227
0.637611
0.608729
0.579756
0.551967
0.526054
0.502342
0.461431
0.375456
0.281795
0.190493
0.105710
0.030139
0.000000
0.000000
-0.149469
-0.254319
-0.345203
-0.430478
-0.509710
-0.580852
-0.641799
-0.684668
-0.694358
-0.684258
-0.663031
-0.636211
-0.607271
-0.578326
-0.550613
-0.524803
-0.501205
-0.456084
-0.369357
-0.275813
-0.184944
-0.100779
-0.025965
0.000000
0.000783
0.157644
0.259874
0.350211
0.435242
0.514172
0.584890
0.645295
0.685987
0.694350
0.683474
0.661828
0.634816
0.605821
0.576907
0.549273
0.523566
0.500081
0.450894
0.363439
0.270007
0.179556
0.095989
0.021907
0.000000
-0.012634
-0.165216
-0.266484
-0.356383
-0.440930
-0.519229
-0.589169
-0.648671
-0.686835
-0.693684
-0.681954
-0.659873
-0.632690
-0.603687
-0.574859
-0.547362
-0.521817
-0.498501
-0.445681
-0.357527
-0.264152
-0.174048
-0.091009
-0.017594
0.000000
0.024936
0.173040
0.273289
0.362718
0.446751
0.524386
0.593510
0.652073
0.687649
0.692953
0.680351
0.657830
0.630477
0.601469
0.572732
0.545380
0.520004
0.496864
0.440718
0.351905
0.258563
0.168764
0.086201
0.013399
0.000000
-0.036717
-0.180502
-0.279758
-0.368724
-0.452253
-0.529242
-0.597580
-0.655239
-0.688363
-0.692205
-0.678781
-0.655846
-0.628337
-0.599328
-0.570683
-0.543472
-0.518259
-0.495289
-0.435937
-0.346485
-0.253171
-0.163663
-0.081557
-0.009342
0.000000
0.048019
0.187640
0.285932
0.374445
0.457486
0.533851
0.601431
0.658221
0.689012
0.691463
0.677258
0.653933
0.626277
0.597271
0.568715
0.541639
0.516584
0.493777
0.431355
0.341290
0.248002
0.158772
0.077103
0.005451
0.000000
-0.058860
-0.194487
-0.291855
-0.379935
-0.462506
-0.538274
-0.605128
-0.661085
-0.689637
-0.690754
-0.675801
-0.652101
-0.624304
-0.595300
-0.566829
-0.539884
-0.514979
-0.492329
-0.426967
-0.336316
-0.243053
-0.154089
-0.072839
-0.001727
0.000000
0.069240
0.201043
0.297526
0.385192
0.467315
0.542510
0.608668
0.663828
0.690237
0.690076
0.674406
0.650347
0.622414
0.593412
0.565023
0.538202
0.513443
0.490943
0.422219
0.330932
0.237732
0.149098
0.068340
0.000000
0.000000
-0.078856
-0.207345
-0.303113
-0.390459
-0.472210
-0.546899
-0.612419
-0.666829
-0.690991
-0.689485
-0.673055
-0.648609
-0.620525
-0.591516
-0.563202
-0.536504
-0.511888
-0.489539
-0.417197
-0.325176
-0.231987
-0.143653
-0.063378
0.000000
0.000000
0.087625
0.213195
0.308361
0.395450
0.476883
0.551126
0.616071
0.669795
0.691791
0.688987
0.671819
0.646996
0.618761
0.589737
0.561492
0.534907
0.510425
0.488216
0.412400
0.319664
0.226473
0.138416
0.058594
0.000000
0.000000
-0.096081
-0.218844
-0.313432
-0.400274
-0.481405
-0.555219
-0.619609
-0.672672
-0.692576
-0.688517
-0.670637
-0.645447
-0.617064
-0.588027
-0.559847
-0.533370
-0.509016
-0.486943
-0.407817
-0.314399
-0.221205
-0.133411
-0.054020
0.000000
0.000000
0.104183
0.224260
0.318297
0.404904
0.485745
0.559149
0.623009
0.675439
0.693336
0.688072
0.669507
0.643966
0.615441
0.586390
0.558271
0.531897
0.507667
0.485723
0.403427
0.309354
0.216158
0.128616
0.049640
0.000000
0.000000
-0.111941
-0.229444
-0.322953
-0.409335
-0.489899
-0.562909
-0.626261
-0.678085
-0.694060
-0.687643
-0.668423
-0.642546
-0.613885
-0.584821
-0.556762
-0.530487
-0.506375
-0.480195
-0.396882
-0.302846
-0.210055
-0.123130
-0.044928
0.000000
0.000000
0.120637
0.235129
0.327984
0.414073
0.494296
0.566847
0.629620
0.680014
0.694297
0.686881
0.667111
0.640968
0.612219
0.583175
0.555198
0.529037
0.505054
0.474065
0.389873
0.295948
0.203633
0.117398
0.040048
0.000000
0.000000
-0.130052
-0.241375
-0.333574
-0.419387
-0.499278
-0.571361
-0.633533
-0.681479
-0.694270
-0.685984
-0.665743
-0.639384
-0.610577
-0.581569
-0.553681
-0.527637
-0.503782
-0.468176
-0.383148
-0.289340
-0.197491
-0.111927
-0.035403
0.000000
0.000000
0.139121
0.247416
0.338998
0.424559
0.504141
0.575784
0.637384
0.682963
0.694309
0.685177
0.664477
0.637904
0.609034
0.580056
0.552250
0.526315
0.502580
0.462551
0.376733
0.283048
0.191655
0.106742
0.031013
0.000000
0.000000
-0.147753
-0.253175
-0.344175
-0.429497
-0.508787
-0.580012
-0.641068
-0.684387
-0.694351
-0.684411
-0.663271
-0.636493
-0.607564
-0.578613
-0.550885
-0.525054
-0.501433
-0.457157
-0.370581
-0.277014
-0.186058
-0.101769
-0.026803
0.000000
0.000000
0.156023
0.258690
0.349131
0.434225
0.513234
0.584058
0.644593
0.685746
0.694388
0.683674
0.662114
0.635139
0.606153
0.577230
0.549576
0.523845
0.500334
0.451992
0.364688
0.271234
0.180696
0.097004
0.022769
0.000000
-0.010136
-0.163624
-0.265098
-0.355091
-0.439742
-0.518175
-0.588280
-0.647972
-0.686665
-0.693830
-0.682278
-0.660287
-0.633139
-0.604138
-0.575291
-0.547765
-0.522186
-0.498834
-0.446682
-0.358662
-0.265282
-0.175118
-0.091984
-0.018447
0.000000
0.022508
0.171492
0.271941
0.361461
0.445595
0.523360
0.592645
0.651392
0.687483
0.693093
0.680665
0.658231
0.630912
0.601906
0.573151
0.545771
0.520361
0.497187
0.441694
0.353011
0.259661
0.169802
0.087145
0.014222
0.000000
-0.034416
-0.179049
-0.278500
-0.367558
-0.451187
-0.528303
-0.596795
-0.654631
-0.688231
-0.692356
-0.679092
-0.656237
-0.628757
-0.599749
-0.571085
-0.543846
-0.518601
-0.495597
-0.436875
-0.347549
-0.254229
-0.164665
-0.082470
-0.010140
0.000000
0.045801
0.186240
0.284721
0.373323
0.456460
0.532948
0.600677
0.657637
0.688885
0.691609
0.677557
0.654308
0.626681
0.597675
0.569101
0.541999
0.516912
0.494074
0.432252
0.342308
0.249014
0.159730
0.077975
0.006213
0.000000
-0.056736
-0.193145
-0.290694
-0.378859
-0.461522
-0.537406
-0.604403
-0.660523
-0.689514
-0.690893
-0.676086
-0.652460
-0.624690
-0.595686
-0.567198
-0.540228
-0.515294
-0.492613
-0.427827
-0.337291
-0.244023
-0.155007
-0.073675
-0.002456
0.000000
0.067206
0.199759
0.296415
0.384162
0.466373
0.541680
0.607975
0.663291
0.690120
0.690209
0.674680
0.650690
0.622785
0.593782
0.565377
0.538532
0.513744
0.491214
0.423149
0.331987
0.238775
0.150076
0.069222
0.000000
0.000000
-0.077256
-0.206271
-0.302146
-0.389538
-0.471345
-0.546115
-0.611739
-0.666274
-0.690836
-0.689571
-0.673278
-0.648903
-0.620847
-0.591841
-0.563515
-0.536797
-0.512156
-0.489781
-0.418100
-0.326215
-0.233025
-0.144637
-0.064276
0.000000
0.000000
0.086047
0.212144
0.307419
0.394554
0.476046
0.550369
0.615417
0.669265
0.691650
0.689079
0.672044
0.647288
0.619080
0.590059
0.561801
0.535195
0.510689
0.488455
0.413259
0.320651
0.227461
0.139355
0.059453
0.000000
0.000000
-0.094559
-0.217826
-0.312518
-0.399404
-0.480589
-0.554480
-0.618969
-0.672151
-0.692432
-0.688600
-0.670848
-0.645724
-0.617368
-0.588334
-0.560142
-0.533645
-0.509269
-0.487171
-0.408639
-0.315342
-0.222149
-0.134307
-0.054840
0.000000
0.000000
0.102731
0.223289
0.317425
0.404074
0.484968
0.558445
0.622400
0.674943
0.693200
0.688152
0.669709
0.644231
0.615732
0.586683
0.558554
0.532161
0.507909
0.485942
0.404215
0.310259
0.217064
0.129477
0.050426
0.000000
0.000000
-0.110549
-0.228514
-0.322118
-0.408540
-0.489154
-0.562235
-0.625678
-0.677611
-0.693930
-0.687720
-0.668617
-0.642800
-0.614164
-0.585102
-0.557033
-0.530740
-0.506607
-0.481249
-0.398090
-0.304037
-0.211168
-0.124127
-0.045780
0.000000
0.000000
0.119059
0.234099
0.327073
0.413216
0.493501
0.566135
0.629014
0.679810
0.694337
0.687062
0.667366
0.641255
0.612513
0.583461
0.555466
0.529284
0.505278
0.475086
0.391042
0.297099
0.204707
0.118359
0.040869
0.000000
0.000000
-0.128476
-0.240329
-0.332637
-0.418495
-0.498441
-0.570602
-0.632873
-0.681226
-0.694265
-0.686125
-0.665963
-0.639640
-0.610844
-0.581830
-0.553928
-0.527866
-0.503990
-0.469138
-0.384245
-0.290416
-0.198489
-0.112814
-0.036153
0.000000
0.000000
0.137640
0.246427
0.338109
0.423710
0.503342
0.575056
0.636749
0.682717
0.694300
0.685308
0.664683
0.638145
0.609286
0.580303
0.552484
0.526531
0.502776
0.463476
0.377788
0.284083
0.192614
0.107594
0.031734
0.000000
0.000000
-0.146337
-0.252230
-0.343326
-0.428688
-0.508026
-0.579320
-0.640465
-0.684154
-0.694345
-0.684538
-0.663470
-0.636725
-0.607805
-0.578850
-0.551109
-0.525261
-0.501622
-0.458043
-0.371592
-0.278005
-0.186978
-0.102586
-0.027495
0.000000
0.000000
0.154663
0.257783
0.348316
0.433447
0.512503
0.583393
0.644013
0.685522
0.694382
0.683795
0.662304
0.635361
0.606385
0.577457
0.549792
0.524044
0.500515
0.452840
0.365656
0.272183
0.181576
0.097787
0.023432
0.000000
-0.008197
-0.162385
-0.264015
-0.354079
-0.438809
-0.517345
-0.587577
-0.647417
-0.686524
-0.693938
-0.682526
-0.660607
-0.633487
-0.604487
-0.575626
-0.548078
-0.522472
-0.499092
-0.447453
-0.359536
-0.266152
-0.175943
-0.092736
-0.019105
0.000000
0.020626
0.170290
0.270892
0.360482
0.444694
0.522559
0.591968
0.650859
0.687349
0.693199
0.680906
0.658541
0.631249
0.602244
0.573476
0.546074
0.520638
0.497437
0.442450
0.353866
0.260512
0.170606
0.087876
0.014859
0.000000
-0.032635
-0.177924
-0.277527
-0.366656
-0.450362
-0.527576
-0.596188
-0.654161
-0.688130
-0.692474
-0.679333
-0.656540
-0.629083
-0.600074
-0.571396
-0.544135
-0.518865
-0.495836
-0.437602
-0.348373
-0.255050
-0.165442
-0.083177
-0.010758
0.000000
0.044082
0.185155
0.283783
0.372454
0.455665
0.532248
0.600092
0.657185
0.688787
0.691722
0.677789
0.654599
0.626994
0.597987
0.569400
0.542277
0.517167
0.494304
0.432948
0.343096
0.249798
0.160472
0.078651
0.006803
0.000000
-0.055090
-0.192105
-0.289794
-0.378025
-0.460759
-0.536735
-0.603841
-0.660088
-0.689419
-0.691000
-0.676307
-0.652738
-0.624990
-0.595985
-0.567484
-0.540494
-0.515537
-0.492833
-0.428493
-0.338046
-0.244774
-0.155717
-0.074322
-0.003021
0.000000
0.065631
0.198764
0.295555
0.383364
0.465643
0.541037
0.607437
0.662874
0.690029
0.690312
0.674891
0.650957
0.623071
0.594069
0.565651
0.538787
0.513977
0.491425
0.423870
0.332804
0.239583
0.150833
0.069905
0.000000
0.000000
-0.076017
-0.205440
-0.301398
-0.388824
-0.470675
-0.545507
-0.611212
-0.665844
-0.690717
-0.689638
-0.673451
-0.649130
-0.621097
-0.592092
-0.563758
-0.537023
-0.512364
-0.489969
-0.418800
-0.327019
-0.233828
-0.145399
-0.064971
0.000000
0.000000
0.084826
0.211330
0.306689
0.393861
0.475396
0.549783
0.614911
0.668854
0.691541
0.689151
0.672218
0.647514
0.619327
0.590308
0.562040
0.535419
0.510894
0.488640
0.413924
0.321416
0.228227
0.140083
0.060119
0.000000
0.000000
-0.093381
-0.217038
-0.311810
-0.398730
-0.479957
-0.553907
-0.618474
-0.671748
-0.692321
-0.688663
-0.671011
-0.645939
-0.617604
-0.588571
-0.560371
-0.533859
-0.509465
-0.487348
-0.409275
-0.316073
-0.222880
-0.135002
-0.055474
0.000000
0.000000
0.101607
0.222537
0.316750
0.403432
0.484365
0.557899
0.621928
0.674559
0.693095
0.688214
0.669867
0.644437
0.615957
0.586911
0.558773
0.532366
0.508097
0.486111
0.404825
0.310961
0.217766
0.130144
0.051035
0.000000
0.000000
-0.109471
-0.227794
-0.321471
-0.407925
-0.488577
-0.561712
-0.625226
-0.677243
-0.693830
-0.687780
-0.668768
-0.642998
-0.614380
-0.585320
-0.557243
-0.530936
-0.506786
-0.482066
-0.399025
-0.304960
-0.212030
-0.124900
-0.046441
0.000000
0.000000
0.117836
0.233301
0.326367
0.412552
0.492885
0.565584
0.628544
0.679653
0.694368
0.687202
0.667563
0.641478
0.612741
0.583682
0.555674
0.529476
0.505451
0.475877
0.391946
0.297992
0.205539
0.119104
0.041504
0.000000
0.000000
-0.127255
-0.239519
-0.331911
-0.417805
-0.497793
-0.570013
-0.632361
-0.681030
-0.694262
-0.686234
-0.666133
-0.639839
-0.611050
-0.582033
-0.554120
-0.528043
-0.504151
-0.469883
-0.385095
-0.291249
-0.199261
-0.113501
-0.036734
0.000000
0.000000
0.136493
0.245661
0.337420
0.423052
0.502722
0.574492
0.636257
0.682526
0.694293
0.685408
0.664842
0.638332
0.609481
0.580494
0.552665
0.526699
0.502929
0.464193
0.378606
0.284884
0.193358
0.108254
0.032293
0.000000
0.000000
-0.145240
-0.251499
-0.342669
-0.428061
-0.507437
-0.578784
-0.639998
-0.683974
-0.694340
-0.684636
-0.663624
-0.636905
-0.607993
-0.579034
-0.551283
-0.525422
-0.501768
-0.458730
-0.372375
-0.278773
-0.187690
-0.103220
-0.028031
0.000000
0.000000
0.153610
0.257081
0.347685
0.432845
0.511936
0.582877
0.643564
0.685349
0.694377
0.683889
0.662451
0.635534
0.606564
0.577633
0.549958
0.524198
0.500654
0.453497
0.366406
0.272918
0.182259
0.098393
0.023945
0.000000
-0.006695
-0.161424
-0.263176
-0.353295
-0.438086
-0.516702
-0.587032
-0.646987
-0.686415
-0.694021
-0.682718
-0.660854
-0.633756
-0.604757
-0.575886
-0.548320
-0.522693
-0.499293
-0.448050
-0.360214
-0.266827
-0.176582
-0.093319
-0.019616
0.000000
0.019169
0.169359
0.270079
0.359724
0.443995
0.521939
0.591444
0.650446
0.687246
0.693282
0.681093
0.658782
0.631510
0.602506
0.573727
0.546308
0.520853
0.497631
0.443036
0.354529
0.261170
0.171228
0.088442
0.015353
0.000000
-0.031256
-0.177052
-0.276773
-0.365957
-0.449723
-0.527014
-0.595718
-0.653797
-0.688051
-0.692566
-0.679519
-0.656774
-0.629335
-0.600326
-0.571637
-0.544360
-0.519071
-0.496021
-0.438165
-0.349012
-0.255686
-0.166043
-0.083725
-0.011237
0.000000
0.042750
0.184314
0.283056
0.371781
0.455050
0.531706
0.599640
0.656835
0.688712
0.691809
0.677968
0.654825
0.627236
0.598230
0.569632
0.542493
0.517364
0.494481
0.433486
0.343706
0.250406
0.161046
0.079174
0.007261
0.000000
-0.053815
-0.191300
-0.289098
-0.377379
-0.460169
-0.536214
-0.603406
-0.659750
-0.689345
-0.691083
-0.676478
-0.652953
-0.625221
-0.596217
-0.567706
-0.540700
-0.515726
-0.493003
-0.429009
-0.338630
-0.245356
-0.156268
-0.074823
-0.003459
0.000000
0.064411
0.197993
0.294888
0.382746
0.465078
0.540539
0.607021
0.662552
0.689958
0.690392
0.675055
0.651163
0.623294
0.594291
0.565863
0.538985
0.514158
0.491588
0.424428
0.333437
0.240208
0.151420
0.070434
0.000000
0.000000
-0.075056
-0.204796
-0.300818
-0.388272
-0.470156
-0.545036
-0.610804
-0.665511
-0.690624
-0.689690
-0.673584
-0.649306
-0.621290
-0.592287
-0.563945
-0.537199
-0.512525
-0.490114
-0.419342
-0.327642
-0.234451
-0.145989
-0.065509
0.000000
0.000000
0.083879
0.210699
0.306124
0.393323
0.474894
0.549328
0.614519
0.668537
0.691456
0.689206
0.672353
0.647690
0.619518
0.590500
0.562226
0.535592
0.511052
0.488783
0.414439
0.322008
0.228820
0.140647
0.060634
0.000000
0.000000
-0.092468
-0.216428
-0.311262
-0.398208
-0.479468
-0.553464
-0.618090
-0.671435
-0.692235
-0.688713
-0.671138
-0.646105
-0.617786
-0.588755
-0.560548
-0.534024
-0.509616
-0.487485
-0.409768
-0.316639
-0.223446
-0.135540
-0.055965
0.000000
0.000000
0.100735
0.221955
0.316227
0.402934
0.483898
0.557476
0.621562
0.674262
0.693013
0.688262
0.669988
0.644597
0.616132
0.587087
0.558942
0.532524
0.508242
0.486243
0.405298
0.311504
0.218309
0.130660
0.051507
0.000000
0.000000
-0.108635
-0.227236
-0.320969
-0.407448
-0.488130
-0.561308
-0.624876
-0.676958
-0.693752
-0.687826
-0.668885
-0.643151
-0.614548
-0.585489
-0.557405
-0.531088
-0.506926
-0.482698
-0.399750
-0.305675
-0.212698
-0.125498
-0.046953
0.000000
0.000000
0.116889
0.232683
0.325821
0.412038
0.492408
0.565158
0.628181
0.679530
0.694392
0.687310
0.667716
0.641651
0.612918
0.583854
0.555835
0.529624
0.505586
0.476489
0.392647
0.298682
0.206184
0.119680
0.041997
0.000000
0.000000
-0.126310
-0.238891
-0.331349
-0.417270
-0.497290
-0.569557
-0.631965
-0.680878
-0.694259
-0.686318
-0.666265
-0.639993
-0.611210
-0.582190
-0.554268
-0.528180
-0.504276
-0.470461
-0.385753
-0.291894
-0.199860
-0.114033
-0.037185
0.000000
0.000000
0.135604
0.245067
0.336886
0.422542
0.502243
0.574055
0.635876
0.682378
0.694288
0.685486
0.664966
0.638476
0.609632
0.580642
0.552805
0.526828
0.503046
0.464748
0.379239
0.285505
0.193933
0.108766
0.032725
0.000000
0.000000
-0.144390
-0.250932
-0.342160
-0.427576
-0.506980
-0.578368
-0.639636
-0.683835
-0.694337
-0.684712
-0.663743
-0.637044
-0.608138
-0.579176
-0.551418
-0.525546
-0.501881
-0.459261
-0.372982
-0.279369
-0.188242
-0.103710
-0.028447
0.000000
0.000000
0.152794
0.256536
0.347196
0.432379
0.511497
0.582478
0.643216
0.685215
0.694373
0.683961
0.662565
0.635667
0.606704
0.577769
0.550087
0.524317
0.500763
0.454006
0.366987
0.273488
0.182787
0.098862
0.024342
0.000000
-0.005531
-0.160680
-0.262526
-0.352688
-0.437526
-0.516204
-0.586611
-0.646654
-0.686331
-0.694086
-0.682867
-0.661046
-0.633965
-0.604967
-0.576087
-0.548508
-0.522865
-0.499448
-0.448513
-0.360738
-0.267349
-0.177078
-0.093771
-0.020011
0.000000
0.018039
0.168637
0.269450
0.359137
0.443454
0.521458
0.591038
0.650127
0.687167
0.693345
0.681238
0.658968
0.631712
0.602709
0.573922
0.546490
0.521019
0.497781
0.443490
0.355043
0.261681
0.171710
0.088880
0.015735
0.000000
-0.030188
-0.176377
-0.276189
-0.365416
-0.449228
-0.526578
-0.595354
-0.653515
-0.687990
-0.692636
-0.679664
-0.656956
-0.629531
-0.600521
-0.571824
-0.544534
-0.519229
-0.496165
-0.438601
-0.349507
-0.256178
-0.166509
-0.084150
-0.011608
0.000000
0.041718
0.183663
0.282493
0.371260
0.454573
0.531286
0.599289
0.656563
0.688653
0.691877
0.678107
0.654999
0.627424
0.598417
0.569811
0.542660
0.517517
0.494619
0.433903
0.344179
0.250876
0.161492
0.079580
0.007615
0.000000
-0.052828
-0.190676
-0.288558
-0.376879
-0.459711
-0.535811
-0.603069
-0.659489
-0.689288
-0.691147
-0.676611
-0.653120
-0.625401
-0.596396
-0.567878
-0.540860
-0.515872
-0.493135
-0.429408
-0.339084
-0.245807
-0.156694
-0.075211
-0.003798
0.000000
0.063466
0.197396
0.294371
0.382268
0.464640
0.540154
0.606699
0.662302
0.689904
0.690454
0.675182
0.651323
0.623466
0.594462
0.566028
0.539138
0.514298
0.491714
0.424861
0.333928
0.240693
0.151875
0.070844
0.000005
0.000000
-0.074308
-0.204294
-0.300367
-0.387842
-0.469752
-0.544670
-0.610487
-0.665252
-0.690552
-0.689730
-0.673689
-0.649443
-0.621441
-0.592439
-0.564091
-0.537335
-0.512650
-0.490227
-0.419763
-0.328126
-0.234934
-0.146448
-0.065927
0.000000
0.000000
0.083144
0.210209
0.305684
0.392906
0.474503
0.548975
0.614215
0.668290
0.691391
0.689249
0.672457
0.647826
0.619667
0.590650
0.562370
0.535726
0.511175
0.488894
0.414840
0.322468
0.229280
0.141085
0.061035
0.000000
0.000000
-0.091758
-0.215954
-0.310836
-0.397803
-0.479087
-0.553119
-0.617792
-0.671192
-0.692168
-0.688751
-0.671236
-0.646235
-0.617928
-0.588898
-0.560685
-0.534153
-0.509734
-0.487592
-0.410151
-0.317079
-0.223887
-0.135958
-0.056347
0.000000
0.000000
0.100058
0.221502
0.315820
0.402547
0.483536
0.557148
0.621278
0.674030
0.692950
0.688299
0.670083
0.644721
0.616268
0.587224
0.559074
0.532647
0.508355
0.486345
0.405665
0.311926
0.218732
0.131061
0.051874
0.000000
0.000000
-0.107986
-0.226802
-0.320580
-0.407077
-0.487783
-0.560993
-0.624604
-0.676737
-0.693692
-0.687862
-0.668976
-0.643270
-0.614678
-0.585621
-0.557531
-0.531206
-0.507034
-0.483190
-0.400313
-0.306231
-0.213217
-0.125963
-0.047350
0.000000
0.000000
0.116153
0.232203
0.325396
0.411638
0.492038
0.564826
0.627898
0.679393
0.694387
0.687382
0.667830
0.641784
0.613057
0.583990
0.555965
0.529744
0.505695
0.476992
0.393222
0.299249
0.206712
0.120152
0.042398
0.000000
0.000000
-0.125535
-0.238377
-0.330888
-0.416831
-0.496879
-0.569184
-0.631641
-0.680755
-0.694259
-0.686390
-0.666375
-0.640121
-0.611344
-0.582321
-0.554392
-0.528294
-0.504379
-0.470941
-0.386301
-0.292433
-0.200360
-0.114477
-0.037562
0.000000
0.000000
0.134865
0.244574
0.336443
0.422120
0.501845
0.573694
0.635561
0.682257
0.694284
0.685552
0.665069
0.638597
0.609757
0.580765
0.552921
0.526936
0.503144
0.465208
0.379764
0.286020
0.194411
0.109190
0.033084
0.000000
0.000000
-0.143684
-0.250462
-0.341737
-0.427172
-0.506601
-0.578023
-0.639335
-0.683719
-0.694334
-0.684775
-0.663842
-0.637159
-0.608258
-0.579294
-0.551529
-0.525650
-0.501975
-0.459702
-0.373484
-0.279862
-0.188700
-0.104117
-0.028791
0.000000
0.000000
0.152118
0.256086
0.346790
0.431992
0.511134
0.582147
0.642928
0.685104
0.694370
0.684021
0.662660
0.635778
0.606819
0.577882
0.550194
0.524416
0.500853
0.454429
0.367468
0.273960
0.183225
0.099252
0.024672
0.000000
-0.004566
-0.160063
-0.261987
-0.352185
-0.437062
-0.515791
-0.586261
-0.646377
-0.686261
-0.694139
-0.682990
-0.661205
-0.634138
-0.605140
-0.576253
-0.548663
-0.523008
-0.499576
-0.448969
-0.361256
-0.267860
-0.177556
-0.094201
-0.020380
0.000000
0.016985
0.167969
0.268870
0.358597
0.442959
0.521020
0.590670
0.649839
0.687100
0.693410
0.681376
0.659143
0.631903
0.602899
0.574104
0.546660
0.521175
0.497921
0.443916
0.355526
0.262161
0.172165
0.089294
0.016096
0.000000
-0.029170
-0.175732
-0.275629
-0.364895
-0.448751
-0.526155
-0.594999
-0.653238
-0.687926
-0.692699
-0.679798
-0.657126
-0.629715
-0.600705
-0.572000
-0.544698
-0.519380
-0.496300
-0.439012
-0.349973
-0.256642
-0.166948
-0.084549
-0.011956
0.000000
0.040746
0.183049
0.281962
0.370767
0.454123
0.530889
0.598958
0.656306
0.688597
0.691941
0.678238
0.655164
0.627602
0.598594
0.569981
0.542818
0.517661
0.494749
0.434298
0.344627
0.251322
0.161913
0.079964
0.007950
0.000000
-0.051894
-0.190087
-0.288048
-0.376406
-0.459279
-0.535430
-0.602751
-0.659243
-0.689234
-0.691209
-0.676737
-0.653278
-0.625571
-0.596566
-0.568040
-0.541011
-0.516010
-0.493260
-0.429786
-0.339512
-0.246233
-0.157098
-0.075578
-0.004119
0.000000
0.062572
0.196831
0.293883
0.381815
0.464226
0.539789
0.606394
0.662066
0.689852
0.690512
0.675303
0.651474
0.623628
0.594625
0.566183
0.539283
0.514430
0.491834
0.425270
0.334391
0.241151
0.152305
0.071231
0.000339
0.000000
-0.073324
-0.203663
-0.299815
-0.387327
-0.469279
-0.544251
-0.610134
-0.664976
-0.690491
-0.689798
-0.673828
-0.649618
-0.621630
-0.592628
-0.564272
-0.537504
-0.512804
-0.490366
-0.420240
-0.328671
-0.235478
-0.146962
-0.066396
0.000000
0.000000
0.082312
0.209653
0.305185
0.392431
0.474058
0.548572
0.613866
0.668006
0.691313
0.689295
0.672573
0.647978
0.619834
0.590818
0.562531
0.535877
0.511314
0.489019
0.415297
0.322994
0.229806
0.141583
0.061490
0.000000
0.000000
-0.090956
-0.215418
-0.310355
-0.397346
-0.478659
-0.552733
-0.617458
-0.670921
-0.692095
-0.688797
-0.671349
-0.646382
-0.618089
-0.589061
-0.560842
-0.534299
-0.509868
-0.487713
-0.410588
-0.317581
-0.224389
-0.136435
-0.056784
0.000000
0.000000
0.099286
0.220986
0.315356
0.402106
0.483122
0.556773
0.620954
0.673767
0.692877
0.688342
0.670190
0.644862
0.616422
0.587380
0.559224
0.532788
0.508483
0.486461
0.406083
0.312406
0.219212
0.131517
0.052291
0.000000
0.000000
-0.107248
-0.226309
-0.320137
-0.406655
-0.487387
-0.560635
-0.624295
-0.676485
-0.693623
-0.687903
-0.669079
-0.643405
-0.614826
-0.585770
-0.557675
-0.531340
-0.507157
-0.483749
-0.400953
-0.306863
-0.213808
-0.126492
-0.047803
0.000000
0.000000
0.115316
0.231656
0.324913
0.411183
0.491616
0.564449
0.627576
0.679137
0.694324
0.687435
0.667948
0.641935
0.613221
0.584155
0.556123
0.529891
0.505829
0.477629
0.393950
0.299964
0.207376
0.120743
0.042899
0.000000
0.000000
-0.124558
-0.237727
-0.330306
-0.416278
-0.496360
-0.568714
-0.631234
-0.680604
-0.694264
-0.686486
-0.666520
-0.640289
-0.611517
-0.582490
-0.554552
-0.528442
-0.504513
-0.471563
-0.387012
-0.293132
-0.201011
-0.115058
-0.038056
0.000000
0.000000
0.133907
0.243937
0.335871
0.421576
0.501334
0.573229
0.635157
0.682102
0.694281
0.685638
0.665203
0.638754
0.609921
0.580925
0.553073
0.527076
0.503271
0.465799
0.380438
0.286682
0.195025
0.109736
0.033546
0.000000
0.000000
-0.142775
-0.249855
-0.341191
-0.426652
-0.506110
-0.577577
-0.638947
-0.683569
-0.694329
-0.684855
-0.663968
-0.637308
-0.608413
-0.579446
-0.551673
-0.525782
-0.502095
-0.460270
-0.374132
-0.280497
-0.189289
-0.104640
-0.029234
0.000000
0.000000
0.151248
0.255505
0.346269
0.431495
0.510666
0.581722
0.642557
0.684961
0.694366
0.684099
0.662782
0.635920
0.606967
0.578028
0.550332
0.524543
0.500968
0.454972
0.368089
0.274569
0.183790
0.099753
0.025097
0.000000
-0.003324
-0.159269
-0.261293
-0.351536
-0.436464
-0.515259
-0.585811
-0.646022
-0.686171
-0.694208
-0.683149
-0.661410
-0.634360
-0.605364
-0.576468
-0.548863
-0.523191
-0.499742
-0.449601
-0.361973
-0.268565
-0.178213
-0.094788
-0.020882
0.000000
0.015556
0.167065
0.268086
0.357870
0.442293
0.520432
0.590177
0.649456
0.687013
0.693500
0.681566
0.659383
0.632161
0.603158
0.574352
0.546891
0.521386
0.498112
0.444496
0.356183
0.262815
0.172783
0.089857
0.016588
0.000000
-0.027779
-0.174848
-0.274861
-0.364180
-0.448094
-0.525574
-0.594510
-0.652855
-0.687835
-0.692783
-0.679980
-0.657357
-0.629965
-0.600956
-0.572241
-0.544922
-0.519585
-0.496485
-0.439573
-0.350608
-0.257273
-0.167544
-0.085092
-0.012430
0.000000
0.039423
0.182213
0.281238
0.370096
0.453509
0.530348
0.598505
0.655956
0.688520
0.692028
0.678416
0.655388
0.627843
0.598835
0.570211
0.543032
0.517857
0.494926
0.434836
0.345237
0.251929
0.162488
0.080487
0.008407
0.000000
-0.050622
-0.189283
-0.287353
-0.375762
-0.458690
-0.534912
-0.602317
-0.658907
-0.689161
-0.691292
-0.676908
-0.653493
-0.625803
-0.596798
-0.568262
-0.541218
-0.516199
-0.493430
-0.430301
-0.340096
-0.246814
-0.157647
-0.076079
-0.004557
0.000000
0.061352
0.196061
0.293217
0.381197
0.463661
0.539291
0.605978
0.661744
0.689782
0.690592
0.675466
0.651680
0.623850
0.594847
0.566395
0.539480
0.514610
0.491996
0.425827
0.335023
0.241776
0.152891
0.071759
0.000795
0.000000
-0.071983
-0.202802
-0.299064
-0.386626
-0.468634
-0.543679
-0.609653
-0.664599
-0.690408
-0.689889
-0.674018
-0.649858
-0.621887
-0.592886
-0.564519
-0.537733
-0.513014
-0.490556
-0.420890
-0.329413
-0.236218
-0.147664
-0.067034
0.000000
0.000000
0.081177
0.208895
0.304504
0.391783
0.473451
0.548023
0.613391
0.667620
0.691207
0.689358
0.672731
0.648185
0.620061
0.591047
0.562752
0.536083
0.511503
0.489190
0.415921
0.323711
0.230522
0.142263
0.062110
0.000000
0.000000
-0.089862
-0.214688
-0.309700
-0.396723
-0.478076
-0.552205
-0.617002
-0.670551
-0.691995
-0.688859
-0.671504
-0.646584
-0.618310
-0.589283
-0.561056
-0.534499
-0.510051
-0.487878
-0.411183
-0.318265
-0.225073
-0.137086
-0.057378
0.000000
0.000000
0.098233
0.220283
0.314724
0.401504
0.482558
0.556263
0.620512
0.673407
0.692778
0.688399
0.670337
0.645054
0.616633
0.587592
0.559429
0.532979
0.508658
0.486619
0.406653
0.313061
0.219866
0.132139
0.052859
0.000000
0.000000
-0.106241
-0.225636
-0.319532
-0.406080
-0.486848
-0.560147
-0.623872
-0.676142
-0.693528
-0.687958
-0.669219
-0.643589
-0.615028
-0.585973
-0.557871
-0.531523
-0.507324
-0.484512
-0.401827
-0.307725
-0.214613
-0.127213
-0.048419
0.000000
0.000000
0.114174
0.230911
0.324254
0.410563
0.491041
0.563934
0.627138
0.678788
0.694238
0.687507
0.668109
0.642141
0.613445
0.584379
0.556338
0.530091
0.506013
0.478498
0.394942
0.300938
0.208281
0.121548
0.043583
0.000000
0.000000
-0.123225
-0.236842
-0.329513
-0.415524
-0.495653
-0.568073
-0.630679
-0.680398
-0.694271
-0.686617
-0.666718
-0.640517
-0.611754
-0.582721
-0.554770
-0.528643
-0.504696
-0.472411
-0.387982
-0.294086
-0.201899
-0.115850
-0.038730
0.000000
0.000000
0.132601
0.243069
0.335092
0.420833
0.500637
0.572596
0.634606
0.681890
0.694277
0.685755
0.665386
0.638968
0.610143
0.581144
0.553279
0.527266
0.503445
0.466606
0.381358
0.287584
0.195862
0.110480
0.034177
0.000000
0.000000
-0.141535
-0.249027
-0.340447
-0.425941
-0.505442
-0.576969
-0.638416
-0.683363
-0.694322
-0.684964
-0.664141
-0.637510
-0.608624
-0.579653
-0.551869
-0.525963
-0.502260
-0.461044
-0.375015
-0.281363
-0.190092
-0.105353
-0.029838
0.000000
0.000000
0.150062
0.254714
0.345558
0.430817
0.510028
0.581142
0.642052
0.684766
0.694361
0.684205
0.662948
0.636114
0.607170
0.578227
0.550519
0.524716
0.501126
0.455714
0.368934
0.275398
0.184559
0.100437
0.025676
0.000000
-0.001630
-0.158185
-0.260347
-0.350653
-0.435649
-0.514534
-0.585197
-0.645537
-0.686048
-0.694302
-0.683366
-0.661689
-0.634664
-0.605669
-0.576761
-0.549137
-0.523441
-0.499968
-0.450463
-0.362950
-0.269527
-0.179108
-0.095589
-0.021566
0.000000
0.013608
0.165832
0.267018
0.356879
0.441385
0.519630
0.589505
0.648933
0.686894
0.693623
0.681825
0.659710
0.632514
0.603511
0.574690
0.547205
0.521673
0.498371
0.445286
0.357079
0.263706
0.173627
0.090625
0.017259
0.000000
-0.025883
-0.173643
-0.273813
-0.363205
-0.447199
-0.524782
-0.593844
-0.652333
-0.687711
-0.692896
-0.680228
-0.657673
-0.630306
-0.601298
-0.572569
-0.545228
-0.519864
-0.496738
-0.440337
-0.351473
-0.258133
-0.168358
-0.085832
-0.013076
0.000000
0.037619
0.181072
0.280251
0.369181
0.452672
0.529611
0.597889
0.655478
0.688416
0.692146
0.678659
0.655694
0.628172
0.599164
0.570526
0.543325
0.518125
0.495168
0.435570
0.346069
0.252757
0.163271
0.081200
0.009031
0.000000
-0.048886
-0.188188
-0.286406
-0.374884
-0.457887
-0.534204
-0.601727
-0.658450
-0.689062
-0.691406
-0.677141
-0.653786
-0.626119
-0.597113
-0.568564
-0.541499
-0.516456
-0.493662
-0.431004
-0.340892
-0.247606
-0.158397
-0.076762
-0.005153
0.000000
0.059690
0.195011
0.292308
0.380355
0.462891
0.538613
0.605411
0.661304
0.689686
0.690700
0.675690
0.651961
0.624153
0.595149
0.566684
0.539749
0.514856
0.492218
0.426587
0.335885
0.242628
0.153690
0.072479
0.001416
0.000000
-0.070154
-0.201629
-0.298039
-0.385670
-0.467754
-0.542899
-0.608996
-0.664085
-0.690294
-0.690014
-0.674277
-0.650184
-0.622239
-0.593237
-0.564855
-0.538046
-0.513300
-0.490814
-0.421776
-0.330426
-0.237228
-0.148620
-0.067905
0.000000
0.000000
0.079630
0.207861
0.303576
0.390900
0.472623
0.547273
0.612743
0.667093
0.691063
0.689443
0.672947
0.648468
0.620371
0.591359
0.563052
0.536364
0.511760
0.489423
0.416772
0.324688
0.231499
0.143190
0.062956
0.000000
0.000000
-0.088370
-0.213693
-0.308807
-0.395874
-0.477281
-0.551486
-0.616381
-0.670047
-0.691859
-0.688945
-0.671714
-0.646859
-0.618610
-0.589586
-0.561347
-0.534771
-0.510300
-0.488103
-0.411995
-0.319198
-0.226007
-0.137973
-0.058189
0.000000
0.000000
0.096798
0.219323
0.313863
0.400684
0.481789
0.555567
0.619910
0.672917
0.692644
0.688478
0.670537
0.645316
0.616921
0.587882
0.559708
0.533239
0.508897
0.486835
0.407429
0.313953
0.220759
0.132987
0.053633
0.000000
0.000000
-0.104869
-0.224718
-0.318709
-0.405296
-0.486113
-0.559481
-0.623297
-0.675673
-0.693400
-0.688034
-0.669411
-0.643840
-0.615303
-0.586251
-0.558138
-0.531773
-0.507553
-0.485552
-0.403018
-0.308900
-0.215711
-0.128196
-0.049260
0.000000
0.000000
0.112617
0.229895
0.323356
0.409718
0.490257
0.563233
0.626540
0.678311
0.694121
0.687605
0.668328
0.642422
0.613749
0.584685
0.556631
0.530365
0.506263
0.479682
0.396295
0.302267
0.209515
0.122647
0.044515
0.000000
0.000000
-0.121409
-0.235635
-0.328432
-0.414495
-0.494689
-0.567199
-0.629922
-0.680118
-0.694280
-0.686796
-0.666988
-0.640829
-0.612076
-0.583036
-0.555067
-0.528917
-0.504945
-0.473568
-0.389304
-0.295387
-0.203110
-0.116930
-0.039649
0.000000
0.000000
0.130820
0.241884
0.334030
0.419822
0.499686
0.571732
0.633855
0.681602
0.694272
0.685915
0.665636
0.639259
0.610446
0.581441
0.553560
0.527526
0.503681
0.467706
0.382613
0.288815
0.197003
0.111494
0.035036
0.000000
0.000000
-0.139844
-0.247899
-0.339433
-0.424973
-0.504531
-0.576139
-0.637694
-0.683084
-0.694313
-0.685114
-0.664377
-0.637786
-0.608911
-0.579935
-0.552136
-0.526210
-0.502484
-0.462099
-0.376218
-0.282543
-0.191186
-0.106326
-0.030661
0.000000
0.000000
0.148445
0.253636
0.344589
0.429892
0.509159
0.580350
0.641363
0.684500
0.694354
0.684349
0.663174
0.636379
0.607445
0.578497
0.550775
0.524953
0.501341
0.456725
0.370087
0.276529
0.185608
0.101370
0.026465
0.000000
0.000000
-0.156687
-0.259133
-0.349529
-0.434604
-0.513591
-0.584383
-0.644876
-0.685855
-0.694391
-0.683615
-0.662021
-0.635031
-0.606040
-0.577119
-0.549472
-0.523748
-0.500246
-0.451577
-0.364216
-0.270770
-0.180266
-0.096622
-0.022446
0.000000
0.011082
0.164230
0.265627
0.355585
0.440197
0.518580
0.588623
0.648243
0.686733
0.693777
0.682157
0.660131
0.632970
0.603967
0.575127
0.547613
0.522046
0.498708
0.446305
0.358235
0.264856
0.174715
0.091617
0.018125
0.000000
-0.023427
-0.172079
-0.272453
-0.361939
-0.446035
-0.523750
-0.592975
-0.651653
-0.687548
-0.693041
-0.680547
-0.658080
-0.630748
-0.601741
-0.572993
-0.545623
-0.520226
-0.497064
-0.441325
-0.352593
-0.259246
-0.169410
-0.086789
-0.013911
0.000000
0.035285
0.179598
0.278975
0.367998
0.451590
0.528657
0.597092
0.654860
0.688281
0.692299
0.678974
0.656089
0.628598
0.599590
0.570933
0.543704
0.518471
0.495481
0.436520
0.347146
0.253829
0.164286
0.082124
0.009838
0.000000
-0.046640
-0.186769
-0.285179
-0.373748
-0.456848
-0.533289
-0.600962
-0.657858
-0.688933
-0.691553
-0.677444
-0.654166
-0.626528
-0.597522
-0.568955
-0.541863
-0.516788
-0.493962
-0.431913
-0.341923
-0.248632
-0.159368
-0.077645
-0.005925
0.000000
0.057539
0.193652
0.291133
0.379266
0.461894
0.537734
0.604677
0.660735
0.689561
0.690841
0.675979
0.652324
0.624544
0.595540
0.567059
0.540098
0.515175
0.492506
0.427502
0.336922
0.243656
0.154660
0.073359
0.002180
0.000000
-0.067975
-0.200244
-0.296835
-0.384551
-0.466729
-0.541994
-0.608237
-0.663494
-0.690164
-0.690159
-0.674576
-0.650560
-0.622645
-0.593642
-0.565243
-0.538407
-0.513630
-0.491112
-0.422797
-0.331588
-0.238381
-0.149706
-0.068888
0.000000
0.000000
0.077861
0.206677
0.302512
0.389886
0.471672
0.546411
0.611996
0.666484
0.690895
0.689539
0.673194
0.648792
0.620726
0.591718
0.563397
0.536686
0.512055
0.489689
0.417759
0.325822
0.232632
0.144265
0.063936
0.000000
0.000000
-0.086644
-0.212541
-0.307775
-0.394893
-0.476362
-0.550655
-0.615664
-0.669465
-0.691703
-0.689044
-0.671959
-0.647178
-0.618959
-0.589937
-0.561684
-0.535086
-0.510589
-0.488364
-0.412934
-0.320278
-0.227088
-0.139000
-0.059129
0.000000
0.000000
0.095135
0.218211
0.312864
0.399733
0.480898
0.554759
0.619211
0.672348
0.692487
0.688568
0.670768
0.645620
0.617253
0.588218
0.560030
0.533541
0.509174
0.487085
0.408328
0.314985
0.221792
0.133968
0.054530
0.000000
0.000000
-0.103280
-0.223656
-0.317755
-0.404388
-0.485262
-0.558711
-0.622630
-0.675131
-0.693251
-0.688122
-0.669633
-0.644131
-0.615622
-0.586572
-0.558447
-0.532062
-0.507818
-0.485859
-0.403917
-0.309917
-0.216721
-0.129152
-0.050129
0.000000
0.000000
0.111075
0.228866
0.322433
0.408841
0.489435
0.562490
0.625898
0.677790
0.693980
0.687691
0.668544
0.642704
0.614058
0.584996
0.556930
0.530644
0.506519
0.480850
0.397633
0.303587
0.210748
0.123750
0.045458
0.000000
0.000000
-0.119655
-0.234489
-0.327417
-0.413540
-0.493802
-0.566404
-0.629243
-0.679887
-0.694322
-0.686994
-0.667269
-0.641146
-0.612402
-0.583353
-0.555365
-0.529191
-0.505193
-0.474700
-0.390600
-0.296664
-0.204301
-0.117996
-0.040558
0.000000
0.000000
0.129072
0.240724
0.332991
0.418833
0.498758
0.570889
0.633122
0.681322
0.694267
0.686072
0.665880
0.639543
0.610743
0.581731
0.553835
0.527780
0.503911
0.468774
0.383830
0.290009
0.198111
0.112479
0.035869
0.000000
0.000000
-0.138200
-0.246801
-0.338445
-0.424031
-0.503644
-0.575331
-0.636989
-0.682810
-0.694303
-0.685258
-0.664605
-0.638054
-0.609191
-0.580209
-0.552395
-0.526450
-0.502702
-0.463126
-0.377389
-0.283691
-0.192251
-0.107272
-0.031461
0.000000
0.000000
0.146872
0.252588
0.343647
0.428994
0.508314
0.579582
0.640693
0.684242
0.694347
0.684490
0.663395
0.636637
0.607714
0.578760
0.551025
0.525183
0.501550
0.457708
0.371210
0.277630
0.186630
0.102277
0.027233
0.000000
0.000000
-0.155178
-0.258126
-0.348624
-0.433741
-0.512779
-0.583645
-0.644232
-0.685607
-0.694384
-0.683749
-0.662232
-0.635277
-0.606297
-0.577371
-0.549710
-0.523969
-0.500446
-0.452519
