0.000000
-0.144000
0.000000
-0.358460
-0.152449
-0.398479
-0.136813
-0.451338
-0.118084
-0.506662
-0.211814
-0.547241
-0.372888
-0.636909
-0.657763
-0.772569
-0.786601
-0.808115
-0.800066
-0.775096
-0.741310
-0.703816
-0.665756
-0.628991
-0.594550
-0.562935
-0.534320
-0.508678
-0.485866
-0.465681
-0.447890
-0.406742
-0.339175
-0.248875
-0.123550
0.000000
0.000000
0.008372
0.225730
0.359225
0.472375
0.575590
0.668462
0.748675
0.787472
0.790398
0.772249
0.742568
0.707418
0.670573
0.634312
0.599938
0.568133
0.539185
0.510476
0.426018
0.330674
0.236120
0.146957
0.066092
0.000000
0.000000
0.000000
-0.122764
-0.226213
-0.314140
-0.397004
-0.474843
-0.545715
-0.607510
-0.658386
-0.681130
-0.679218
-0.662988
-0.639089
-0.611730
-0.583519
-0.556014
-0.530094
-0.506206
-0.467065
-0.373052
-0.270019
-0.169982
-0.077681
0.000000
0.000000
0.000000
0.148568
0.254575
0.346340
0.432508
0.512672
0.584758
0.646626
0.691126
0.701492
0.691482
0.670000
0.642735
0.613255
0.583740
0.555463
0.529117
0.505022
0.483269
0.409305
0.316684
0.223297
0.135036
0.055073
0.000000
0.000000
-0.096389
-0.224210
-0.321466
-0.410259
-0.492930
-0.567906
-0.633066
-0.685979
-0.701479
-0.694468
-0.674609
-0.648095
-0.618826
-0.589196
-0.560619
-0.533878
-0.509348
-0.487158
-0.411404
-0.318153
-0.224394
-0.135836
-0.055617
0.000000
0.000000
0.083597
0.211822
0.307896
0.395517
0.477384
0.552008
0.617284
0.671284
0.692743
0.689584
0.672184
0.647209
0.618876
0.589791
0.561508
0.534899
0.510404
0.488188
0.416784
0.324362
0.230544
0.141600
0.060799
0.000000
0.000000
-0.081234
-0.210024
-0.306187
-0.393858
-0.475824
-0.550609
-0.616105
-0.670374
-0.692873
-0.690316
-0.673237
-0.648404
-0.620103
-0.590984
-0.562630
-0.535933
-0.511341
-0.489030
-0.418991
-0.327113
-0.233582
-0.144782
-0.064006
0.000000
0.000000
0.079093
0.208350
0.304525
0.392158
0.474120
0.548950
0.614542
0.668953
0.692195
0.690101
0.673301
0.648629
0.620412
0.591329
0.562981
0.536272
0.511660
0.489322
0.418739
0.326851
0.233424
0.144751
0.064104
0.000000
0.000000
-0.081357
-0.209537
-0.305394
-0.392846
-0.474640
-0.549294
-0.614700
-0.668923
-0.691924
-0.689701
-0.672842
-0.648155
-0.619950
-0.590894
-0.562580
-0.535908
-0.511333
-0.489031
-0.417105
-0.324997
-0.231629
-0.143113
-0.062676
0.000000
0.000000
0.085337
0.212028
0.307530
0.394810
0.476420
0.550844
0.615975
0.669885
0.692079
0.689378
0.672254
0.647437
0.619187
0.590137
0.561859
0.535239
0.510722
0.488481
0.414618
0.322166
0.228854
0.140540
0.060392
0.000000
0.000000
-0.090486
-0.215367
-0.310468
-0.397563
-0.478961
-0.553105
-0.617888
-0.671393
-0.692414
-0.689013
-0.671496
-0.646482
-0.618158
-0.589108
-0.560874
-0.534322
-0.509884
-0.487724
-0.411495
-0.318590
-0.225312
-0.137216
-0.057397
0.000000
0.000000
0.096524
0.219319
0.313966
0.400857
0.482017
0.555840
0.620219
0.673250
0.692861
0.688618
0.670625
0.645371
0.616954
0.587901
0.559717
0.533243
0.508898
0.486833
0.408027
0.314616
0.221362
0.133493
0.054025
0.000000
0.000000
-0.102998
-0.223589
-0.317768
-0.404452
-0.485366
-0.558852
-0.622801
-0.675326
-0.693391
-0.688223
-0.669708
-0.644187
-0.615664
-0.586605
-0.558473
-0.532082
-0.507835
-0.485873
-0.404389
-0.310444
-0.217207
-0.129566
-0.050459
0.000000
0.000000
0.109678
0.228017
0.321722
0.408200
0.488866
0.562006
0.625515
0.677517
0.693965
0.687829
0.668764
0.642963
0.614329
0.585262
0.557182
0.530877
0.506731
0.482311
0.399294
0.305189
0.212202
0.125009
0.046487
0.000000
0.000000
-0.117049
-0.232854
-0.326013
-0.412248
-0.492629
-0.565381
-0.628400
-0.679645
-0.694441
-0.687319
-0.667701
-0.641622
-0.612882
-0.583816
-0.555798
-0.529588
-0.505552
-0.476668
-0.392843
-0.298849
-0.206310
-0.119762
-0.042032
0.000000
0.000000
0.125761
0.238594
0.331124
0.417085
0.497143
0.569449
0.631901
0.680897
0.694326
0.686411
0.666368
0.640098
0.611312
0.582285
0.554356
0.528260
0.504347
0.471015
0.386381
0.292494
0.200399
0.114492
0.037553
0.000000
0.000000
-0.134551
-0.244416
-0.336332
-0.422036
-0.501786
-0.573660
-0.635553
-0.682286
-0.694334
-0.685612
-0.665132
-0.638659
-0.609817
-0.580820
-0.552971
-0.526981
-0.503185
-0.465549
-0.380149
-0.286386
-0.194738
-0.109467
-0.033304
0.000000
0.000000
0.143030
0.250061
0.341398
0.426864
0.506324
0.577785
0.639143
0.683667
0.694366
0.684854
0.663946
0.637274
0.608373
0.579405
0.551633
0.525744
0.502060
0.460214
0.374065
0.280424
0.189212
0.104562
0.029157
0.000000
0.000000
-0.151242
-0.255525
-0.346302
-0.431537
-0.510715
-0.581776
-0.642614
-0.684998
-0.694390
-0.684114
-0.662791
-0.635926
-0.606971
-0.578030
-0.550333
-0.524543
-0.500968
-0.455047
-0.368172
-0.274645
-0.183854
-0.099804
-0.025132
0.000000
0.003028
0.159100
0.261158
0.351420
0.436365
0.515179
0.585753
0.645987
0.686180
0.694242
0.683196
0.661462
0.634413
0.605416
0.576516
0.548908
0.523231
0.499778
0.449798
0.362195
0.268779
0.178407
0.094956
0.021019
0.000000
-0.014999
-0.166727
-0.267803
-0.357614
-0.442065
-0.520237
-0.590021
-0.649343
-0.687001
-0.693547
-0.681646
-0.659479
-0.632262
-0.603258
-0.574447
-0.546978
-0.521465
-0.498183
-0.444744
-0.356464
-0.263091
-0.173041
-0.090089
-0.016786
0.000000
0.027099
0.174425
0.274499
0.363848
0.447793
0.525312
0.594295
0.652692
0.687805
0.692832
0.680073
0.657472
0.630088
0.601078
0.572357
0.545030
0.519684
0.496575
0.439864
0.350937
0.257598
0.167850
0.085367
0.012668
0.000000
-0.038674
-0.181746
-0.280839
-0.369728
-0.453175
-0.530057
-0.598265
-0.655773
-0.688486
-0.692082
-0.678520
-0.655516
-0.627980
-0.598971
-0.570341
-0.543153
-0.517967
-0.495026
-0.435151
-0.345594
-0.252283
-0.162821
-0.080789
-0.008670
0.000000
0.049833
0.188790
0.286929
0.375372
0.458335
0.534601
0.602060
0.658710
0.689123
0.691347
0.677016
0.653627
0.625946
0.596941
0.568398
0.541345
0.516315
0.493534
0.430628
0.340466
0.247181
0.157994
0.076394
0.004830
0.000000
-0.060550
-0.195557
-0.292783
-0.380797
-0.463296
-0.538971
-0.605712
-0.661539
-0.689740
-0.690647
-0.675575
-0.651816
-0.623996
-0.594992
-0.566534
-0.539609
-0.514729
-0.492103
-0.426202
-0.335448
-0.242195
-0.153283
-0.072112
-0.001098
0.000000
0.071060
0.202213
0.298551
0.386148
0.468196
0.543292
0.609328
0.664346
0.690354
0.689954
0.674149
0.650022
0.622064
0.593062
0.564688
0.537890
0.513157
0.490685
0.421343
0.329931
0.236733
0.148150
0.067476
0.000000
0.000000
-0.080375
-0.208361
-0.304026
-0.391329
-0.473026
-0.547638
-0.613059
-0.667351
-0.691135
-0.689403
-0.672844
-0.648332
-0.620221
-0.591209
-0.562907
-0.536228
-0.511635
-0.489310
-0.416367
-0.324222
-0.231033
-0.142747
-0.062551
0.000000
0.000000
0.089072
0.214162
0.309229
0.396276
0.477658
0.551827
0.616676
0.670287
0.691924
0.688905
0.671616
0.646729
0.618469
0.589443
0.561209
0.534643
0.510183
0.487997
0.411616
0.318763
0.225571
0.137558
0.057809
0.000000
0.000000
-0.097462
-0.219768
-0.314263
-0.401065
-0.482147
-0.555891
-0.620191
-0.673146
-0.692707
-0.688442
-0.670444
-0.645195
-0.616788
-0.587748
-0.559578
-0.533119
-0.508786
-0.486735
-0.407072
-0.313542
-0.220348
-0.132597
-0.053276
0.000000
0.000000
0.105496
0.225138
0.319086
0.405656
0.486450
0.559787
0.623561
0.675889
0.693459
0.688000
0.669324
0.643725
0.615177
0.586124
0.558016
0.531659
0.507448
0.485079
0.402477
0.308366
0.215211
0.127749
0.048877
0.000000
0.000000
-0.113322
-0.230355
-0.323763
-0.410101
-0.490613
-0.563551
-0.626812
-0.678528
-0.694175
-0.687561
-0.668229
-0.642295
-0.613612
-0.584546
-0.556498
-0.530241
-0.506150
-0.479148
-0.395685
-0.301668
-0.208959
-0.122151
-0.044094
0.000000
0.000000
0.122225
0.236178
0.328919
0.414959
0.495123
0.567593
0.630263
0.680245
0.694277
0.686716
0.666867
0.640689
0.611931
0.582895
0.554934
0.528794
0.504833
0.473049
0.388712
0.294804
0.202567
0.116446
0.039237
0.000000
0.000000
-0.131616
-0.242415
-0.334506
-0.420275
-0.500112
-0.572119
-0.634192
-0.681732
-0.694275
-0.685844
-0.665524
-0.639129
-0.610311
-0.581308
-0.553434
-0.527410
-0.503575
-0.467215
-0.382053
-0.288265
-0.196494
-0.111041
-0.034652
0.000000
0.000000
0.140598
0.248402
0.339885
0.425405
0.504938
0.576510
0.638016
0.683209
0.694317
0.685047
0.664272
0.637663
0.608783
0.579809
0.552017
0.526100
0.502384
0.461629
0.375682
0.282017
0.190699
0.105893
0.030294
0.000000
0.000000
-0.149164
-0.254116
-0.345020
-0.430304
-0.509546
-0.580703
-0.641670
-0.684618
-0.694357
-0.684285
-0.663073
-0.636261
-0.607323
-0.578377
-0.550662
-0.524848
-0.501246
-0.456276
-0.369575
-0.276027
-0.185142
-0.100955
-0.026114
0.000000
0.000345
0.157364
0.259630
0.349983
0.435031
0.513985
0.584732
0.645170
0.685956
0.694374
0.683530
0.661900
0.634894
0.605900
0.576983
0.549344
0.523630
0.500139
0.451117
0.363692
0.270256
0.179788
0.096196
0.022084
0.000000
-0.012129
-0.164896
-0.266207
-0.356126
-0.440695
-0.519022
-0.588995
-0.648536
-0.686804
-0.693716
-0.682021
-0.659958
-0.632782
-0.603779
-0.574946
-0.547444
-0.521891
-0.498568
-0.445886
-0.357760
-0.264383
-0.174267
-0.091208
-0.017768
0.000000
0.024443
0.172727
0.273017
0.362465
0.446519
0.524180
0.593337
0.651937
0.687617
0.692983
0.680416
0.657912
0.630566
0.601558
0.572818
0.545460
0.520076
0.496929
0.440917
0.352130
0.258786
0.168976
0.086394
0.013567
0.000000
-0.036247
-0.180206
-0.279501
-0.368486
-0.452036
-0.529050
-0.597420
-0.655115
-0.688336
-0.692235
-0.678844
-0.655926
-0.628422
-0.599414
-0.570765
-0.543548
-0.518328
-0.495352
-0.436128
-0.346701
-0.253386
-0.163867
-0.081743
-0.009505
0.000000
0.047567
0.187355
0.285685
0.374217
0.457277
0.533667
0.601278
0.658102
0.688986
0.691492
0.677319
0.654010
0.626359
0.597353
0.568793
0.541713
0.516651
0.493838
0.431538
0.341498
0.248209
0.158967
0.077281
0.005606
0.000000
-0.058426
-0.194213
-0.291618
-0.379715
-0.462305
-0.538097
-0.604980
-0.660970
-0.689612
-0.690783
-0.675859
-0.652174
-0.624383
-0.595379
-0.566904
-0.539954
-0.515044
-0.492387
-0.427142
-0.336515
-0.243251
-0.154276
-0.073010
-0.001875
0.000000
0.068825
0.200781
0.297300
0.384982
0.467122
0.542340
0.608527
0.663718
0.690213
0.690104
0.674462
0.650417
0.622490
0.593488
0.565095
0.538270
0.513504
0.490998
0.422409
0.331148
0.237945
0.149297
0.068520
0.000000
0.000000
-0.078530
-0.207125
-0.302915
-0.390271
-0.472033
-0.546739
-0.612280
-0.666716
-0.690959
-0.689503
-0.673100
-0.648669
-0.620591
-0.591582
-0.563266
-0.536564
-0.511943
-0.489588
-0.417382
-0.325388
-0.232199
-0.143854
-0.063562
0.000000
0.000000
0.087302
0.212980
0.308169
0.395267
0.476712
0.550972
0.615937
0.669686
0.691762
0.689006
0.671865
0.647056
0.618826
0.589803
0.561555
0.534966
0.510479
0.488265
0.412576
0.319866
0.226675
0.138608
0.058770
0.000000
0.000000
-0.095770
-0.218636
-0.313245
-0.400096
-0.481238
-0.555068
-0.619478
-0.672566
-0.692547
-0.688534
-0.670680
-0.645504
-0.617126
-0.588090
-0.559907
-0.533426
-0.509068
-0.486989
-0.407985
-0.314591
-0.221398
-0.133594
-0.054188
0.000000
0.000000
0.103886
0.224062
0.318119
0.404735
0.485586
0.559005
0.622884
0.675338
0.693308
0.688088
0.669548
0.644020
0.615500
0.586450
0.558329
0.531951
0.507717
0.485768
0.403588
0.309539
0.216343
0.128792
0.049800
0.000000
0.000000
-0.111656
-0.229254
-0.322782
-0.409173
-0.489746
-0.562771
-0.626142
-0.677988
-0.694034
-0.687659
-0.668463
-0.642598
-0.613942
-0.584878
-0.556817
-0.530539
-0.506422
-0.480410
-0.397129
-0.303089
-0.210283
-0.123334
-0.045102
0.000000
0.000000
0.120314
0.234919
0.327798
0.413898
0.494134
0.566701
0.629496
0.679973
0.694305
0.686918
0.667163
0.641026
0.612279
0.583233
0.555253
0.529088
0.505100
0.474274
0.390112
0.296183
0.203852
0.117595
0.040216
0.000000
0.000000
-0.129730
-0.241161
-0.333382
-0.419205
-0.499107
-0.571206
-0.633398
-0.681427
-0.694269
-0.686013
-0.665788
-0.639436
-0.610631
-0.581622
-0.553731
-0.527684
-0.503825
-0.468372
-0.383372
-0.289560
-0.197695
-0.112109
-0.035556
0.000000
0.000000
0.138818
0.247214
0.338817
0.424385
0.503978
0.575635
0.637254
0.682913
0.694307
0.685204
0.664519
0.637953
0.609086
0.580106
0.552298
0.526359
0.502620
0.462740
0.376949
0.283260
0.191851
0.106916
0.031160
0.000000
0.000000
-0.147464
-0.252982
-0.344001
-0.429332
-0.508632
-0.579871
-0.640945
-0.684339
-0.694350
-0.684437
-0.663312
-0.636540
-0.607613
-0.578661
-0.550931
-0.525097
-0.501472
-0.457338
-0.370788
-0.277216
-0.186246
-0.101936
-0.026944
0.000000
0.000000
0.155745
0.258505
0.348964
0.434066
0.513085
0.583922
0.644474
0.685700
0.694387
0.683699
0.662153
0.635185
0.606201
0.577276
0.549620
0.523886
0.500371
0.452165
0.364886
0.271428
0.180876
0.097164
0.022904
0.000000
-0.009739
-0.163371
-0.264877
-0.354884
-0.439551
-0.518005
-0.588136
-0.647859
-0.686636
-0.693852
-0.682328
-0.660353
-0.633210
-0.604209
-0.575359
-0.547829
-0.522244
-0.498887
-0.446839
-0.358841
-0.265460
-0.175287
-0.092138
-0.018581
0.000000
0.022124
0.171247
0.271726
0.361261
0.445411
0.523196
0.592506
0.651283
0.687455
0.693115
0.680714
0.658295
0.630981
0.601975
0.573218
0.545833
0.520418
0.497238
0.441849
0.353186
0.259835
0.169967
0.087295
0.014352
0.000000
-0.034052
-0.178819
-0.278301
-0.367373
-0.451018
-0.528154
-0.596671
-0.654535
-0.688211
-0.692381
-0.679141
-0.656299
-0.628824
-0.599815
-0.571149
-0.543905
-0.518655
-0.495646
-0.437024
-0.347717
-0.254397
-0.164824
-0.082614
-0.010266
0.000000
0.045449
0.186018
0.284529
0.373146
0.456297
0.532805
0.600557
0.657545
0.688865
0.691632
0.677604
0.654368
0.626745
0.597738
0.569162
0.542056
0.516965
0.494121
0.432395
0.342469
0.249175
0.159881
0.078113
0.006334
0.000000
-0.056399
-0.192932
-0.290510
-0.378688
-0.461366
-0.537269
-0.604288
-0.660434
-0.689495
-0.690915
-0.676132
-0.652517
-0.624751
-0.595747
-0.567257
-0.540282
-0.515344
-0.492658
-0.427963
-0.337445
-0.244176
-0.155152
-0.073807
-0.002572
0.000000
0.066884
0.199555
0.296239
0.383999
0.466223
0.541549
0.607865
0.663206
0.690101
0.690230
0.674723
0.650745
0.622843
0.593841
0.565433
0.538584
0.513791
0.491257
0.423297
0.332154
0.238940
0.150231
0.069361
0.000000
0.000000
-0.077003
-0.206101
-0.301993
-0.389392
-0.471208
-0.545990
-0.611631
-0.666186
-0.690812
-0.689585
-0.673313
-0.648949
-0.620898
-0.591892
-0.563565
-0.536843
-0.512199
-0.489819
-0.418243
-0.326379
-0.233189
-0.144793
-0.064418
0.000000
0.000000
0.085798
0.211977
0.307270
0.394412
0.475913
0.550249
0.615314
0.669181
0.691628
0.689094
0.672080
0.647334
0.619130
0.590110
0.561850
0.535241
0.510731
0.488493
0.413395
0.320808
0.227618
0.139504
0.059589
0.000000
0.000000
-0.094318
-0.217665
-0.312373
-0.399266
-0.480460
-0.554363
-0.618868
-0.672069
-0.692410
-0.688613
-0.670881
-0.645768
-0.617416
-0.588382
-0.560189
-0.533689
-0.509309
-0.487207
-0.408769
-0.315492
-0.222298
-0.134449
-0.054969
0.000000
0.000000
0.102501
0.223136
0.317287
0.403943
0.484844
0.558333
0.622303
0.674865
0.693178
0.688165
0.669742
0.644274
0.615778
0.586730
0.558599
0.532203
0.507948
0.485977
0.404339
0.310403
0.217207
0.129613
0.050551
0.000000
0.000000
-0.110328
-0.228367
-0.321985
-0.408414
-0.489036
-0.562128
-0.625585
-0.677535
-0.693910
-0.687732
-0.668648
-0.642841
-0.614208
-0.585147
-0.557076
-0.530780
-0.506644
-0.481416
-0.398281
-0.304226
-0.211345
-0.124285
-0.045915
0.000000
0.000000
0.118809
0.233936
0.326929
0.413080
0.493375
0.566023
0.628918
0.679778
0.694343
0.687091
0.667406
0.641301
0.612560
0.583506
0.555509
0.529323
0.505313
0.475248
0.391226
0.297282
0.204877
0.118511
0.040999
0.000000
0.000000
-0.128226
-0.240163
-0.332488
-0.418354
-0.498308
-0.570481
-0.632768
-0.681186
-0.694264
-0.686147
-0.665998
-0.639681
-0.610886
-0.581872
-0.553967
-0.527902
-0.504023
-0.469290
-0.384419
-0.290586
-0.198647
-0.112954
-0.036272
0.000000
0.000000
0.137406
0.246270
0.337968
0.423575
0.503215
0.574941
0.636648
0.682678
0.694299
0.685328
0.664715
0.638183
0.609326
0.580342
0.552521
0.526565
0.502808
0.463622
0.377956
0.284247
0.192766
0.107729
0.031848
0.000000
0.000000
-0.146112
-0.252081
-0.343192
-0.428560
-0.507906
-0.579210
-0.640370
-0.684118
-0.694344
-0.684558
-0.663501
-0.636762
-0.607844
-0.578888
-0.551145
-0.525294
-0.501652
-0.458184
-0.371752
-0.278162
-0.187123
-0.102716
-0.027605
0.000000
0.000000
0.154448
0.257639
0.348187
0.433324
0.512387
0.583288
0.643921
0.685487
0.694381
0.683814
0.662334
0.635397
0.606422
0.577493
0.549826
0.524075
0.500543
0.452974
0.365810
0.272333
0.181716
0.097911
0.023536
0.000000
-0.007890
-0.162188
-0.263843
-0.353919
-0.438661
-0.517213
-0.587465
-0.647329
-0.686502
-0.693955
-0.682565
-0.660657
-0.633542
-0.604542
-0.575679
-0.548127
-0.522517
-0.499133
-0.447575
-0.359675
-0.266290
-0.176074
-0.092856
-0.019210
0.000000
0.020328
0.170100
0.270726
0.360327
0.444551
0.522432
0.591861
0.650775
0.687328
0.693216
0.680944
0.658590
0.631303
0.602298
0.573527
0.546122
0.520682
0.497476
0.442570
0.354002
0.260646
0.170733
0.087992
0.014960
0.000000
-0.032353
-0.177746
-0.277373
-0.366513
-0.450232
-0.527461
-0.596092
-0.654086
-0.688114
-0.692493
-0.679371
-0.656588
-0.629134
-0.600125
-0.571445
-0.544181
-0.518907
-0.495874
-0.437717
-0.348504
-0.255180
-0.165565
-0.083289
-0.010856
0.000000
0.043809
0.184983
0.283634
0.372317
0.455540
0.532137
0.600000
0.657113
0.688772
0.691740
0.677825
0.654645
0.627043
0.598037
0.569447
0.542321
0.517207
0.494340
0.433058
0.343221
0.249923
0.160589
0.078758
0.006897
0.000000
-0.054830
-0.191941
-0.289652
-0.377893
-0.460639
-0.536628
-0.603752
-0.660019
-0.689404
-0.691017
-0.676342
-0.652782
-0.625037
-0.596032
-0.567530
-0.540536
-0.515576
-0.492868
-0.428598
-0.338165
-0.244893
-0.155830
-0.074424
-0.003111
0.000000
0.065382
0.198606
0.295418
0.383238
0.465527
0.540935
0.607352
0.662809
0.690014
0.690329
0.674925
0.650999
0.623117
0.594114
0.565694
0.538827
0.514014
0.491458
0.423984
0.332934
0.239711
0.150953
0.070013
0.000000
0.000000
-0.075820
-0.205308
-0.301279
-0.388711
-0.470568
-0.545411
-0.611129
-0.665776
-0.690698
-0.689649
-0.673478
-0.649166
-0.621136
-0.592132
-0.563796
-0.537059
-0.512397
-0.489998
-0.418911
-0.327146
-0.233956
-0.145520
-0.065081
0.000000
0.000000
0.084632
0.211201
0.306573
0.393751
0.475294
0.549690
0.614831
0.668789
0.691524
0.689162
0.672245
0.647550
0.619366
0.590347
0.562078
0.535454
0.510926
0.488669
0.414029
0.321537
0.228348
0.140198
0.060224
0.000000
0.000000
-0.093194
-0.216914
-0.311698
-0.398624
-0.479857
-0.553817
-0.618396
-0.671684
-0.692303
-0.688674
-0.671037
-0.645973
-0.617641
-0.588609
-0.560407
-0.533893
-0.509496
-0.487376
-0.409376
-0.316189
-0.222996
-0.135112
-0.055574
0.000000
0.000000
0.101429
0.222418
0.316643
0.403330
0.484270
0.557813
0.621853
0.674498
0.693078
0.688224
0.669891
0.644470
0.615993
0.586947
0.558808
0.532398
0.508126
0.486138
0.404922
0.311072
0.217877
0.130249
0.051132
0.000000
0.000000
-0.109300
-0.227680
-0.321368
-0.407827
-0.488485
-0.561630
-0.625155
-0.677185
-0.693814
-0.687789
-0.668792
-0.643029
-0.614414
-0.585355
-0.557276
-0.530967
-0.506815
-0.482195
-0.399173
-0.305106
-0.212167
-0.125022
-0.046546
0.000000
0.000000
0.117642
0.233175
0.326256
0.412447
0.492788
0.565497
0.628470
0.679628
0.694373
0.687224
0.667594
0.641513
0.612777
0.583717
0.555707
0.529506
0.505479
0.476002
0.392090
0.298133
0.205671
0.119222
0.041605
0.000000
0.000000
-0.127062
-0.239391
-0.331796
-0.417695
-0.497690
-0.569920
-0.632280
-0.680999
-0.694261
-0.686251
-0.666160
-0.639871
-0.611083
-0.582065
-0.554150
-0.528071
-0.504176
-0.470001
-0.385229
-0.291381
-0.199384
-0.113609
-0.036826
0.000000
0.000000
0.136311
0.245540
0.337311
0.422948
0.502624
0.574403
0.636179
0.682496
0.694292
0.685424
0.664867
0.638361
0.609512
0.580524
0.552693
0.526725
0.502953
0.464306
0.378735
0.285011
0.193475
0.108359
0.032381
0.000000
0.000000
-0.145066
-0.251383
-0.342565
-0.427962
-0.507343
-0.578699
-0.639924
-0.683946
-0.694340
-0.684651
-0.663648
-0.636933
-0.608023
-0.579063
-0.551311
-0.525447
-0.501791
-0.458838
-0.372499
-0.278895
-0.187803
-0.103320
-0.028116
0.000000
0.000000
0.153443
0.256969
0.347585
0.432750
0.511847
0.582796
0.643493
0.685322
0.694376
0.683904
0.662474
0.635561
0.606593
0.577661
0.549984
0.524222
0.500677
0.453601
0.366525
0.273035
0.182367
0.098489
0.024026
0.000000
-0.006457
-0.161272
-0.263043
-0.353171
-0.437972
-0.516600
-0.586946
-0.646919
-0.686398
-0.694034
-0.682748
-0.660893
-0.633799
-0.604800
-0.575927
-0.548358
-0.522729
-0.499324
-0.448145
-0.360321
-0.266934
-0.176684
-0.093412
-0.019697
0.000000
0.018938
0.169211
0.269951
0.359604
0.443885
0.521841
0.591361
0.650381
0.687230
0.693295
0.681123
0.658820
0.631552
0.602548
0.573767
0.546345
0.520887
0.497661
0.443129
0.354634
0.261275
0.171327
0.088532
0.015431
0.000000
-0.031038
-0.176914
-0.276654
-0.365847
-0.449622
-0.526925
-0.595644
-0.653739
-0.688039
-0.692580
-0.679549
-0.656811
-0.629375
-0.600366
-0.571675
-0.544395
-0.519103
-0.496051
-0.438254
-0.349113
-0.255786
-0.166139
-0.083812
-0.011313
0.000000
0.042539
0.184181
0.282941
0.371674
0.454952
0.531620
0.599568
0.656779
0.688700
0.691823
0.677996
0.654860
0.627275
0.598268
0.569668
0.542527
0.517395
0.494510
0.433571
0.343803
0.250502
0.161138
0.079257
0.007333
0.000000
-0.053614
-0.191173
-0.288987
-0.377277
-0.460075
-0.536132
-0.603337
-0.659697
-0.689333
-0.691096
-0.676506
-0.652987
-0.625258
-0.596253
-0.567741
-0.540733
-0.515756
-0.493030
-0.429090
-0.338723
-0.245448
-0.156355
-0.074902
-0.003529
0.000000
0.064218
0.197871
0.294782
0.382648
0.464988
0.540460
0.606955
0.662501
0.689947
0.690405
0.675081
0.651196
0.623329
0.594326
0.565897
0.539016
0.514186
0.491614
0.424517
0.333538
0.240307
0.151513
0.070518
0.000000
0.000000
-0.074904
-0.204694
-0.300726
-0.388184
-0.470073
-0.544961
-0.610740
-0.665458
-0.690609
-0.689698
-0.673606
-0.649334
-0.621321
-0.592318
-0.563975
-0.537226
-0.512550
-0.490137
-0.419428
-0.327740
-0.234549
-0.146083
-0.065594
0.000000
0.000000
0.083730
0.210599
0.306034
0.393238
0.474814
0.549256
0.614457
0.668486
0.691443
0.689215
0.672374
0.647717
0.619549
0.590531
0.562255
0.535619
0.511077
0.488806
0.414521
0.322102
0.228914
0.140736
0.060716
0.000000
0.000000
-0.092323
-0.216331
-0.311175
-0.398126
-0.479390
-0.553394
-0.618030
-0.671386
-0.692221
-0.688721
-0.671158
-0.646132
-0.617815
-0.588784
-0.560576
-0.534051
-0.509641
-0.487507
-0.409846
-0.316729
-0.223536
-0.135625
-0.056043
0.000000
0.000000
0.100597
0.221863
0.316144
0.402855
0.483824
0.557409
0.621504
0.674214
0.693000
0.688270
0.670007
0.644622
0.616160
0.587115
0.558969
0.532549
0.508265
0.486263
0.405373
0.311590
0.218395
0.130742
0.051582
0.000000
0.000000
-0.108503
-0.227147
-0.320890
-0.407372
-0.488059
-0.561244
-0.624821
-0.676913
-0.693740
-0.687834
-0.668903
-0.643175
-0.614574
-0.585516
-0.557431
-0.531112
-0.506948
-0.482798
-0.399864
-0.305788
-0.212804
-0.125593
-0.047034
0.000000
0.000000
0.116739
0.232585
0.325734
0.411956
0.492333
0.565090
0.628123
0.679511
0.694396
0.687328
0.667740
0.641678
0.612946
0.583881
0.555861
0.529647
0.505607
0.476586
0.392758
0.298792
0.206286
0.119772
0.042075
0.000000
0.000000
-0.126160
-0.238792
-0.331260
-0.417185
-0.497211
-0.569485
-0.631902
-0.680854
-0.694259
-0.686332
-0.666286
-0.640017
-0.611236
-0.582215
-0.554292
-0.528202
-0.504295
-0.470552
-0.385857
-0.291997
-0.199955
-0.114117
-0.037256
0.000000
0.000000
0.135464
0.244973
0.336801
0.422462
0.502167
0.573986
0.635816
0.682355
0.694287
0.685499
0.664985
0.638499
0.609656
0.580666
0.552827
0.526849
0.503065
0.464836
0.379339
0.285604
0.194025
0.108847
0.032794
0.000000
0.000000
-0.144255
-0.250842
-0.342079
-0.427499
-0.506908
-0.578302
-0.639579
-0.683813
-0.694336
-0.684724
-0.663762
-0.637066
-0.608161
-0.579199
-0.551439
-0.525566
-0.501899
-0.459346
-0.373078
-0.279463
-0.188330
-0.103788
-0.028513
0.000000
0.000000
0.152665
0.256450
0.347118
0.432305
0.511428
0.582415
0.643161
0.685194
0.694372
0.683973
0.662583
0.635688
0.606726
0.577791
0.550108
0.524336
0.500780
0.454087
0.367079
0.273578
0.182871
0.098937
0.024405
0.000000
-0.005347
-0.160562
-0.262423
-0.352592
-0.437437
-0.516125
-0.586544
-0.646601
-0.686318
-0.694096
-0.682890
-0.661076
-0.633998
-0.605000
-0.576118
-0.548537
-0.522892
-0.499472
-0.448586
-0.360821
-0.267432
-0.177156
-0.093842
-0.020074
0.000000
0.017860
0.168523
0.269350
0.359044
0.443369
0.521382
0.590974
0.650076
0.687154
0.693356
0.681261
0.658997
0.631744
0.602741
0.573953
0.546519
0.521046
0.497805
0.443561
0.355124
0.261761
0.171787
0.088950
0.015796
0.000000
-0.030018
-0.176271
-0.276097
-0.365330
-0.449150
-0.526509
-0.595296
-0.653470
-0.687981
-0.692648
-0.679687
-0.656984
-0.629562
-0.600552
-0.571854
-0.544561
-0.519255
-0.496187
-0.438670
-0.349585
-0.256256
-0.166583
-0.084217
-0.011667
0.000000
0.041555
0.183560
0.282404
0.371177
0.454498
0.531220
0.599234
0.656520
0.688644
0.691888
0.678129
0.655027
0.627454
0.598447
0.569840
0.542686
0.517541
0.494641
0.433969
0.344254
0.250951
0.161562
0.079644
0.007671
0.000000
-0.052672
-0.190578
-0.288473
-0.376800
-0.459639
-0.535747
-0.603015
-0.659448
-0.689279
-0.691158
-0.676632
-0.653146
-0.625429
-0.596425
-0.567905
-0.540886
-0.515895
-0.493156
-0.429472
-0.339155
-0.245878
-0.156762
-0.075273
-0.003852
0.000000
0.063316
0.197301
0.294290
0.382192
0.464571
0.540093
0.606648
0.662263
0.689895
0.690464
0.675203
0.651348
0.623493
0.594490
0.566054
0.539162
0.514320
0.491734
0.424929
0.334005
0.240770
0.151947
0.070909
0.000061
0.000000
-0.074143
-0.204189
-0.300275
-0.387756
-0.469673
-0.544600
-0.610428
-0.665206
-0.690542
-0.689742
-0.673712
-0.649472
-0.621472
-0.592471
-0.564122
-0.537363
-0.512676
-0.490251
-0.419843
-0.328217
-0.235025
-0.146534
-0.066006
0.000000
0.000000
0.083005
0.210116
0.305601
0.392826
0.474428
0.548908
0.614156
0.668242
0.691378
0.689257
0.672477
0.647851
0.619695
0.590678
0.562397
0.535752
0.511199
0.488915
0.414916
0.322556
0.229368
0.141168
0.061111
0.000000
0.000000
-0.091624
-0.215864
-0.310755
-0.397726
-0.479016
-0.553055
-0.617736
-0.671147
-0.692155
-0.688759
-0.671255
-0.646259
-0.617955
-0.588925
-0.560711
-0.534178
-0.509757
-0.487612
-0.410224
-0.317163
-0.223971
-0.136038
-0.056420
0.000000
0.000000
0.099929
0.221416
0.315742
0.402473
0.483466
0.557085
0.621224
0.673986
0.692937
0.688306
0.670101
0.644744
0.616294
0.587250
0.559099
0.532671
0.508376
0.486364
0.405735
0.312007
0.218812
0.131138
0.051944
0.000000
0.000000
-0.107863
-0.226720
-0.320506
-0.407007
-0.487716
-0.560933
-0.624552
-0.676695
-0.693680
-0.687869
-0.668993
-0.643292
-0.614703
-0.585646
-0.557555
-0.531228
-0.507054
-0.483283
-0.400420
-0.306337
-0.213316
-0.126051
-0.047426
0.000000
0.000000
0.116013
0.232111
0.325315
0.411562
0.491967
0.564763
0.627844
0.679350
0.694376
0.687391
0.667850
0.641810
0.613085
0.584018
0.555991
0.529768
0.505717
0.477099
0.393344
0.299369
0.206823
0.120251
0.042482
0.000000
0.000000
-0.125371
-0.238268
-0.330791
-0.416739
-0.496792
-0.569105
-0.631573
-0.680730
-0.694260
-0.686406
-0.666400
-0.640149
-0.611373
-0.582349
-0.554419
-0.528319
-0.504402
-0.471045
-0.386420
-0.292550
-0.200469
-0.114575
-0.037645
0.000000
0.000000
0.134705
0.244468
0.336347
0.422029
0.501760
0.573616
0.635493
0.682231
0.694284
0.685566
0.665091
0.638623
0.609785
0.580792
0.552947
0.526959
0.503166
0.465307
0.379877
0.286131
0.194513
0.109281
0.033162
0.000000
0.000000
-0.143532
-0.250360
-0.341646
-0.427085
-0.506518
-0.577948
-0.639270
-0.683694
-0.694333
-0.684788
-0.663863
-0.637184
-0.608284
-0.579320
-0.551554
-0.525672
-0.501995
-0.459797
-0.373593
-0.279968
-0.188798
-0.104204
-0.028865
0.000000
0.000000
0.151972
0.255988
0.346703
0.431909
0.511056
0.582076
0.642866
0.685080
0.694369
0.684034
0.662680
0.635802
0.606844
0.577907
0.550217
0.524437
0.500872
0.454520
0.367572
0.274062
0.183320
0.099336
0.024743
0.000000
-0.004358
-0.159930
-0.261871
-0.352076
-0.436962
-0.515702
-0.586186
-0.646318
-0.686246
-0.694151
-0.683017
-0.661239
-0.634175
-0.605178
-0.576289
-0.548697
-0.523038
-0.499604
-0.449075
-0.361376
-0.267978
-0.177666
-0.094299
-0.020464
0.000000
0.016746
0.167817
0.268738
0.358476
0.442848
0.520922
0.590588
0.649775
0.687085
0.693425
0.681408
0.659184
0.631946
0.602943
0.574146
0.546698
0.521210
0.497953
0.444013
0.355636
0.262270
0.172268
0.089388
0.016179
0.000000
-0.028937
-0.175584
-0.275500
-0.364776
-0.448641
-0.526058
-0.594917
-0.653174
-0.687911
-0.692713
-0.679829
-0.657165
-0.629757
-0.600747
-0.572041
-0.544736
-0.519414
-0.496331
-0.439106
-0.350079
-0.256747
-0.167048
-0.084640
-0.012036
0.000000
0.040525
0.182909
0.281841
0.370655
0.454020
0.530799
0.598882
0.656248
0.688584
0.691956
0.678268
0.655201
0.627642
0.598635
0.570019
0.542854
0.517694
0.494779
0.434388
0.344729
0.251423
0.162009
0.080051
0.008027
0.000000
-0.051681
-0.189952
-0.287932
-0.376299
-0.459180
-0.535343
-0.602678
-0.659187
-0.689222
-0.691222
-0.676765
-0.653314
-0.625610
-0.596605
-0.568077
-0.541046
-0.516042
-0.493288
-0.429873
-0.339610
-0.246330
-0.157190
-0.075662
-0.004192
0.000000
0.062367
0.196702
0.293771
0.381711
0.464131
0.539705
0.606324
0.662012
0.689840
0.690526
0.675330
0.651508
0.623665
0.594662
0.566219
0.539316
0.514460
0.491861
0.425363
0.334497
0.241256
0.152403
0.071320
0.000416
0.000000
-0.073100
-0.203519
-0.299690
-0.387210
-0.469171
-0.544155
-0.610053
-0.664913
-0.690477
-0.689813
-0.673860
-0.649658
-0.621673
-0.592671
-0.564314
-0.537542
-0.512839
-0.490398
-0.420349
-0.328795
-0.235602
-0.147080
-0.066503
0.000000
0.000000
0.082122
0.209526
0.305071
0.392323
0.473956
0.548480
0.613786
0.667941
0.691295
0.689305
0.672600
0.648013
0.619872
0.590857
0.562568
0.535912
0.511345
0.489048
0.415402
0.323114
0.229926
0.141697
0.061593
0.000000
0.000000
-0.090773
-0.215296
-0.310246
-0.397242
-0.478562
-0.552644
-0.617382
-0.670859
-0.692078
-0.688808
-0.671375
-0.646416
-0.618126
-0.589098
-0.560878
-0.534333
-0.509899
-0.487741
-0.410688
-0.317696
-0.224503
-0.136544
-0.056883
0.000000
0.000000
0.099110
0.220868
0.315251
0.402005
0.483027
0.556688
0.620880
0.673706
0.692861
0.688351
0.670215
0.644894
0.616458
0.587416
0.559258
0.532820
0.508512
0.486487
0.406179
0.312516
0.219321
0.131622
0.052386
0.000000
0.000000
-0.107079
-0.226196
-0.320036
-0.406559
-0.487297
-0.560553
-0.624224
-0.676428
-0.693607
-0.687912
-0.669102
-0.643436
-0.614860
-0.585804
-0.557708
-0.531371
-0.507185
-0.483877
-0.401100
-0.307007
-0.213943
-0.126612
-0.047906
0.000000
0.000000
0.115124
0.231531
0.324803
0.411079
0.491520
0.564362
0.627503
0.679078
0.694309
0.687447
0.667975
0.641970
0.613259
0.584192
0.556159
0.529924
0.505860
0.477774
0.394116
0.300127
0.207527
0.120878
0.043014
0.000000
0.000000
-0.124334
-0.237579
-0.330174
-0.416152
-0.496242
-0.568606
-0.631141
-0.680570
-0.694265
-0.686508
-0.666554
-0.640327
-0.611557
-0.582529
-0.554588
-0.528475
-0.504544
-0.471705
-0.387175
-0.293292
-0.201160
-0.115191
-0.038169
0.000000
0.000000
0.133688
0.243792
0.335741
0.421451
0.501217
0.573123
0.635065
0.682066
0.694281
0.685658
0.665234
0.638790
0.609958
0.580962
0.553107
0.527108
0.503300
0.465935
0.380593
0.286833
0.195165
0.109860
0.033652
0.000000
0.000000
-0.142567
-0.249716
-0.341067
-0.426533
-0.505999
-0.577475
-0.638858
-0.683534
-0.694328
-0.684873
-0.663997
-0.637342
-0.608448
-0.579481
-0.551706
-0.525813
-0.502123
-0.460399
-0.374280
-0.280642
-0.189423
-0.104759
-0.029335
0.000000
0.000000
0.151049
0.255373
0.346150
0.431381
0.510559
0.581625
0.642473
0.684928
0.694365
0.684117
0.662809
0.635953
0.607001
0.578061
0.550363
0.524572
0.500995
0.455097
0.368230
0.274708
0.183919
0.099868
0.025194
0.000000
-0.003040
-0.159087
-0.261135
-0.351388
-0.436328
-0.515138
-0.585708
-0.645941
-0.686151
-0.694224
-0.683185
-0.661456
-0.634411
-0.605415
-0.576517
-0.548909
-0.523233
-0.499780
-0.449746
-0.362137
-0.268726
-0.178363
-0.094922
-0.020996
0.000000
0.015230
0.166858
0.267907
0.357704
0.442141
0.520298
0.590065
0.649368
0.686993
0.693521
0.681609
0.659438
0.632220
0.603217
0.574409
0.546943
0.521434
0.498155
0.444628
0.356333
0.262964
0.172925
0.089986
0.016700
0.000000
-0.027462
-0.174646
-0.274685
-0.364017
-0.447944
-0.525441
-0.594399
-0.652768
-0.687815
-0.692802
-0.680021
-0.657410
-0.630022
-0.601013
-0.572296
-0.544973
-0.519631
-0.496528
-0.439701
-0.350753
-0.257417
-0.167681
-0.085216
-0.012538
0.000000
0.039121
0.182022
0.281073
0.369943
0.453369
0.530225
0.598402
0.655876
0.688503
0.692047
0.678457
0.655439
0.627898
0.598890
0.570264
0.543082
0.517902
0.494967
0.434959
0.345376
0.252068
0.162619
0.080606
0.008512
0.000000
-0.050331
-0.189100
-0.287194
-0.375615
-0.458555
-0.534793
-0.602218
-0.658831
-0.689145
-0.691311
-0.676947
-0.653542
-0.625856
-0.596850
-0.568312
-0.541265
-0.516242
-0.493469
-0.430419
-0.340229
-0.246947
-0.157773
-0.076194
-0.004656
0.000000
0.061074
0.195885
0.293065
0.381056
0.463532
0.539178
0.605883
0.661670
0.689766
0.690610
0.675504
0.651727
0.623901
0.594897
0.566444
0.539525
0.514652
0.492034
0.425954
0.335168
0.241918
0.153025
0.071880
0.000899
0.000000
-0.071676
-0.202606
-0.298892
-0.386466
-0.468486
-0.543548
-0.609543
-0.664513
-0.690389
-0.689910
-0.674061
-0.649912
-0.621946
-0.592944
-0.564575
-0.537786
-0.513062
-0.490599
-0.421038
-0.329583
-0.236387
-0.147824
-0.067180
0.000000
0.000000
0.080918
0.208721
0.304349
0.391635
0.473312
0.547897
0.613282
0.667531
0.691183
0.689372
0.672768
0.648233
0.620113
0.591100
0.562802
0.536130
0.511546
0.489229
0.416064
0.323874
0.230686
0.142418
0.062252
0.000000
0.000000
-0.089612
-0.214521
-0.309551
-0.396581
-0.477943
-0.552085
-0.616898
-0.670467
-0.691972
-0.688874
-0.671539
-0.646630
-0.618360
-0.589334
-0.561104
-0.534544
-0.510093
-0.487916
-0.411319
-0.318422
-0.225230
-0.137234
-0.057514
0.000000
0.000000
0.097993
0.220122
0.314580
0.401367
0.482429
0.556146
0.620411
0.673325
0.692756
0.688412
0.670370
0.645098
0.616681
0.587641
0.559475
0.533022
0.508698
0.486655
0.406783
0.313210
0.220016
0.132281
0.052988
0.000000
0.000000
-0.106012
-0.225482
-0.319394
-0.405949
-0.486725
-0.560036
-0.623776
-0.676063
-0.693507
-0.687971
-0.669251
-0.643631
-0.615074
-0.586020
-0.557916
-0.531565
-0.507363
-0.484686
-0.402026
-0.307922
-0.214797
-0.127378
-0.048560
0.000000
0.000000
0.113913
0.230741
0.324104
0.410422
0.490910
0.563817
0.627038
0.678708
0.694218
0.687523
0.668146
0.642188
0.613496
0.584430
0.556387
0.530137
0.506055
0.478696
0.395169
0.301161
0.208488
0.121732
0.043739
0.000000
0.000000
-0.122921
-0.236640
-0.329332
-0.415352
-0.495492
-0.567926
-0.630552
-0.680351
-0.694273
-0.686647
-0.666763
-0.640569
-0.611808
-0.582774
-0.554820
-0.528689
-0.504738
-0.472605
-0.388203
-0.294304
-0.202102
-0.116031
-0.038884
0.000000
0.000000
0.132302
0.242870
0.334915
0.420664
0.500478
0.572451
0.634480
0.681842
0.694276
0.685782
0.665428
0.639016
0.610194
0.581193
0.553326
0.527310
0.503484
0.466790
0.381568
0.287790
0.196053
0.110650
0.034321
0.000000
0.000000
-0.141251
-0.248838
-0.340277
-0.425779
-0.505290
-0.576830
-0.638295
-0.683316
-0.694321
-0.684989
-0.664180
-0.637556
-0.608672
-0.579700
-0.551914
-0.526005
-0.502297
-0.461221
-0.375216
-0.281560
-0.190275
-0.105516
-0.029975
0.000000
0.000000
0.149791
0.254534
0.345396
0.430662
0.509883
0.581009
0.641936
0.684721
0.694360
0.684229
0.662986
0.636159
0.607216
0.578272
0.550562
0.524756
0.501162
0.455883
0.369127
0.275588
0.184735
0.100593
0.025808
0.000000
-0.001243
-0.157938
-0.260131
-0.350451
-0.435463
-0.514369
-0.585057
-0.645426
-0.686020
-0.694324
-0.683415
-0.661752
-0.634733
-0.605739
-0.576828
-0.549199
-0.523498
-0.500019
-0.450660
-0.363174
-0.269746
-0.179313
-0.095772
-0.021722
0.000000
0.013163
0.165550
0.266774
0.356652
0.441177
0.519447
0.589352
0.648813
0.686867
0.693651
0.681884
0.659784
0.632594
0.603591
0.574767
0.547277
0.521739
0.498430
0.445466
0.357284
0.263910
0.173819
0.090800
0.017412
0.000000
-0.025450
-0.173367
-0.273574
-0.362983
-0.446994
-0.524601
-0.593691
-0.652214
-0.687683
-0.692922
-0.680284
-0.657745
-0.630384
-0.601376
-0.572643
-0.545297
-0.519928
-0.496795
-0.440511
-0.351670
-0.258329
-0.168543
-0.086001
-0.013223
0.000000
0.037207
0.180812
0.280026
0.368972
0.452481
0.529443
0.597748
0.655369
0.688392
0.692173
0.678715
0.655763
0.628247
0.599239
0.570598
0.543392
0.518186
0.495223
0.435738
0.346259
0.252946
0.163450
0.081363
0.009173
0.000000
-0.048490
-0.187937
-0.286189
-0.374684
-0.457704
-0.534043
-0.601592
-0.658345
-0.689039
-0.691432
-0.677195
-0.653853
-0.626191
-0.597185
-0.568633
-0.541563
-0.516514
-0.493715
-0.431164
-0.341074
-0.247787
-0.158568
-0.076918
-0.005289
0.000000
0.059311
0.194772
0.292101
0.380163
0.462715
0.538458
0.605281
0.661204
0.689664
0.690725
0.675741
0.652025
0.624222
0.595218
0.566750
0.539811
0.514913
0.492269
0.426761
0.336082
0.242822
0.153872
0.072644
0.001558
0.000000
-0.069736
-0.201361
-0.297805
-0.385451
-0.467553
-0.542721
-0.608846
-0.663967
-0.690268
-0.690043
-0.674336
-0.650258
-0.622319
-0.593317
-0.564932
-0.538118
-0.513365
-0.490873
-0.421978
-0.330657
-0.237458
-0.148838
-0.068104
0.000000
0.000000
0.079276
0.207625
0.303365
0.390699
0.472434
0.547102
0.612595
0.666972
0.691030
0.689462
0.672996
0.648532
0.620441
0.591431
0.563121
0.536428
0.511819
0.489476
0.416966
0.324911
0.231722
0.143402
0.063149
0.000000
0.000000
-0.088029
-0.213465
-0.308603
-0.395680
-0.477099
-0.551322
-0.616239
-0.669931
-0.691828
-0.688964
-0.671762
-0.646921
-0.618679
-0.589655
-0.561413
-0.534833
-0.510357
-0.488155
-0.412180
-0.319411
-0.226220
-0.138175
-0.058374
0.000000
0.000000
0.096470
0.219104
0.313666
0.400497
0.481613
0.555408
0.619772
0.672805
0.692613
0.688496
0.670582
0.645376
0.616986
0.587948
0.559771
0.533299
0.508952
0.486884
0.407607
0.314157
0.220963
0.133181
0.053810
0.000000
0.000000
-0.104556
-0.224509
-0.318520
-0.405117
-0.485945
-0.559329
-0.623165
-0.675566
-0.693371
-0.688051
-0.669455
-0.643898
-0.615366
-0.586314
-0.558199
-0.531830
-0.507605
-0.485667
-0.403225
-0.309122
-0.215926
-0.128396
-0.049438
0.000000
0.000000
0.112297
0.229683
0.323167
0.409539
0.490090
0.563082
0.626410
0.678207
0.694093
0.687623
0.668373
0.642480
0.613813
0.584749
0.556692
0.530422
0.506316
0.479925
0.396573
0.302540
0.209770
0.122875
0.044709
0.000000
0.000000
-0.121042
-0.235393
-0.328217
-0.414293
-0.494500
-0.567029
-0.629776
-0.680066
-0.694287
-0.686835
-0.667045
-0.640894
-0.612143
-0.583102
-0.555129
-0.528974
-0.504997
-0.473804
-0.389574
-0.295653
-0.203357
-0.117152
-0.039838
0.000000
0.000000
0.130456
0.241643
0.333814
0.419616
0.499493
0.571556
0.633702
0.681544
0.694271
0.685948
0.665687
0.639318
0.610508
0.581501
0.553617
0.527579
0.503729
0.467929
0.382867
0.289064
0.197235
0.111700
0.035210
0.000000
0.000000
-0.139500
-0.247669
-0.339226
-0.424777
-0.504346
-0.575971
-0.637546
-0.683027
-0.694311
-0.685144
-0.664424
-0.637842
-0.608970
-0.579992
-0.552190
-0.526260
-0.502530
-0.462313
-0.376463
-0.282783
-0.191409
-0.106523
-0.030828
0.000000
0.000000
0.148116
0.253417
0.344392
0.429705
0.508982
0.580190
0.641223
0.684446
0.694352
0.684378
0.663220
0.636433
0.607502
0.578552
0.550827
0.525001
0.501385
0.456930
0.370322
0.276759
0.185822
0.101559
0.026625
0.000000
0.000000
-0.156372
-0.258922
-0.349340
-0.434424
-0.513422
-0.584229
-0.644741
-0.685804
-0.694390
-0.683643
-0.662065
-0.635082
-0.606094
-0.577171
-0.549521
-0.523794
-0.500288
-0.451774
-0.364440
-0.270990
-0.180470
-0.096804
-0.022599
0.000000
0.010633
0.163942
0.265376
0.355350
0.439981
0.518388
0.588460
0.648114
0.686701
0.693802
0.682214
0.660205
0.633050
0.604048
0.575205
0.547685
0.522112
0.498768
0.446484
0.358438
0.265058
0.174907
0.091791
0.018278
0.000000
-0.022991
-0.171801
-0.272210
-0.361712
-0.445826
-0.523565
-0.592818
-0.651529
-0.687517
-0.693066
-0.680603
-0.658152
-0.630826
-0.601819
-0.573068
-0.545693
-0.520290
-0.497122
-0.441500
-0.352791
-0.259443
-0.169596
-0.086958
-0.014059
0.000000
0.034872
0.179337
0.278750
0.367789
0.451398
0.528489
0.596951
0.654751
0.688257
0.692326
0.679030
0.656159
0.628674
0.599665
0.571005
0.543772
0.518533
0.495536
0.436689
0.347337
0.254019
0.164466
0.082288
0.009981
0.000000
-0.046241
-0.186518
-0.284962
-0.373546
-0.456664
-0.533127
-0.600827
-0.657753
-0.688911
-0.691580
-0.677498
-0.654234
-0.626601
-0.597594
-0.569024
-0.541927
-0.516847
-0.494015
-0.432074
-0.342106
-0.248813
-0.159539
-0.077802
-0.006062
0.000000
0.057157
0.193411
0.290924
0.379072
0.461717
0.537579
0.604547
0.660635
0.689539
0.690865
0.676030
0.652389
0.624613
0.595609
0.567125
0.540159
0.515231
0.492557
0.427656
0.337097
0.243830
0.154825
0.073509
0.002311
0.000000
-0.067610
-0.200014
-0.296636
-0.384366
-0.466560
-0.541845
-0.608112
-0.663397
-0.690143
-0.690183
-0.674625
-0.650622
-0.622711
-0.593709
-0.565306
-0.538466
-0.513684
-0.491160
-0.422964
-0.331778
-0.238568
-0.149881
-0.069047
0.000000
0.000000
0.077574
0.206484
0.302338
0.389721
0.471516
0.546270
0.611874
0.666384
0.690867
0.689554
0.673234
0.648844
0.620784
0.591776
0.563453
0.536739
0.512103
0.489733
0.417921
0.326008
0.232819
0.144442
0.064097
0.000000
0.000000
-0.086361
-0.212353
-0.307606
-0.394732
-0.476212
-0.550520
-0.615547
-0.669370
-0.691678
-0.689061
-0.671999
-0.647230
-0.619016
-0.589995
-0.561740
-0.535138
-0.510637
-0.488407
-0.413088
-0.320455
-0.227265
-0.139169
-0.059283
0.000000
0.000000
0.094861
0.218028
0.312700
0.399577
0.480751
0.554626
0.619096
0.672255
0.692461
0.688583
0.670806
0.645669
0.617308
0.588273
0.560083
0.533591
0.509219
0.487126
0.408476
0.315155
0.221961
0.134129
0.054677
0.000000
0.000000
-0.103020
-0.223482
-0.317598
-0.404239
-0.485122
-0.558584
-0.622521
-0.675042
-0.693227
-0.688136
-0.669669
-0.644179
-0.615674
-0.586625
-0.558498
-0.532109
-0.507861
-0.485898
-0.404058
-0.310080
-0.216884
-0.129306
-0.050270
0.000000
0.000000
0.110825
0.228699
0.322283
0.408698
0.489302
0.562369
0.625794
0.677705
0.693956
0.687705
0.668579
0.642750
0.614108
0.585046
0.556979
0.530690
0.506561
0.481040
0.397850
0.303801
0.210947
0.123929
0.045611
0.000000
0.000000
-0.119372
-0.234304
-0.327254
-0.413386
-0.493659
-0.566277
-0.629134
-0.679851
-0.694329
-0.687026
-0.667315
-0.641198
-0.612455
-0.583404
-0.555413
-0.529235
-0.505234
-0.474883
-0.390810
-0.296871
-0.204494
-0.118168
-0.040706
0.000000
0.000000
0.128789
0.240537
0.332823
0.418672
0.498607
0.570752
0.633004
0.681276
0.694266
0.686097
0.665919
0.639590
0.610791
0.581778
0.553879
0.527821
0.503949
0.468947
0.384027
0.290202
0.198290
0.112638
0.036004
0.000000
0.000000
-0.137934
-0.246623
-0.338285
-0.423878
-0.503500
-0.575201
-0.636875
-0.682766
-0.694302
-0.685282
-0.664642
-0.638097
-0.609236
-0.580254
-0.552437
-0.526488
-0.502737
-0.463292
-0.377579
-0.283877
-0.192424
-0.107425
-0.031591
0.000000
0.000000
0.146618
0.252418
0.343495
0.428849
0.508177
0.579458
0.640585
0.684201
0.694346
0.684512
0.663430
0.636679
0.607757
0.578803
0.551065
0.525220
0.501584
0.457867
0.371391
0.277808
0.186795
0.102424
0.027358
0.000000
0.000000
-0.154933
-0.257963
-0.348478
-0.433602
-0.512648
-0.583525
-0.644128
-0.685567
-0.694383
-0.683771
-0.662266
-0.635317
-0.606339
-0.577412
-0.549749
-0.524004
-0.500479
-0.452672
-0.365464
-0.271994
-0.181402
-0.097631
-0.023300
0.000000
0.008582
0.162631
0.264230
0.354280
0.438994
0.517510
0.587716
0.647527
0.686552
0.693916
0.682476
0.660543
0.633418
0.604417
0.575559
0.548016
0.522415
0.499041
0.447300
0.359363
0.265979
0.175779
0.092587
0.018975
0.000000
-0.021000
-0.170529
-0.271100
-0.360677
-0.444873
-0.522718
-0.592103
-0.650965
-0.687376
-0.693178
-0.680858
-0.658480
-0.631182
-0.602177
-0.573411
-0.546014
-0.520583
-0.497387
-0.442300
-0.353696
-0.260343
-0.170446
-0.087731
-0.014733
0.000000
0.032989
0.178147
0.277720
0.366835
0.450526
0.527721
0.596309
0.654254
0.688150
0.692451
0.679285
0.656480
0.629018
0.600009
0.571334
0.544078
0.518813
0.495789
0.437457
0.348210
0.254887
0.165287
0.083037
0.010635
0.000000
-0.044423
-0.185370
-0.283969
-0.372627
-0.455823
-0.532387
-0.600209
-0.657275
-0.688807
-0.691699
-0.677743
-0.654542
-0.626932
-0.597925
-0.569340
-0.542222
-0.517116
-0.494258
-0.432810
-0.342939
-0.249643
-0.160324
-0.078517
-0.006686
0.000000
0.055417
0.192312
0.289973
0.378191
0.460911
0.536868
0.603952
0.660174
0.689438
0.690979
0.676263
0.652682
0.624930
0.595926
0.567428
0.540441
0.515489
0.492789
0.428360
0.337896
0.244625
0.155576
0.074193
0.002909
0.000000
-0.065944
-0.198961
-0.295726
-0.383523
-0.465788
-0.541165
-0.607544
-0.662957
-0.690047
-0.690292
-0.674849
-0.650904
-0.623014
-0.594012
-0.565596
-0.538736
-0.513931
-0.491383
-0.423727
-0.332642
-0.239422
-0.150683
-0.069769
0.000000
0.000000
0.076263
0.205605
0.301547
0.388966
0.470808
0.545628
0.611317
0.665929
0.690740
0.689625
0.673416
0.649085
0.621047
0.592042
0.563709
0.536978
0.512323
0.489931
0.418661
0.326859
0.233669
0.145248
0.064833
0.000000
0.000000
-0.085068
-0.211491
-0.306834
-0.393998
-0.475525
-0.549899
-0.615012
-0.668936
-0.691563
-0.689137
-0.672183
-0.647469
-0.619278
-0.590258
-0.561993
-0.535374
-0.510853
-0.488603
-0.413792
-0.321264
-0.228075
-0.139939
-0.059987
0.000000
0.000000
0.093615
0.217195
0.311951
0.398864
0.480083
0.554021
0.618572
0.671828
0.692343
0.688651
0.670979
0.645896
0.617557
0.588524
0.560325
0.533817
0.509426
0.487313
0.409149
0.315928
0.222735
0.134864
0.055348
0.000000
0.000000
-0.101830
-0.222687
-0.316884
-0.403559
-0.484485
-0.558007
-0.622021
-0.674635
-0.693115
-0.688202
-0.669835
-0.644396
-0.615913
-0.586866
-0.558729
-0.532325
-0.508059
-0.486078
-0.404704
-0.310821
-0.217626
-0.130011
-0.050914
0.000000
0.000000
0.109685
0.227937
0.321599
0.408047
0.488691
0.561816
0.625316
0.677316
0.693850
0.687768
0.668738
0.642959
0.614337
0.585277
0.557201
0.530897
0.506751
0.481903
0.398839
0.304777
0.211859
0.124746
0.046310
0.000000
0.000000
-0.118079
-0.233460
-0.326508
-0.412684
-0.493008
-0.565694
-0.628638
-0.679684
-0.694362
-0.687174
-0.667524
-0.641434
-0.612696
-0.583638
-0.555633
-0.529438
-0.505417
-0.475719
-0.391767
-0.297814
-0.205374
-0.118956
-0.041378
0.000000
0.000000
0.127498
0.239680
0.332055
0.417942
0.497921
0.570130
0.632463
0.681069
0.694262
0.686212
0.666099
0.639800
0.611009
0.581993
0.554082
0.528008
0.504119
0.469735
0.384926
0.291083
0.199108
0.113364
0.036619
0.000000
0.000000
-0.136721
-0.245813
-0.337557
-0.423183
-0.502845
-0.574604
-0.636355
-0.682564
-0.694294
-0.685388
-0.664811
-0.638295
-0.609442
-0.580456
-0.552629
-0.526665
-0.502898
-0.464050
-0.378444
-0.284725
-0.193210
-0.108123
-0.032182
0.000000
0.000000
0.145457
0.251644
0.342800
0.428186
0.507554
0.578890
0.640091
0.684010
0.694341
0.684616
0.663593
0.636869
0.607956
0.578997
0.551249
0.525390
0.501739
0.458593
0.372219
0.278621
0.187549
0.103094
0.027925
0.000000
0.000000
-0.153819
-0.257220
-0.347810
-0.432965
-0.512049
-0.582980
-0.643653
-0.685383
-0.694378
-0.683870
-0.662422
-0.635500
-0.606529
-0.577598
-0.549925
-0.524167
-0.500627
-0.453367
-0.366257
-0.272772
-0.182123
-0.098272
-0.023843
0.000000
0.006993
0.161615
0.263343
0.353451
0.438230
0.516830
0.587140
0.647072
0.686437
0.694004
0.682680
0.660805
0.633703
0.604703
0.575834
0.548272
0.522649
0.499253
0.447932
0.360079
0.266693
0.176456
0.093204
0.019514
0.000000
-0.019458
-0.169544
-0.270241
-0.359875
-0.444134
-0.522062
-0.591548
-0.650528
-0.687267
-0.693265
-0.681056
-0.658734
-0.631458
-0.602454
-0.573677
-0.546262
-0.520810
-0.497592
-0.442920
-0.354398
-0.261039
-0.171105
-0.088330
-0.015255
0.000000
0.031530
0.177225
0.276923
0.366096
0.449850
0.527125
0.595812
0.653869
0.688067
0.692548
0.679482
0.656728
0.629285
0.600276
0.571589
0.544315
0.519030
0.495984
0.438053
0.348885
0.255559
0.165924
0.083616
0.011142
0.000000
-0.043014
-0.184481
-0.283201
-0.371915
-0.455172
-0.531814
-0.599730
-0.656904
-0.688727
-0.691792
-0.677932
-0.654780
-0.627188
-0.598181
-0.569586
-0.542450
-0.517325
-0.494446
-0.433379
-0.343585
-0.250285
-0.160932
-0.079070
-0.007170
0.000000
0.054069
0.191460
0.289236
0.377507
0.460286
0.536317
0.603492
0.659817
0.689360
0.691067
0.676444
0.652910
0.625175
0.596171
0.567662
0.540659
0.515688
0.492969
0.428906
0.338514
0.245240
0.156159
0.074723
0.003372
0.000000
-0.064653
-0.198146
-0.295020
-0.382869
-0.465190
-0.540638
-0.607104
-0.662616
-0.689972
-0.690376
-0.675023
-0.651122
-0.623249
-0.594247
-0.565821
-0.538945
-0.514122
-0.491556
-0.424317
-0.333312
-0.240084
-0.151304
-0.070329
0.000000
0.000000
0.075247
0.204924
0.300933
0.388381
0.470259
0.545130
0.610885
0.665577
0.690642
0.689680
0.673558
0.649271
0.621252
0.592249
0.563908
0.537164
0.512493
0.490085
0.419234
0.327518
0.234327
0.145872
0.065402
0.000000
0.000000
-0.084067
-0.210824
-0.306236
-0.393430
-0.474993
-0.549418
-0.614597
-0.668600
-0.691473
-0.689195
-0.672326
-0.647655
-0.619480
-0.590462
-0.562189
-0.535557
-0.511021
-0.488755
-0.414337
-0.321890
-0.228702
-0.140535
-0.060532
0.000000
0.000000
0.092649
0.216549
0.311371
0.398312
0.479565
0.553552
0.618166
0.671497
0.692252
0.688703
0.671113
0.646072
0.617750
0.588719
0.560512
0.533992
0.509586
0.487458
0.409670
0.316527
0.223334
0.135433
0.055868
0.000000
0.000000
-0.100908
-0.222071
-0.316330
-0.403033
-0.483991
-0.557560
-0.621635
-0.674321
-0.693029
-0.688252
-0.669964
-0.644565
-0.616097
-0.587052
-0.558909
-0.532493
-0.508213
-0.486217
-0.405204
-0.311396
-0.218201
-0.130558
-0.051413
0.000000
0.000000
0.108801
0.227347
0.321069
0.407543
0.488219
0.561388
0.624946
0.677015
0.693768
0.687817
0.668862
0.643120
0.614514
0.585456
0.557373
0.531058
0.506898
0.482572
0.399606
0.305533
0.212566
0.125379
0.046851
0.000000
0.000000
-0.117077
-0.232806
-0.325929
-0.412140
-0.492503
-0.565242
-0.628253
-0.679555
-0.694387
-0.687289
-0.667686
-0.641616
-0.612883
-0.583819
-0.555803
-0.529595
-0.505559
-0.476367
-0.392508
-0.298545
-0.206056
-0.119566
-0.041899
0.000000
0.000000
0.126497
0.239016
0.331461
0.417376
0.497390
0.569647
0.632044
0.680908
0.694260
0.686302
0.666239
0.639962
0.611179
0.582159
0.554239
0.528153
0.504251
0.470346
0.385622
0.291766
0.199741
0.113927
0.037095
0.000000
0.000000
-0.135781
-0.245185
-0.336992
-0.422644
-0.502338
-0.574142
-0.635952
-0.682408
-0.694289
-0.685471
-0.664941
-0.638448
-0.609602
-0.580613
-0.552777
-0.526802
-0.503023
-0.464638
-0.379113
-0.285382
-0.193819
-0.108664
-0.032639
0.000000
0.000000
0.144558
0.251045
0.342261
0.427672
0.507071
0.578451
0.639708
0.683863
0.694338
0.684697
0.663719
0.637016
0.608109
0.579148
0.551391
0.525522
0.501858
0.459156
0.372861
0.279250
0.188133
0.103613
0.028364
0.000000
0.000000
-0.152956
-0.256644
-0.347293
-0.432471
-0.511585
-0.582557
-0.643285
-0.685241
-0.694374
-0.683947
-0.662543
-0.635641
-0.606676
-0.577742
-0.550061
-0.524293
-0.500741
-0.453905
-0.366871
-0.273375
-0.182682
-0.098769
-0.024263
0.000000
0.005762
0.160828
0.262655
0.352809
0.437637
0.516303
0.586694
0.646720
0.686348
0.694073
0.682837
0.661008
0.633923
0.604925
0.576047
0.548470
0.522831
0.499417
0.448421
0.360634
0.267246
0.176979
0.093681
0.019932
0.000000
-0.018263
-0.168781
-0.269575
-0.359254
-0.443562
-0.521554
-0.591119
-0.650190
-0.687182
-0.693333
-0.681209
-0.658931
-0.631672
-0.602669
-0.573883
-0.546454
-0.520986
-0.497751
-0.443400
-0.354941
-0.261579
-0.171615
-0.088793
-0.015659
0.000000
0.030400
0.176511
0.276305
0.365524
0.449327
0.526664
0.595426
0.653571
0.688002
0.692622
0.679635
0.656920
0.629492
0.600482
0.571787
0.544499
0.519198
0.496136
0.438514
0.349408
0.256080
0.166417
0.084065
0.011534
0.000000
-0.041923
-0.183792
-0.282605
-0.371363
-0.454668
-0.531370
-0.599359
-0.656617
-0.688665
-0.691864
-0.678079
-0.654965
-0.627387
-0.598380
-0.569776
-0.542627
-0.517487
-0.494592
-0.433820
-0.344085
-0.250783
-0.161403
-0.079499
-0.007545
0.000000
0.053024
0.190800
0.288665
0.376978
0.459802
0.535891
0.603136
0.659541
0.689299
0.691135
0.676585
0.653087
0.625365
0.596361
0.567844
0.540829
0.515843
0.493109
0.429329
0.338994
0.245717
0.156610
0.075134
0.003731
0.000000
-0.063653
-0.197514
-0.294474
-0.382363
-0.464727
-0.540230
-0.606763
-0.662352
-0.689915
-0.690442
-0.675157
-0.651291
-0.623431
-0.594428
-0.565995
-0.539107
-0.514270
-0.491689
-0.424775
-0.333830
-0.240597
-0.151785
-0.070762
0.000000
0.000000
0.074460
0.204396
0.300458
0.387928
0.469833
0.544744
0.610551
0.665304
0.690566
0.689722
0.673668
0.649415
0.621410
0.592408
0.564062
0.537308
0.512625
0.490204
0.419679
0.328029
0.234837
0.146356
0.065843
0.000000
0.000000
-0.083292
-0.210307
-0.305773
-0.392990
-0.474581
-0.549046
-0.614276
-0.668339
-0.691404
-0.689241
-0.672436
-0.647799
-0.619637
-0.590620
-0.562341
-0.535699
-0.511151
-0.488872
-0.414759
-0.322376
-0.229188
-0.140997
-0.060954
0.000000
0.000000
0.091901
0.216049
0.310921
0.397884
0.479164
0.553189
0.617852
0.671241
0.692181
0.688744
0.671216
0.646209
0.617899
0.588869
0.560658
0.534127
0.509711
0.487570
0.410074
0.316991
0.223798
0.135874
0.056271
0.000000
0.000000
-0.100195
-0.221593
-0.315902
-0.402625
-0.483608
-0.557214
-0.621335
-0.674077
-0.692962
-0.688292
-0.670064
-0.644696
-0.616241
-0.587196
-0.559048
-0.532623
-0.508332
-0.486324
-0.405592
-0.311841
-0.218647
-0.130981
-0.051800
0.000000
0.000000
0.108117
0.226889
0.320658
0.407152
0.487852
0.561057
0.624659
0.676782
0.693704
0.687855
0.668957
0.643246
0.614652
0.585594
0.557506
0.531182
0.507012
0.483091
0.400199
0.306119
0.213113
0.125869
0.047270
0.000000
0.000000
-0.116301
-0.232299
-0.325482
-0.411718
-0.492112
-0.564893
-0.627955
-0.679438
-0.694398
-0.687373
-0.667809
-0.641758
-0.613028
-0.583961
-0.555937
-0.529718
-0.505671
-0.476879
-0.393094
-0.299123
-0.206594
-0.120047
-0.042309
0.000000
0.000000
0.125707
0.238492
0.330991
0.416929
0.496971
0.569267
0.631713
0.680782
0.694258
0.686373
0.666350
0.640092
0.611313
0.582291
0.554364
0.528268
0.504356
0.470831
0.386176
0.292309
0.200245
0.114375
0.037475
0.000000
0.000000
-0.135034
-0.244687
-0.336544
-0.422216
-0.501935
-0.573776
-0.635632
-0.682284
-0.694285
-0.685537
-0.665045
-0.638569
-0.609729
-0.580737
-0.552895
-0.526911
-0.503122
-0.465103
-0.379645
-0.285903
-0.194302
-0.109093
-0.033002
0.000000
0.000000
0.143845
0.250569
0.341833
0.427264
0.506687
0.578102
0.639404
0.683746
0.694335
0.684760
0.663819
0.637133
0.608231
0.579268
0.551504
0.525626
0.501953
0.459602
0.373370
0.279750
0.188596
0.104024
0.028713
0.000000
0.000000
-0.152272
-0.256188
-0.346882
-0.432080
-0.511216
-0.582222
-0.642993
-0.685129
-0.694370
-0.684008
-0.662638
-0.635753
-0.606793
-0.577857
-0.550170
-0.524393
-0.500832
-0.454333
-0.367359
-0.273853
-0.183125
-0.099163
-0.024597
0.000000
0.004786
0.160204
0.262110
0.352299
0.437167
0.515885
0.586341
0.646440
0.686277
0.694127
0.682962
0.661169
0.634098
0.605101
0.576215
0.548628
0.522975
0.499547
0.448858
0.361129
0.267736
0.177440
0.094097
0.020292
0.000000
-0.017238
-0.168129
-0.269008
-0.358726
-0.443077
-0.521124
-0.590757
-0.649907
-0.687115
-0.693394
-0.681343
-0.659101
-0.631857
-0.602854
-0.574061
-0.546619
-0.521137
-0.497888
-0.443813
-0.355410
-0.262045
-0.172056
-0.089194
-0.016009
0.000000
0.029416
0.175888
0.275765
0.365022
0.448867
0.526258
0.595086
0.653305
0.687942
0.692685
0.679766
0.657085
0.629670
0.600661
0.571958
0.544658
0.519344
0.496268
0.438914
0.349861
0.256530
0.166842
0.084453
0.011873
0.000000
-0.040980
-0.183197
-0.282090
-0.370886
-0.454231
-0.530985
-0.599037
-0.656368
-0.688610
-0.691926
-0.678206
-0.655124
-0.627559
-0.598552
-0.569940
-0.542780
-0.517626
-0.494718
-0.434203
-0.344519
-0.251214
-0.161812
-0.079871
-0.007869
0.000000
0.052119
0.190229
0.288171
0.376520
0.459383
0.535522
0.602827
0.659302
0.689247
0.691194
0.676706
0.653240
0.625530
0.596525
0.568001
0.540975
0.515977
0.493230
0.429695
0.339409
0.246130
0.157001
0.075490
0.004042
0.000000
-0.062787
-0.196967
-0.294001
-0.381924
-0.464326
-0.539877
-0.606467
-0.662123
-0.689865
-0.690498
-0.675274
-0.651437
-0.623589
-0.594586
-0.566146
-0.539248
-0.514398
-0.491805
-0.425171
-0.334280
-0.241041
-0.152201
-0.071138
-0.000259
0.000000
0.073561
0.203815
0.299948
0.387451
0.469393
0.544352
0.610219
0.665042
0.690506
0.689781
0.673794
0.649576
0.621584
0.592582
0.564229
0.537463
0.512767
0.490333
0.420125
0.328539
0.235347
0.146839
0.066283
0.000000
0.000000
-0.082512
-0.209787
-0.305305
-0.392545
-0.474165
-0.548669
-0.613950
-0.668074
-0.691332
-0.689284
-0.672545
-0.647941
-0.619794
-0.590778
-0.562492
-0.535841
-0.511280
-0.488989
-0.415187
-0.322867
-0.229679
-0.141463
-0.061380
0.000000
0.000000
0.091149
0.215547
0.310471
0.397456
0.478762
0.552826
0.617538
0.670986
0.692112
0.688786
0.671322
0.646347
0.618050
0.589022
0.560804
0.534264
0.509836
0.487684
0.410483
0.317460
0.224268
0.136320
0.056679
0.000000
0.000000
-0.099472
-0.221111
-0.315468
-0.402212
-0.483221
-0.556864
-0.621032
-0.673830
-0.692895
-0.688331
-0.670164
-0.644828
-0.616385
-0.587342
-0.559188
-0.532754
-0.508452
-0.486433
-0.405983
-0.312291
-0.219096
-0.131408
-0.052190
0.000000
0.000000
0.107426
0.226427
0.320244
0.406757
0.487482
0.560721
0.624369
0.676546
0.693639
0.687893
0.669054
0.643372
0.614790
0.585734
0.557640
0.531308
0.507127
0.483614
0.400799
0.306711
0.213665
0.126364
0.047694
0.000000
0.000000
-0.115517
-0.231788
-0.325029
-0.411293
-0.491717
-0.564539
-0.627654
-0.679199
-0.694339
-0.687422
-0.667920
-0.641899
-0.613182
-0.584115
-0.556085
-0.529855
-0.505797
-0.477476
-0.393775
-0.299791
-0.207216
-0.120600
-0.042779
0.000000
0.000000
0.124793
0.237884
0.330446
0.416411
0.496485
0.568827
0.631332
0.680641
0.694263
0.686463
0.666486
0.640249
0.611476
0.582449
0.554513
0.528406
0.504481
0.471413
0.386841
0.292964
0.200854
0.114918
0.037937
0.000000
0.000000
-0.134138
-0.244091
-0.336009
-0.421707
-0.501457
-0.573341
-0.635254
-0.682139
-0.694282
-0.685617
-0.665171
-0.638716
-0.609881
-0.580887
-0.553036
-0.527042
-0.503241
-0.465657
-0.380276
-0.286522
-0.194877
-0.109604
-0.033435
0.000000
0.000000
0.142994
0.250001
0.341323
0.426777
0.506228
0.577684
0.639040
0.683605
0.694330
0.684836
0.663938
0.637272
0.608376
0.579410
0.551639
0.525750
0.502066
0.460133
0.373976
0.280344
0.189147
0.104514
0.029127
0.000000
0.000000
-0.151458
-0.255645
-0.346395
-0.431614
-0.510779
-0.581824
-0.642646
-0.684995
-0.694367
-0.684080
-0.662752
-0.635886
-0.606931
-0.577993
-0.550299
-0.524512
-0.500941
-0.454841
-0.367939
-0.274422
-0.183654
-0.099633
-0.024994
0.000000
0.003623
0.159460
0.261460
0.351693
0.436608
0.515387
0.585919
0.646107
0.686193
0.694192
0.683111
0.661360
0.634307
0.605310
0.576416
0.548815
0.523147
0.499702
0.449449
0.361800
0.268395
0.178054
0.094647
0.020761
0.000000
-0.015900
-0.167282
-0.268275
-0.358045
-0.442453
-0.520574
-0.590296
-0.649548
-0.687034
-0.693478
-0.681520
-0.659325
-0.632099
-0.603096
-0.574293
-0.546835
-0.521335
-0.498066
-0.444356
-0.356025
-0.262657
-0.172634
-0.089722
-0.016470
0.000000
0.028114
0.175061
0.275046
0.364352
0.448252
0.525714
0.594628
0.652947
0.687857
0.692763
0.679936
0.657302
0.629905
0.600896
0.572183
0.544868
0.519535
0.496441
0.439438
0.350455
0.257121
0.167401
0.084961
0.012316
0.000000
-0.039742
-0.182414
-0.281412
-0.370258
-0.453657
-0.530479
-0.598614
-0.656040
-0.688539
-0.692007
-0.678373
-0.655334
-0.627785
-0.598777
-0.570156
-0.542981
-0.517810
-0.494884
-0.434707
-0.345090
-0.251783
-0.162349
-0.080361
-0.008297
0.000000
0.050928
0.189477
0.287520
0.375917
0.458832
0.535036
0.602422
0.658988
0.689179
0.691272
0.676867
0.653441
0.625747
0.596742
0.568208
0.541168
0.516153
0.493389
0.430177
0.339955
0.246674
0.157515
0.075959
0.004451
0.000000
-0.061646
-0.196247
-0.293377
-0.381346
-0.463797
-0.539411
-0.606078
-0.661821
-0.689799
-0.690573
-0.675427
-0.651630
-0.623797
-0.594793
-0.566344
-0.539432
-0.514567
-0.491957
-0.425693
-0.334871
-0.241625
-0.152750
-0.071632
-0.000685
0.000000
0.072306
0.203010
0.299245
0.386795
0.468789
0.543817
0.609768
0.664690
0.690428
0.689867
0.673972
0.649800
0.621825
0.592824
0.564459
0.537678
0.512963
0.490510
0.420733
0.329235
0.236040
0.147495
0.066880
0.000000
0.000000
-0.081450
-0.209077
-0.304668
-0.391939
-0.473597
-0.548155
-0.613505
-0.667713
-0.691233
-0.689342
-0.672693
-0.648135
-0.620006
-0.590992
-0.562699
-0.536034
-0.511457
-0.489149
-0.415771
-0.323538
-0.230350
-0.142099
-0.061961
0.000000
0.000000
0.090125
0.214864
0.309858
0.396873
0.478217
0.552332
0.617112
0.670640
0.692019
0.688844
0.671467
0.646535
0.618257
0.589230
0.561004
0.534451
0.510007
0.487838
0.411040
0.318101
0.224909
0.136929
0.057235
0.000000
0.000000
-0.098487
-0.220452
-0.314877
-0.401649
-0.482694
-0.556386
-0.620618
-0.673494
-0.692802
-0.688385
-0.670302
-0.645008
-0.616582
-0.587541
-0.559379
-0.532933
-0.508616
-0.486581
-0.406516
-0.312903
-0.219709
-0.131990
-0.052722
0.000000
0.000000
0.106484
0.225798
0.319678
0.406219
0.486978
0.560265
0.623974
0.676224
0.693551
0.687945
0.669185
0.643545
0.614979
0.585924
0.557824
0.531479
0.507284
0.484328
0.401617
0.307517
0.214419
0.127039
0.048271
0.000000
0.000000
-0.114449
-0.231090
-0.324413
-0.410713
-0.491179
-0.564058
-0.627243
-0.678872
-0.694259
-0.687490
-0.668070
-0.642092
-0.613391
-0.584325
-0.556286
-0.530043
-0.505969
-0.478288
-0.394703
-0.300703
-0.208063
-0.121354
-0.043418
0.000000
0.000000
0.123546
0.237055
0.329704
0.415705
0.495823
0.568227
0.630812
0.680448
0.694269
0.686586
0.666671
0.640462
0.611697
0.582666
0.554717
0.528595
0.504652
0.472207
0.387749
0.293857
0.201685
0.115660
0.038568
0.000000
0.000000
-0.132915
-0.243278
-0.335280
-0.421012
-0.500805
-0.572748
-0.634739
-0.681941
-0.694278
-0.685727
-0.665342
-0.638916
-0.610090
-0.581091
-0.553229
-0.527220
-0.503403
-0.466412
-0.381137
-0.287367
-0.195660
-0.110301
-0.034025
0.000000
0.000000
0.141833
0.249226
0.340626
0.426112
0.505603
0.577115
0.638544
0.683413
0.694324
0.684938
0.664099
0.637461
0.608573
0.579603
0.551822
0.525920
0.502220
0.460857
0.374802
0.281154
0.189898
0.105182
0.029692
0.000000
0.000000
-0.150348
-0.254905
-0.345729
-0.430980
-0.510182
-0.581281
-0.642173
-0.684813
-0.694362
-0.684179
-0.662908
-0.636068
-0.607121
-0.578179
-0.550474
-0.524675
-0.501088
-0.455535
-0.368731
-0.275199
-0.184374
-0.100273
-0.025536
0.000000
0.002037
0.158446
0.260575
0.350865
0.435845
0.514709
0.585345
0.645654
0.686078
0.694280
0.683314
0.661622
0.634591
0.605596
0.576690
0.549071
0.523381
0.499913
0.450256
0.362715
0.269295
0.178893
0.095396
0.021401
0.000000
-0.014077
-0.166129
-0.267275
-0.357117
-0.441603
-0.519823
-0.589667
-0.649059
-0.686923
-0.693593
-0.681762
-0.659631
-0.632429
-0.603426
-0.574609
-0.547129
-0.521604
-0.498309
-0.445096
-0.356864
-0.263492
-0.173424
-0.090440
-0.017097
0.000000
0.026340
0.173933
0.274065
0.363440
0.447414
0.524972
0.594004
0.652459
0.687741
0.692869
0.680168
0.657597
0.630224
0.601216
0.572490
0.545154
0.519797
0.496677
0.440153
0.351265
0.257926
0.168162
0.085653
0.012920
0.000000
-0.038053
-0.181347
-0.280489
-0.369401
-0.452873
-0.529789
-0.598037
-0.655593
-0.688441
-0.692117
-0.678601
-0.655620
-0.628093
-0.599085
-0.570450
-0.543255
-0.518061
-0.495110
-0.435393
-0.345869
-0.252557
-0.163083
-0.081029
-0.008881
0.000000
0.049304
0.188451
0.286634
0.375096
0.458080
0.534375
0.601869
0.658560
0.689086
0.691378
0.677085
0.653716
0.626043
0.597037
0.568491
0.541431
0.516394
0.493606
0.430835
0.340701
0.247415
0.158217
0.076597
0.005009
0.000000
-0.060091
-0.195264
-0.292527
-0.380558
-0.463076
-0.538776
-0.605547
-0.661410
-0.689709
-0.690674
-0.675636
-0.651893
-0.624080
-0.595076
-0.566615
-0.539684
-0.514797
-0.492165
-0.426404
-0.335678
-0.242422
-0.153498
-0.072306
-0.001267
0.000000
0.070594
0.201912
0.298285
0.385900
0.467966
0.543087
0.609154
0.664209
0.690321
0.689984
0.674214
0.650105
0.622154
0.593152
0.564774
0.537971
0.513231
0.490752
0.421563
0.330182
0.236985
0.148390
0.067695
0.000000
0.000000
-0.080002
-0.208110
-0.303800
-0.391113
-0.472822
-0.547454
-0.612899
-0.667219
-0.691098
-0.689422
-0.672895
-0.648400
-0.620296
-0.591284
-0.562980
-0.536296
-0.511698
-0.489367
-0.416567
-0.324453
-0.231264
-0.142967
-0.062752
0.000000
0.000000
0.088729
0.213932
0.309022
0.396078
0.477472
0.551659
0.616531
0.670168
0.691892
0.688924
0.671664
0.646793
0.618538
0.589513
0.561277
0.534705
0.510240
0.488049
0.411799
0.318974
0.225782
0.137759
0.057994
0.000000
0.000000
-0.097144
-0.219554
-0.314070
-0.400881
-0.481974
-0.555734
-0.620055
-0.673035
-0.692676
-0.688459
-0.670489
-0.645253
-0.616851
-0.587812
-0.559640
-0.533177
-0.508840
-0.486783
-0.407242
-0.313738
-0.220544
-0.132783
-0.053447
0.000000
0.000000
0.105199
0.224939
0.318907
0.405485
0.486290
0.559642
0.623435
0.675786
0.693431
0.688016
0.669365
0.643780
0.615237
0.586184
0.558074
0.531713
0.507498
0.485301
0.402731
0.308617
0.215446
0.127960
0.049058
0.000000
0.000000
-0.112992
-0.230139
-0.323572
-0.409922
-0.490446
-0.563402
-0.626684
-0.678426
-0.694149
-0.687581
-0.668275
-0.642354
-0.613676
-0.584611
-0.556560
-0.530299
-0.506203
-0.479397
-0.395969
-0.301947
-0.209218
-0.122382
-0.044290
0.000000
0.000000
0.121846
0.235926
0.328692
0.414743
0.494921
0.567409
0.630104
0.680185
0.694278
0.686753
0.666923
0.640754
0.611999
0.582960
0.554996
0.528851
0.504885
0.473289
0.388986
0.295074
0.202818
0.116670
0.039428
0.000000
0.000000
-0.131249
-0.242170
-0.334286
-0.420065
-0.499915
-0.571940
-0.634036
-0.681672
-0.694273
-0.685877
-0.665576
-0.639189
-0.610373
-0.581369
-0.553492
-0.527463
-0.503624
-0.467441
-0.382311
-0.288518
-0.196729
-0.111250
-0.034829
0.000000
0.000000
0.140251
0.248170
0.339677
0.425206
0.504751
0.576339
0.637868
0.683151
0.694315
0.685078
0.664320
0.637719
0.608842
0.579867
0.552072
0.526150
0.502430
0.461845
0.375928
0.282259
0.190923
0.106092
0.030462
0.000000
0.000000
-0.148834
-0.253896
-0.344822
-0.430115
-0.509368
-0.580541
-0.641529
-0.684564
-0.694355
-0.684314
-0.663120
-0.636315
-0.607379
-0.578432
-0.550714
-0.524896
-0.501289
-0.456481
-0.369810
-0.276257
-0.185356
-0.101145
-0.026275
0.000000
0.000000
0.157060
0.259382
0.349752
0.434818
0.513792
0.584566
0.645035
0.685917
0.694393
0.683582
0.661969
0.634969
0.605977
0.577056
0.549412
0.523694
0.500196
0.451344
0.363950
0.270509
0.180024
0.096407
0.022264
0.000000
-0.011615
-0.164570
-0.265924
-0.355863
-0.440454
-0.518808
-0.588816
-0.648396
-0.686772
-0.693748
-0.682088
-0.660044
-0.632874
-0.603871
-0.575035
-0.547527
-0.521967
-0.498637
-0.446093
-0.357995
-0.264617
-0.174489
-0.091410
-0.017944
0.000000
0.023944
0.172410
0.272741
0.362208
0.446282
0.523970
0.593161
0.651799
0.687584
0.693012
0.680481
0.657995
0.630655
0.601648
0.572904
0.545540
0.520150
0.496996
0.441118
0.352358
0.259012
0.169189
0.086588
0.013736
0.000000
-0.035774
-0.179907
-0.279243
-0.368246
-0.451816
-0.528857
-0.597258
-0.654989
-0.688309
-0.692266
-0.678908
-0.656006
-0.628509
-0.599500
-0.570848
-0.543625
-0.518399
-0.495415
-0.436320
-0.346920
-0.253603
-0.164072
-0.081930
-0.009668
0.000000
0.047112
0.187067
0.285437
0.373986
0.457066
0.533481
0.601123
0.657982
0.688960
0.691522
0.677380
0.654087
0.626442
0.597436
0.568873
0.541786
0.516718
0.493899
0.431722
0.341706
0.248416
0.159164
0.077460
0.005763
0.000000
-0.057991
-0.193938
-0.291380
-0.379495
-0.462104
-0.537919
-0.604831
-0.660855
-0.689587
-0.690811
-0.675918
-0.652248
-0.624462
-0.595458
-0.566980
-0.540024
-0.515108
-0.492446
-0.427319
-0.336715
-0.243450
-0.154465
-0.073181
-0.002025
0.000000
0.068408
0.200517
0.297072
0.384770
0.466929
0.542170
0.608384
0.663608
0.690189
0.690131
0.674518
0.650487
0.622566
0.593564
0.565168
0.538337
0.513566
0.491054
0.422600
0.331364
0.238159
0.149498
0.068701
0.000000
0.000000
-0.078202
-0.206905
-0.302717
-0.390082
-0.471856
-0.546578
-0.612141
-0.666602
-0.690927
-0.689521
-0.673146
-0.648729
-0.620657
-0.591648
-0.563330
-0.536624
-0.511998
-0.489638
-0.417567
-0.325601
-0.232412
-0.144056
-0.063745
0.000000
0.000000
0.086979
0.212765
0.307976
0.395083
0.476541
0.550817
0.615803
0.669578
0.691733
0.689025
0.671911
0.647115
0.618891
0.589869
0.561619
0.535025
0.510533
0.488314
0.412752
0.320068
0.226878
0.138800
0.058946
0.000000
0.000000
-0.095458
-0.218428
-0.313058
-0.399918
-0.481071
-0.554916
-0.619347
-0.672459
-0.692517
-0.688551
-0.670723
-0.645561
-0.617188
-0.588152
-0.559968
-0.533482
-0.509120
-0.487036
-0.408154
-0.314785
-0.221591
-0.133778
-0.054356
0.000000
0.000000
0.103589
0.223863
0.317940
0.404565
0.485427
0.558861
0.622760
0.675236
0.693280
0.688105
0.669590
0.644074
0.615560
0.586510
0.558387
0.532005
0.507766
0.485813
0.403749
0.309724
0.216529
0.128968
0.049961
0.000000
0.000000
-0.111371
-0.229064
-0.322611
-0.409010
-0.489594
-0.562633
-0.626022
-0.677891
-0.694007
-0.687675
-0.668503
-0.642650
-0.613999
-0.584936
-0.556873
-0.530590
-0.506470
-0.480626
-0.397376
-0.303333
-0.210511
-0.123538
-0.045277
0.000000
0.000000
0.119991
0.234708
0.327611
0.413722
0.493971
0.566556
0.629372
0.679931
0.694313
0.686955
0.667215
0.641085
0.612339
0.583292
0.555308
0.529138
0.505146
0.474483
0.390351
0.296419
0.204072
0.117791
0.040384
0.000000
0.000000
-0.129407
-0.240947
-0.333190
-0.419022
-0.498936
-0.571051
-0.633263
-0.681375
-0.694268
-0.686042
-0.665833
-0.639489
-0.610686
-0.581676
-0.553782
-0.527731
-0.503867
-0.468569
-0.383597
-0.289780
-0.197899
-0.112290
-0.035710
0.000000
0.000000
0.138515
0.247011
0.338634
0.424212
0.503814
0.575486
0.637124
0.682863
0.694305
0.685231
0.664561
0.638002
0.609137
0.580157
0.552346
0.526404
0.502660
0.462929
0.377165
0.283471
0.192047
0.107091
0.031308
0.000000
0.000000
-0.147174
-0.252788
-0.343828
-0.429166
-0.508476
-0.579729
-0.640822
-0.684292
-0.694348
-0.684463
-0.663352
-0.636588
-0.607663
-0.578710
-0.550977
-0.525139
-0.501510
-0.457520
-0.370994
-0.277419
-0.186434
-0.102103
-0.027086
0.000000
0.000000
0.155467
0.258319
0.348797
0.433907
0.512935
0.583786
0.644356
0.685655
0.694385
0.683724
0.662192
0.635230
0.606248
0.577323
0.549664
0.523926
0.500408
0.452339
0.365084
0.271622
0.181056
0.097324
0.023040
0.000000
-0.009343
-0.163117
-0.264655
-0.354677
-0.439360
-0.517835
-0.587992
-0.647745
-0.686607
-0.693874
-0.682379
-0.660418
-0.633282
-0.604281
-0.575428
-0.547893
-0.522303
-0.498940
-0.446997
-0.359020
-0.265638
-0.175456
-0.092292
-0.018716
0.000000
0.021739
0.171001
0.271512
0.361061
0.445226
0.523032
0.592368
0.651174
0.687428
0.693137
0.680763
0.658358
0.631050
0.602044
0.573284
0.545895
0.520475
0.497289
0.442004
0.353361
0.260009
0.170131
0.087444
0.014483
0.000000
-0.033687
-0.178588
-0.278102
-0.367189
-0.450850
-0.528006
-0.596547
-0.654438
-0.688190
-0.692405
-0.679190
-0.656361
-0.628890
-0.599882
-0.571212
-0.543964
-0.518709
-0.495695
-0.437172
-0.347886
-0.254565
-0.164983
-0.082759
-0.010393
0.000000
0.045097
0.185796
0.284337
0.372968
0.456135
0.532662
0.600438
0.657452
0.688845
0.691655
0.677652
0.654427
0.626809
0.597802
0.569223
0.542113
0.517017
0.494168
0.432537
0.342630
0.249335
0.160033
0.078252
0.006455
0.000000
-0.056062
-0.192720
-0.290326
-0.378518
-0.461210
-0.537132
-0.604173
-0.660345
-0.689475
-0.690937
-0.676177
-0.652573
-0.624813
-0.595808
-0.567315
-0.540337
-0.515393
-0.492703
-0.428099
-0.337599
-0.244330
-0.155297
-0.073939
-0.002687
0.000000
0.066562
0.199352
0.296063
0.383836
0.466074
0.541417
0.607755
0.663120
0.690082
0.690252
0.674766
0.650799
0.622902
0.593899
0.565489
0.538636
0.513839
0.491301
0.423444
0.332321
0.239105
0.150386
0.069501
0.000000
0.000000
-0.076749
-0.205931
-0.301840
-0.389246
-0.471071
-0.545866
-0.611524
-0.666098
-0.690787
-0.689599
-0.673349
-0.648995
-0.620950
-0.591943
-0.563614
-0.536889
-0.512241
-0.489858
-0.418387
-0.326544
-0.233353
-0.144949
-0.064560
0.000000
0.000000
0.085548
0.211811
0.307120
0.394271
0.475780
0.550129
0.615210
0.669097
0.691605
0.689109
0.672115
0.647381
0.619181
0.590160
0.561899
0.535287
0.510773
0.488530
0.413531
0.320964
0.227775
0.139653
0.059726
0.000000
0.000000
-0.094077
-0.217504
-0.312229
-0.399129
-0.480330
-0.554246
-0.618767
-0.671986
-0.692387
-0.688626
-0.670915
-0.645812
-0.617464
-0.588431
-0.560236
-0.533733
-0.509349
-0.487244
-0.408899
-0.315641
-0.222448
-0.134591
-0.055099
0.000000
0.000000
0.102271
0.222982
0.317149
0.403812
0.484721
0.558221
0.622206
0.674786
0.693157
0.688177
0.669774
0.644316
0.615824
0.586776
0.558644
0.532245
0.507986
0.486011
0.404464
0.310546
0.217351
0.129750
0.050675
0.000000
0.000000
-0.110108
-0.228220
-0.321853
-0.408289
-0.488918
-0.562021
-0.625493
-0.677460
-0.693889
-0.687745
-0.668679
-0.642881
-0.614252
-0.585192
-0.557119
-0.530820
-0.506680
-0.481583
-0.398472
-0.304415
-0.211521
-0.124443
-0.046051
0.000000
0.000000
0.118558
0.233773
0.326784
0.412944
0.493249
0.565910
0.628822
0.679746
0.694350
0.687119
0.667446
0.641346
0.612606
0.583551
0.555551
0.529363
0.505349
0.475409
0.391412
0.297464
0.205048
0.118664
0.041129
0.000000
0.000000
-0.127977
-0.239998
-0.332340
-0.418213
-0.498176
-0.570361
-0.632664
-0.681146
-0.694264
-0.686169
-0.666032
-0.639722
-0.610928
-0.581913
-0.554007
-0.527938
-0.504056
-0.469443
-0.384593
-0.290757
-0.198805
-0.113095
-0.036391
0.000000
0.000000
0.137171
0.246114
0.337827
0.423441
0.503088
0.574825
0.636548
0.682639
0.694297
0.685349
0.664748
0.638221
0.609366
0.580381
0.552558
0.526600
0.502839
0.463769
0.378123
0.284411
0.192918
0.107864
0.031962
0.000000
0.000000
-0.145888
-0.251931
-0.343057
-0.428432
-0.507785
-0.579101
-0.640274
-0.684081
-0.694343
-0.684578
-0.663533
-0.636798
-0.607882
-0.578925
-0.551181
-0.525327
-0.501681
-0.458324
-0.371912
-0.278320
-0.187269
-0.102845
-0.027715
0.000000
0.000000
0.154233
0.257496
0.348058
0.433201
0.512271
0.583182
0.643829
0.685451
0.694380
0.683833
0.662364
0.635432
0.606458
0.577529
0.549860
0.524107
0.500572
0.453109
0.365963
0.272484
0.181855
0.098035
0.023641
0.000000
-0.007582
-0.161992
-0.263672
-0.353758
-0.438513
-0.517082
-0.587354
-0.647241
-0.686479
-0.693972
-0.682604
-0.660708
-0.633597
-0.604597
-0.575732
-0.548177
-0.522562
-0.499174
-0.447697
-0.359813
-0.266428
-0.176205
-0.092975
-0.019314
0.000000
0.020030
0.169909
0.270559
0.360172
0.444408
0.522305
0.591754
0.650690
0.687307
0.693233
0.680983
0.658640
0.631356
0.602351
0.573579
0.546170
0.520726
0.497516
0.442690
0.354138
0.260781
0.170860
0.088108
0.015061
0.000000
-0.032071
-0.177567
-0.277219
-0.366370
-0.450101
-0.527346
-0.595996
-0.654012
-0.688098
-0.692512
-0.679409
-0.656636
-0.629186
-0.600177
-0.571495
-0.544227
-0.518949
-0.495912
-0.437832
-0.348635
-0.255310
-0.165688
-0.083401
-0.010954
0.000000
0.043537
0.184811
0.283486
0.372179
0.455414
0.532026
0.599907
0.657042
0.688756
0.691758
0.677862
0.654692
0.627093
0.598086
0.569495
0.542365
0.517248
0.494376
0.433168
0.343345
0.250047
0.160707
0.078865
0.006991
0.000000
-0.054569
-0.191776
-0.289509
-0.377761
-0.460518
-0.536522
-0.603663
-0.659950
-0.689389
-0.691034
-0.676377
-0.652826
-0.625084
-0.596080
-0.567575
-0.540578
-0.515614
-0.492903
-0.428704
-0.338285
-0.245012
-0.155943
-0.074527
-0.003200
0.000000
0.065132
0.198448
0.295282
0.383111
0.465412
0.540834
0.607267
0.662743
0.690000
0.690345
0.674958
0.651041
0.623162
0.594159
0.565738
0.538868
0.514051
0.491492
0.424098
0.333063
0.239839
0.151074
0.070121
0.000000
0.000000
-0.075624
-0.205176
-0.301161
-0.388598
-0.470462
-0.545314
-0.611045
-0.665708
-0.690679
-0.689659
-0.673505
-0.649202
-0.621176
-0.592172
-0.563834
-0.537095
-0.512430
-0.490028
-0.419022
-0.327274
-0.234083
-0.145641
-0.065191
0.000000
0.000000
0.084439
0.211072
0.306458
0.393641
0.475191
0.549597
0.614751
0.668724
0.691506
0.689173
0.672273
0.647586
0.619405
0.590386
0.562116
0.535489
0.510959
0.488698
0.414135
0.321658
0.228469
0.140314
0.060330
0.000000
0.000000
-0.093007
-0.216789
-0.311586
-0.398517
-0.479757
-0.553726
-0.618317
-0.671620
-0.692286
-0.688684
-0.671063
-0.646007
-0.617678
-0.588646
-0.560443
-0.533927
-0.509527
-0.487404
-0.409477
-0.316305
-0.223112
-0.135222
-0.055675
0.000000
0.000000
0.101250
0.222299
0.316536
0.403228
0.484174
0.557726
0.621778
0.674437
0.693061
0.688234
0.669916
0.644503
0.616029
0.586983
0.558842
0.532431
0.508156
0.486165
0.405019
0.311183
0.217988
0.130355
0.051228
0.000000
0.000000
-0.109129
-0.227566
-0.321266
-0.407730
-0.488394
-0.561547
-0.625083
-0.677127
-0.693798
-0.687799
-0.668816
-0.643060
-0.614449
-0.585390
-0.557309
-0.530998
-0.506843
-0.482324
-0.399322
-0.305253
-0.212304
-0.125144
-0.046650
0.000000
0.000000
0.117449
0.233048
0.326144
0.412341
0.492690
0.565410
0.628396
0.679603
0.694378
0.687246
0.667626
0.641549
0.612814
0.583752
0.555740
0.529536
0.505506
0.476127
0.392233
0.298274
0.205803
0.119340
0.041706
0.000000
0.000000
-0.126868
-0.239262
-0.331681
-0.417586
-0.497587
-0.569826
-0.632199
-0.680968
-0.694261
-0.686268
-0.666187
-0.639902
-0.611116
-0.582097
-0.554181
-0.528099
-0.504202
-0.470119
-0.385364
-0.291513
-0.199506
-0.113718
-0.036919
0.000000
0.000000
0.136130
0.245418
0.337201
0.422843
0.502526
0.574313
0.636101
0.682466
0.694291
0.685440
0.664893
0.638391
0.609542
0.580555
0.552722
0.526752
0.502977
0.464420
0.378865
0.285138
0.193593
0.108464
0.032470
0.000000
0.000000
-0.144892
-0.251267
-0.342461
-0.427863
-0.507250
-0.578614
-0.639850
-0.683917
-0.694339
-0.684667
-0.663672
-0.636962
-0.608052
-0.579092
-0.551338
-0.525473
-0.501814
-0.458947
-0.372623
-0.279017
-0.187916
-0.103420
-0.028201
0.000000
0.000000
0.153276
0.256858
0.347485
0.432654
0.511757
0.582714
0.643422
0.685294
0.694375
0.683918
0.662498
0.635588
0.606621
0.577689
0.550011
0.524246
0.500699
0.453706
0.366644
0.273151
0.182475
0.098585
0.024107
0.000000
-0.006219
-0.161120
-0.262910
-0.353047
-0.437857
-0.516498
-0.586860
-0.646850
-0.686381
-0.694047
-0.682779
-0.660933
-0.633841
-0.604843
-0.575968
-0.548397
-0.522764
-0.499356
-0.448239
-0.360428
-0.267041
-0.176785
-0.093504
-0.019777
0.000000
0.018707
0.169064
0.269822
0.359484
0.443774
0.521742
0.591278
0.650316
0.687214
0.693308
0.681152
0.658858
0.631593
0.602589
0.573807
0.546383
0.520921
0.497692
0.443222
0.354739
0.261379
0.171425
0.088621
0.015509
0.000000
-0.030819
-0.176776
-0.276534
-0.365736
-0.449521
-0.526835
-0.595569
-0.653681
-0.688026
-0.692595
-0.679578
-0.656848
-0.629415
-0.600406
-0.571714
-0.544431
-0.519136
-0.496080
-0.438343
-0.349214
-0.255887
-0.166234
-0.083899
-0.011389
0.000000
0.042328
0.184048
0.282826
0.371568
0.454855
0.531534
0.599496
0.656724
0.688688
0.691837
0.678025
0.654896
0.627313
0.598306
0.569705
0.542561
0.517427
0.494538
0.433657
0.343900
0.250598
0.161229
0.079340
0.007406
0.000000
-0.053412
-0.191045
-0.288877
-0.377175
-0.459981
-0.536049
-0.603268
-0.659644
-0.689322
-0.691109
-0.676533
-0.653021
-0.625295
-0.596290
-0.567776
-0.540766
-0.515786
-0.493057
-0.429172
-0.338816
-0.245540
-0.156442
-0.074982
-0.003598
0.000000
0.064024
0.197749
0.294677
0.382550
0.464899
0.540382
0.606889
0.662450
0.689936
0.690417
0.675107
0.651228
0.623364
0.594361
0.565930
0.539047
0.514215
0.491640
0.424605
0.333638
0.240407
0.151606
0.070601
0.000000
0.000000
-0.074752
-0.204592
-0.300634
-0.388096
-0.469991
-0.544887
-0.610675
-0.665405
-0.690595
-0.689706
-0.673627
-0.649362
-0.621351
-0.592349
-0.564005
-0.537254
-0.512576
-0.490160
-0.419514
-0.327839
-0.234648
-0.146177
-0.065680
0.000000
0.000000
0.083580
0.210499
0.305944
0.393153
0.474734
0.549184
0.614395
0.668436
0.691430
0.689224
0.672395
0.647745
0.619579
0.590561
0.562284
0.535647
0.511102
0.488828
0.414603
0.322196
0.229008
0.140825
0.060797
0.000000
0.000000
-0.092178
-0.216235
-0.311088
-0.398043
-0.479312
-0.553323
-0.617969
-0.671336
-0.692207
-0.688729
-0.671178
-0.646158
-0.617844
-0.588813
-0.560604
-0.534077
-0.509665
-0.487529
-0.409925
-0.316819
-0.223626
-0.135710
-0.056121
0.000000
0.000000
0.100459
0.221770
0.316061
0.402776
0.483750
0.557342
0.621446
0.674167
0.692987
0.688277
0.670027
0.644647
0.616187
0.587143
0.558996
0.532575
0.508288
0.486284
0.405448
0.311676
0.218481
0.130824
0.051657
0.000000
0.000000
-0.108371
-0.227059
-0.320811
-0.407297
-0.487988
-0.561180
-0.624765
-0.676868
-0.693727
-0.687841
-0.668922
-0.643199
-0.614601
-0.585543
-0.557457
-0.531136
-0.506970
-0.482899
-0.399979
-0.305902
-0.212910
-0.125687
-0.047115
0.000000
0.000000
0.116589
0.232487
0.325648
0.411875
0.492257
0.565022
0.628065
0.679492
0.694400
0.687345
0.667765
0.641705
0.612974
0.583908
0.555887
0.529671
0.505628
0.476683
0.392869
0.298901
0.206388
0.119863
0.042153
0.000000
0.000000
-0.126010
-0.238692
-0.331171
-0.417100
-0.497131
-0.569412
-0.631840
-0.680830
-0.694258
-0.686345
-0.666307
-0.640042
-0.611261
-0.582240
-0.554315
-0.528224
-0.504315
-0.470644
-0.385962
-0.292099
-0.200050
-0.114201
-0.037327
0.000000
0.000000
0.135323
0.244879
0.336717
0.422381
0.502091
0.573917
0.635755
0.682332
0.694286
0.685511
0.665005
0.638522
0.609680
0.580689
0.552849
0.526869
0.503084
0.464924
0.379440
0.285702
0.194116
0.108928
0.032862
0.000000
0.000000
-0.144120
-0.250753
-0.341998
-0.427422
-0.506835
-0.578237
-0.639522
-0.683791
-0.694336
-0.684736
-0.663781
-0.637088
-0.608184
-0.579221
-0.551461
-0.525586
-0.501917
-0.459430
-0.373174
-0.279557
-0.188417
-0.103866
-0.028578
0.000000
0.000000
0.152536
0.256364
0.347041
0.432231
0.511358
0.582352
0.643106
0.685172
0.694372
0.683984
0.662601
0.635709
0.606748
0.577813
0.550128
0.524355
0.500797
0.454168
0.367171
0.273668
0.182954
0.099011
0.024468
0.000000
-0.005162
-0.160444
-0.262320
-0.352496
-0.437349
-0.516046
-0.586477
-0.646548
-0.686304
-0.694106
-0.682914
-0.661107
-0.634031
-0.605033
-0.576150
-0.548567
-0.522920
-0.499497
-0.448666
-0.360912
-0.267522
-0.177240
-0.093919
-0.020140
0.000000
0.017671
0.168403
0.269245
0.358946
0.443279
0.521303
0.590907
0.650023
0.687141
0.693367
0.681285
0.659028
0.631778
0.602775
0.573986
0.546549
0.521073
0.497830
0.443638
0.355211
0.261847
0.171868
0.089024
0.015860
0.000000
-0.029837
-0.176156
-0.275998
-0.365238
-0.449066
-0.526434
-0.595234
-0.653421
-0.687970
-0.692659
-0.679711
-0.657015
-0.629595
-0.600585
-0.571885
-0.544591
-0.519281
-0.496211
-0.438744
-0.349668
-0.256339
-0.166662
-0.084288
-0.011729
0.000000
0.041381
0.183450
0.282309
0.371089
0.454417
0.531149
0.599174
0.656474
0.688634
0.691900
0.678152
0.655056
0.627486
0.598479
0.569870
0.542715
0.517567
0.494664
0.434040
0.344334
0.251030
0.161637
0.079713
0.007731
0.000000
-0.052505
-0.190472
-0.288381
-0.376715
-0.459561
-0.535679
-0.602959
-0.659404
-0.689269
-0.691168
-0.676654
-0.653174
-0.625460
-0.596455
-0.567934
-0.540913
-0.515920
-0.493178
-0.429539
-0.339232
-0.245954
-0.156834
-0.075338
-0.003909
0.000000
0.063156
0.197201
0.294202
0.382111
0.464497
0.540027
0.606593
0.662221
0.689886
0.690474
0.675224
0.651375
0.623522
0.594519
0.566081
0.539188
0.514343
0.491756
0.425002
0.334088
0.240851
0.152024
0.070978
0.000121
0.000000
-0.073968
-0.204076
-0.300176
-0.387664
-0.469588
-0.544525
-0.610365
-0.665157
-0.690531
-0.689754
-0.673737
-0.649504
-0.621506
-0.592504
-0.564154
-0.537393
-0.512703
-0.490275
-0.419928
-0.328314
-0.235122
-0.146626
-0.066089
0.000000
0.000000
0.082856
0.210016
0.305512
0.392742
0.474349
0.548836
0.614094
0.668191
0.691364
0.689265
0.672497
0.647878
0.619725
0.590708
0.562426
0.535778
0.511223
0.488938
0.414998
0.322650
0.229462
0.141257
0.061192
0.000000
0.000000
-0.091481
-0.215768
-0.310670
-0.397645
-0.478939
-0.552986
-0.617677
-0.671099
-0.692142
-0.688767
-0.671275
-0.646286
-0.617984
-0.588954
-0.560739
-0.534204
-0.509781
-0.487634
-0.410302
-0.317253
-0.224060
-0.136123
-0.056498
0.000000
0.000000
0.099791
0.221324
0.315660
0.402394
0.483392
0.557018
0.621166
0.673939
0.692925
0.688314
0.670120
0.644770
0.616321
0.587278
0.559126
0.532696
0.508399
0.486385
0.405810
0.312092
0.218898
0.131219
0.052018
0.000000
0.000000
-0.107731
-0.226631
-0.320427
-0.406931
-0.487646
-0.560869
-0.624497
-0.676650
-0.693668
-0.687876
-0.669011
-0.643316
-0.614729
-0.585672
-0.557581
-0.531252
-0.507076
-0.483383
-0.400534
-0.306449
-0.213421
-0.126146
-0.047507
0.000000
0.000000
0.115863
0.232013
0.325229
0.411481
0.491892
0.564695
0.627787
0.679305
0.694365
0.687401
0.667871
0.641837
0.613114
0.584047
0.556020
0.529795
0.505741
0.477212
0.393474
0.299496
0.206941
0.120356
0.042571
0.000000
0.000000
-0.125197
-0.238152
-0.330687
-0.416640
-0.496700
-0.569021
-0.631500
-0.680703
-0.694261
-0.686423
-0.666426
-0.640179
-0.611404
-0.582379
-0.554447
-0.528345
-0.504426
-0.471156
-0.386547
-0.292675
-0.200585
-0.114678
-0.037733
0.000000
0.000000
0.134534
0.244354
0.336245
0.421931
0.501668
0.573533
0.635421
0.682203
0.694283
0.685582
0.665115
0.638651
0.609814
0.580821
0.552974
0.526984
0.503188
0.465413
0.379997
0.286249
0.194623
0.109379
0.033244
0.000000
0.000000
-0.143370
-0.250252
-0.341548
-0.426992
-0.506431
-0.577869
-0.639201
-0.683667
-0.694332
-0.684802
-0.663885
-0.637211
-0.608312
-0.579347
-0.551579
-0.525695
-0.502016
-0.459899
-0.373708
-0.280082
-0.188904
-0.104298
-0.028944
0.000000
0.000000
0.151817
0.255885
0.346610
0.431820
0.510972
0.582000
0.642800
0.685054
0.694368
0.684048
0.662702
0.635827
0.606870
0.577933
0.550242
0.524460
0.500893
0.454617
0.367683
0.274171
0.183421
0.099425
0.024819
0.000000
-0.004136
-0.159788
-0.261747
-0.351960
-0.436855
-0.515607
-0.586105
-0.646254
-0.686230
-0.694163
-0.683045
-0.661276
-0.634215
-0.605218
-0.576328
-0.548732
-0.523071
-0.499634
-0.449188
-0.361504
-0.268104
-0.177783
-0.094404
-0.020554
0.000000
0.016491
0.167656
0.268598
0.358346
0.442729
0.520817
0.590500
0.649707
0.687069
0.693441
0.681442
0.659226
0.631992
0.602989
0.574190
0.546740
0.521248
0.497987
0.444116
0.355754
0.262387
0.172379
0.089489
0.016266
0.000000
-0.028689
-0.175426
-0.275363
-0.364648
-0.448523
-0.525954
-0.594830
-0.653105
-0.687895
-0.692728
-0.679861
-0.657206
-0.629801
-0.600792
-0.572084
-0.544776
-0.519451
-0.496364
-0.439206
-0.350193
-0.256860
-0.167154
-0.084737
-0.012120
0.000000
0.040288
0.182760
0.281712
0.370535
0.453910
0.530702
0.598801
0.656185
0.688570
0.691971
0.678300
0.655241
0.627685
0.598678
0.570060
0.542892
0.517729
0.494811
0.434484
0.344838
0.251532
0.162112
0.080145
0.008108
0.000000
-0.051454
-0.189809
-0.287808
-0.376184
-0.459075
-0.535251
-0.602601
-0.659127
-0.689209
-0.691237
-0.676796
-0.653352
-0.625651
-0.596646
-0.568117
-0.541083
-0.516075
-0.493319
-0.429965
-0.339714
-0.246434
-0.157288
-0.075752
-0.004271
0.000000
0.062150
0.196565
0.293652
0.381601
0.464030
0.539617
0.606250
0.661954
0.689828
0.690540
0.675359
0.651545
0.623705
0.594702
0.566257
0.539351
0.514492
0.491890
0.425462
0.334610
0.241367
0.152508
0.071414
0.000497
0.000000
-0.072860
-0.203365
-0.299555
-0.387085
-0.469056
-0.544053
-0.609967
-0.664845
-0.690462
-0.689829
-0.673894
-0.649701
-0.621719
-0.592717
-0.564358
-0.537583
-0.512876
-0.490432
-0.420465
-0.328928
-0.235734
-0.147205
-0.066617
0.000000
0.000000
0.081919
0.209390
0.304950
0.392207
0.473848
0.548382
0.613702
0.667872
0.691276
0.689317
0.672628
0.648050
0.619912
0.590897
0.562608
0.535949
0.511379
0.489078
0.415513
0.323242
0.230054
0.141819
0.061704
0.000000
0.000000
-0.090577
-0.215166
-0.310129
-0.397130
-0.478458
-0.552550
-0.617300
-0.670793
-0.692060
-0.688819
-0.671403
-0.646452
-0.618166
-0.589138
-0.560916
-0.534368
-0.509932
-0.487770
-0.410794
-0.317818
-0.224626
-0.136660
-0.056989
0.000000
0.000000
0.098922
0.220743
0.315138
0.401898
0.482927
0.556597
0.620801
0.673642
0.692843
0.688362
0.670241
0.644928
0.616495
0.587453
0.559295
0.532854
0.508544
0.486515
0.406280
0.312633
0.219438
0.131733
0.052487
0.000000
0.000000
-0.106900
-0.226076
-0.319928
-0.406456
-0.487200
-0.560466
-0.624148
-0.676366
-0.693590
-0.687922
-0.669127
-0.643468
-0.614896
-0.585840
-0.557743
-0.531403
-0.507215
-0.484013
-0.401256
-0.307161
-0.214086
-0.126741
-0.048016
0.000000
0.000000
0.114921
0.231398
0.324685
0.410969
0.491417
0.564271
0.627425
0.679016
0.694294
0.687460
0.668004
0.642007
0.613299
0.584232
0.556197
0.529960
0.505893
0.477930
0.394294
0.300301
0.207689
0.121021
0.043136
0.000000
0.000000
-0.124097
-0.237421
-0.330032
-0.416017
-0.496116
-0.568492
-0.631042
-0.680533
-0.694266
-0.686531
-0.666589
-0.640368
-0.611599
-0.582570
-0.554627
-0.528511
-0.504577
-0.471857
-0.387348
-0.293462
-0.201318
-0.115332
-0.038289
0.000000
0.000000
0.133455
0.243637
0.335602
0.421319
0.501093
0.573010
0.634966
0.682029
0.694280
0.685679
0.665266
0.638828
0.609998
0.581001
0.553144
0.527142
0.503331
0.466079
0.380757
0.286994
0.195314
0.109993
0.033764
0.000000
0.000000
-0.142346
-0.249568
-0.340934
-0.426406
-0.505879
-0.577366
-0.638763
-0.683498
-0.694327
-0.684893
-0.664028
-0.637378
-0.608486
-0.579518
-0.551741
-0.525845
-0.502152
-0.460538
-0.374437
-0.280796
-0.189567
-0.104887
-0.029443
0.000000
0.000000
0.150838
0.255232
0.346023
0.431260
0.510445
0.581521
0.642382
0.684893
0.694364
0.684136
0.662839
0.635987
0.607037
0.578097
0.550397
0.524603
0.501023
0.455229
0.368381
0.274856
0.184056
0.099990
0.025297
0.000000
-0.002738
-0.158894
-0.260966
-0.351231
-0.436182
-0.515008
-0.585598
-0.645854
-0.686129
-0.694241
-0.683224
-0.661506
-0.634465
-0.605470
-0.576569
-0.548958
-0.523277
-0.499820
-0.449900
-0.362311
-0.268898
-0.178523
-0.095065
-0.021118
0.000000
0.014882
0.166638
0.267716
0.357527
0.441979
0.520155
0.589945
0.649275
0.686972
0.693543
0.681655
0.659496
0.632283
0.603280
0.574469
0.546999
0.521485
0.498201
0.444769
0.356493
0.263123
0.173075
0.090123
0.016820
0.000000
-0.027123
-0.174431
-0.274498
-0.363843
-0.447784
-0.525300
-0.594280
-0.652675
-0.687792
-0.692822
-0.680066
-0.657466
-0.630083
-0.601074
-0.572354
-0.545028
-0.519681
-0.496573
-0.439837
-0.350907
-0.257570
-0.167826
-0.085348
-0.012654
0.000000
0.038799
0.181818
0.280897
0.369779
0.453219
0.530093
0.598292
0.655790
0.688484
0.692069
0.678500
0.655494
0.627957
0.598949
0.570320
0.543134
0.517950
0.495010
0.435090
0.345525
0.252215
0.162759
0.080734
0.008623
0.000000
-0.050021
-0.188904
-0.287025
-0.375459
-0.458412
-0.534667
-0.602113
-0.658749
-0.689127
-0.691331
-0.676989
-0.653594
-0.625912
-0.596907
-0.568366
-0.541315
-0.516288
-0.493510
-0.430545
-0.340372
-0.247088
-0.157907
-0.076315
-0.004763
0.000000
0.060777
0.195698
0.292902
0.380906
0.463395
0.539056
0.605782
0.661592
0.689748
0.690629
0.675544
0.651777
0.623955
0.594951
0.566495
0.539573
0.514696
0.492073
0.426090
0.335322
0.242071
0.153167
0.072008
0.001010
0.000000
-0.071350
-0.202396
-0.298709
-0.386295
-0.468329
-0.543409
-0.609425
-0.664421
-0.690368
-0.689932
-0.674107
-0.649970
-0.622009
-0.593007
-0.564635
-0.537841
-0.513113
-0.490645
-0.421197
-0.329764
-0.236568
-0.147995
-0.067336
0.000000
0.000000
0.080641
0.208537
0.304183
0.391478
0.473164
0.547763
0.613167
0.667437
0.691157
0.689387
0.672806
0.648283
0.620168
0.591155
0.562856
0.536180
0.511592
0.489270
0.416216
0.324049
0.230860
0.142584
0.062403
0.000000
0.000000
-0.089345
-0.214344
-0.309391
-0.396429
-0.477801
-0.551956
-0.616787
-0.670377
-0.691948
-0.688889
-0.671577
-0.646679
-0.618414
-0.589388
-0.561156
-0.534593
-0.510137
-0.487956
-0.411464
-0.318588
-0.225396
-0.137393
-0.057659
0.000000
0.000000
0.097737
0.219951
0.314426
0.401220
0.482292
0.556022
0.620304
0.673237
0.692732
0.688426
0.670406
0.645145
0.616733
0.587693
0.559525
0.533069
0.508741
0.486694
0.406922
0.313369
0.220175
0.132433
0.053127
0.000000
0.000000
-0.105767
-0.225318
-0.319247
-0.405809
-0.486593
-0.559917
-0.623673
-0.675979
-0.693484
-0.687985
-0.669286
-0.643676
-0.615123
-0.586070
-0.557963
-0.531610
-0.507404
-0.484872
-0.402239
-0.308132
-0.214993
-0.127553
-0.048710
0.000000
0.000000
0.113635
0.230559
0.323943
0.410271
0.490770
0.563691
0.626931
0.678623
0.694198
0.687541
0.668185
0.642238
0.613550
0.584485
0.556439
0.530186
0.506099
0.478907
0.395410
0.301398
0.208708
0.121928
0.043905
0.000000
0.000000
-0.122597
-0.236424
-0.329139
-0.415168
-0.495319
-0.567770
-0.630417
-0.680301
-0.694274
-0.686679
-0.666811
-0.640625
-0.611865
-0.582830
-0.554873
-0.528738
-0.504782
-0.472812
-0.388440
-0.294536
-0.202318
-0.116224
-0.039048
0.000000
0.000000
0.131984
0.242659
0.334725
0.420483
0.500308
0.572297
0.634346
0.681791
0.694275
0.685811
0.665473
0.639068
0.610248
0.581246
0.553376
0.527356
0.503526
0.466987
0.381792
0.288010
0.196257
0.110831
0.034474
0.000000
0.000000
-0.140949
-0.248637
-0.340096
-0.425606
-0.505127
-0.576682
-0.638166
-0.683267
-0.694319
-0.685016
-0.664222
-0.637606
-0.608723
-0.579751
-0.551961
-0.526049
-0.502337
-0.461409
-0.375431
-0.281771
-0.190470
-0.105690
-0.030122
0.000000
0.000000
0.149502
0.254341
0.345223
0.430497
0.509728
0.580868
0.641813
0.684674
0.694358
0.684255
0.663026
0.636206
0.607265
0.578320
0.550608
0.524798
0.501201
0.456064
0.369333
0.275790
0.184922
0.100760
0.025949
0.000000
-0.000830
-0.157674
-0.259901
-0.350236
-0.435265
-0.514192
-0.584907
-0.645308
-0.685991
-0.694347
-0.683468
-0.661820
-0.634807
-0.605813
-0.576899
-0.549265
-0.523559
-0.500074
-0.450870
-0.363412
-0.269980
-0.179531
-0.095967
-0.021888
0.000000
0.012689
0.165250
0.266514
0.356411
0.440956
0.519252
0.589188
0.648686
0.686838
0.693681
0.681947
0.659864
0.632680
0.603677
0.574849
0.547353
0.521809
0.498494
0.445659
0.357502
0.264127
0.174025
0.090987
0.017575
0.000000
-0.024989
-0.173074
-0.273319
-0.362745
-0.446776
-0.524408
-0.593529
-0.652087
-0.687653
-0.692950
-0.680344
-0.657821
-0.630467
-0.601459
-0.572723
-0.545372
-0.519996
-0.496857
-0.440697
-0.351881
-0.258539
-0.168741
-0.086181
-0.013381
0.000000
0.036767
0.180534
0.279786
0.368749
0.452277
0.529263
0.597598
0.655252
0.688366
0.692201
0.678774
0.655838
0.628327
0.599319
0.570674
0.543464
0.518251
0.495282
0.435916
0.346462
0.253147
0.163641
0.081537
0.009325
0.000000
-0.048068
-0.187671
-0.285959
-0.374470
-0.457508
-0.533871
-0.601448
-0.658234
-0.689015
-0.691460
-0.677252
-0.653925
-0.626268
-0.597262
-0.568706
-0.541631
-0.516577
-0.493771
-0.431335
-0.341268
-0.247980
-0.158751
-0.077084
-0.005434
0.000000
0.058906
0.194516
0.291880
0.379958
0.462528
0.538293
0.605143
0.661097
0.689640
0.690751
0.675795
0.652093
0.624295
0.595291
0.566821
0.539876
0.514972
0.492323
0.426946
0.336292
0.243029
0.154067
0.072819
0.001709
0.000000
-0.069291
-0.201076
-0.297555
-0.385218
-0.467339
-0.542532
-0.608686
-0.663842
-0.690240
-0.690073
-0.674399
-0.650338
-0.622405
-0.593403
-0.565014
-0.538194
-0.513435
-0.490936
-0.422194
-0.330904
-0.237704
-0.149071
-0.068316
0.000000
0.000000
0.078900
0.207373
0.303139
0.390484
0.472233
0.546920
0.612437
0.666844
0.690995
0.689483
0.673049
0.648601
0.620517
0.591507
0.563194
0.536496
0.511881
0.489532
0.417173
0.325149
0.231960
0.143627
0.063355
0.000000
0.000000
-0.087666
-0.213223
-0.308386
-0.395473
-0.476906
-0.551146
-0.616088
-0.669809
-0.691795
-0.688985
-0.671814
-0.646988
-0.618752
-0.589729
-0.561484
-0.534899
-0.510418
-0.488210
-0.412378
-0.319638
-0.226447
-0.138391
-0.058572
0.000000
0.000000
0.096121
0.218870
0.313456
0.400297
0.481426
0.555238
0.619626
0.672686
0.692580
0.688515
0.670631
0.645440
0.617056
0.588019
0.559839
0.533362
0.509010
0.486937
0.407796
0.314374
0.221180
0.133387
0.053999
0.000000
0.000000
-0.104221
-0.224286
-0.318320
-0.404926
-0.485766
-0.559167
-0.623025
-0.675452
-0.693339
-0.688070
-0.669501
-0.643959
-0.615433
-0.586382
-0.558264
-0.531890
-0.507661
-0.485717
-0.403406
-0.309330
-0.216134
-0.128594
-0.049619
0.000000
0.000000
0.111977
0.229469
0.322975
0.409356
0.489918
0.562927
0.626276
0.678097
0.694064
0.687641
0.668418
0.642539
0.613877
0.584813
0.556755
0.530480
0.506369
0.480167
0.396851
0.302814
0.210026
0.123104
0.044905
0.000000
0.000000
-0.120679
-0.235157
-0.328008
-0.414096
-0.494317
-0.566865
-0.629636
-0.680020
-0.694296
-0.686877
-0.667104
-0.640960
-0.612211
-0.583167
-0.555191
-0.529031
-0.505048
-0.474038
-0.389843
-0.295918
-0.203605
-0.117373
-0.040026
0.000000
0.000000
0.130093
0.241402
0.333598
0.419410
0.499300
0.571381
0.633550
0.681486
0.694270
0.685980
0.665737
0.639377
0.610570
0.581562
0.553674
0.527631
0.503777
0.468150
0.383119
0.289312
0.197464
0.111904
0.035383
0.000000
0.000000
-0.139160
-0.247442
-0.339022
-0.424581
-0.504162
-0.575803
-0.637400
-0.682970
-0.694309
-0.685174
-0.664472
-0.637897
-0.609028
-0.580049
-0.552244
-0.526310
-0.502575
-0.462526
-0.376705
-0.283021
-0.191629
-0.106719
-0.030994
0.000000
0.000000
0.147791
0.253200
0.344197
0.429519
0.508807
0.580031
0.641084
0.684393
0.694351
0.684408
0.663266
0.636486
0.607557
0.578607
0.550879
0.525049
0.501428
0.457134
0.370554
0.276987
0.186033
0.101747
0.026785
0.000000
0.000000
-0.156059
-0.258714
-0.349152
-0.434245
-0.513253
-0.584076
-0.644608
-0.685752
-0.694388
-0.683671
-0.662109
-0.635133
-0.606147
-0.577224
-0.549571
-0.523840
-0.500329
-0.451969
-0.364663
-0.271209
-0.180673
-0.096983
-0.022752
0.000000
0.010187
0.163657
0.265127
0.355118
0.439766
0.518197
0.588298
0.647987
0.686668
0.693827
0.682271
0.660279
0.633130
0.604129
0.575282
0.547757
0.522178
0.498827
0.446661
0.358639
0.265259
0.175096
0.091964
0.018429
0.000000
-0.022558
-0.171524
-0.271968
-0.361487
-0.445619
-0.523381
-0.592663
-0.651406
-0.687486
-0.693090
-0.680658
-0.658223
-0.630903
-0.601897
-0.573143
-0.545763
-0.520354
-0.497180
-0.441674
-0.352988
-0.259639
-0.169781
-0.087126
-0.014205
0.000000
0.034463
0.179078
0.278526
0.367582
0.451209
0.528322
0.596811
0.654643
0.688234
0.692353
0.679085
0.656229
0.628748
0.599740
0.571077
0.543838
0.518594
0.495591
0.436856
0.347527
0.254208
0.164644
0.082451
0.010124
0.000000
-0.045846
-0.186268
-0.284746
-0.373346
-0.456481
-0.532966
-0.600692
-0.657649
-0.688888
-0.691606
-0.677551
-0.654301
-0.626673
-0.597666
-0.569093
-0.541991
-0.516906
-0.494068
-0.432234
-0.342287
-0.248994
-0.159710
-0.077958
-0.006198
0.000000
0.056779
0.193172
0.290717
0.378881
0.461542
0.537424
0.604417
0.660534
0.689517
0.690890
0.676081
0.652452
0.624682
0.595678
0.567191
0.540221
0.515287
0.492607
0.427809
0.337271
0.244003
0.154988
0.073658
0.002441
0.000000
-0.067248
-0.199785
-0.296438
-0.384183
-0.466392
-0.541697
-0.607989
-0.663302
-0.690122
-0.690207
-0.674674
-0.650683
-0.622777
-0.593775
-0.565369
-0.538525
-0.513738
-0.491209
-0.423130
-0.331966
-0.238754
-0.150056
-0.069204
0.000000
0.000000
0.077289
0.206293
0.302166
0.389557
0.471362
0.546131
0.611753
0.666285
0.690839
0.689570
0.673273
0.648897
0.620841
0.591834
0.563509
0.536791
0.512151
0.489776
0.418082
0.326193
0.233003
0.144617
0.064257
0.000000
0.000000
-0.086080
-0.212165
-0.307438
-0.394573
-0.476063
-0.550385
-0.615431
-0.669276
-0.691653
-0.689077
-0.672039
-0.647282
-0.619073
-0.590052
-0.561795
-0.535189
-0.510684
-0.488450
-0.413241
-0.320631
-0.227441
-0.139336
-0.059436
0.000000
0.000000
0.094590
0.217847
0.312537
0.399422
0.480606
0.554495
0.618982
0.672162
0.692435
0.688598
0.670843
0.645719
0.617362
0.588327
0.560136
0.533640
0.509264
0.487167
0.408622
0.315323
0.222130
0.134289
0.054823
0.000000
0.000000
-0.102761
-0.223309
-0.317443
-0.404091
-0.484983
-0.558459
-0.622412
-0.674953
-0.693203
-0.688150
-0.669705
-0.644226
-0.615726
-0.586677
-0.558548
-0.532156
-0.507904
-0.485937
-0.404199
-0.310241
-0.217045
-0.129459
-0.050410
0.000000
0.000000
0.110577
0.228533
0.322135
0.408557
0.489169
0.562248
0.625690
0.677620
0.693933
0.687719
0.668614
0.642795
0.614158
0.585097
0.557027
0.530735
0.506602
0.481227
0.398065
0.304013
0.211146
0.124107
0.045763
0.000000
0.000000
-0.119091
-0.234120
-0.327092
-0.413233
-0.493517
-0.566150
-0.629026
-0.679815
-0.694336
-0.687058
-0.667360
-0.641249
-0.612507
-0.583455
-0.555461
-0.529279
-0.505273
-0.475065
-0.391018
-0.297076
-0.204685
-0.118340
-0.040852
0.000000
0.000000
0.128508
0.240350
0.332656
0.418514
0.498458
0.570617
0.632886
0.681231
0.694265
0.686122
0.665958
0.639635
0.610838
0.581825
0.553923
0.527861
0.503986
0.469118
0.384223
0.290394
0.198468
0.112796
0.036138
0.000000
0.000000
-0.137670
-0.246447
-0.338127
-0.423727
-0.503358
-0.575071
-0.636762
-0.682722
-0.694300
-0.685305
-0.664679
-0.638140
-0.609281
-0.580298
-0.552479
-0.526527
-0.502772
-0.463457
-0.377767
-0.284062
-0.192595
-0.107577
-0.031719
0.000000
0.000000
0.146366
0.252250
0.343344
0.428705
0.508042
0.579334
0.640477
0.684159
0.694345
0.684535
0.663466
0.636720
0.607801
0.578845
0.551105
0.525257
0.501618
0.458025
0.371571
0.277985
0.186959
0.102570
0.027481
0.000000
0.000000
-0.154691
-0.257802
-0.348333
-0.433463
-0.512518
-0.583407
-0.644025
-0.685527
-0.694382
-0.683793
-0.662300
-0.635357
-0.606380
-0.577452
-0.549787
-0.524040
-0.500511
-0.452823
-0.365637
-0.272163
-0.181558
-0.097771
-0.023418
0.000000
0.008236
0.162410
0.264037
0.354100
0.438828
0.517362
0.587591
0.647428
0.686527
0.693935
0.682521
0.660600
0.633480
0.604480
0.575619
0.548071
0.522466
0.499087
0.447437
0.359518
0.266135
0.175926
0.092721
0.019092
0.000000
-0.020665
-0.170315
-0.270913
-0.360502
-0.444712
-0.522575
-0.591982
-0.650870
-0.687352
-0.693197
-0.680901
-0.658535
-0.631242
-0.602237
-0.573469
-0.546068
-0.520633
-0.497432
-0.442435
-0.353849
-0.260494
-0.170589
-0.087861
-0.014846
0.000000
0.032672
0.177947
0.277547
0.366674
0.450379
0.527591
0.596201
0.654170
0.688132
0.692472
0.679328
0.656533
0.629076
0.600067
0.571390
0.544130
0.518860
0.495831
0.437587
0.348356
0.255033
0.165426
0.083163
0.010746
0.000000
-0.044117
-0.185177
-0.283802
-0.372472
-0.455682
-0.532262
-0.600104
-0.657194
-0.688789
-0.691719
-0.677784
-0.654593
-0.626988
-0.597981
-0.569394
-0.542271
-0.517162
-0.494299
-0.432933
-0.343080
-0.249782
-0.160457
-0.078637
-0.006791
0.000000
0.055124
0.192127
0.289813
0.378042
0.460775
0.536748
0.603852
0.660097
0.689421
0.690998
0.676303
0.652732
0.624983
0.595979
0.567479
0.540489
0.515532
0.492828
0.428479
0.338030
0.244759
0.155703
0.074309
0.003010
0.000000
-0.065663
-0.198784
-0.295572
-0.383381
-0.465658
-0.541050
-0.607448
-0.662883
-0.690031
-0.690310
-0.674887
-0.650951
-0.623066
-0.594063
-0.565645
-0.538782
-0.513972
-0.491421
-0.423855
-0.332788
-0.239566
-0.150818
-0.069891
0.000000
0.000000
0.076042
0.205457
0.301413
0.388839
0.470688
0.545519
0.611223
0.665853
0.690719
0.689637
0.673447
0.649125
0.621092
0.592087
0.563753
0.537019
0.512360
0.489965
0.418786
0.327002
0.233812
0.145384
0.064956
0.000000
0.000000
-0.084851
-0.211346
-0.306704
-0.393875
-0.475410
-0.549795
-0.614922
-0.668863
-0.691543
-0.689149
-0.672214
-0.647510
-0.619322
-0.590302
-0.562036
-0.535414
-0.510890
-0.488636
-0.413910
-0.321400
-0.228211
-0.140068
-0.060105
0.000000
0.000000
0.093405
0.217054
0.311825
0.398744
0.479970
0.553919
0.618484
0.671756
0.692323
0.688662
0.671008
0.645935
0.617599
0.588566
0.560366
0.533855
0.509461
0.487345
0.409262
0.316058
0.222865
0.134988
0.055461
0.000000
0.000000
-0.101630
-0.222553
-0.316763
-0.403445
-0.484377
-0.557910
-0.621937
-0.674567
-0.693097
-0.688213
-0.669863
-0.644433
-0.615953
-0.586906
-0.558768
-0.532362
-0.508093
-0.486108
-0.404813
-0.310946
-0.217751
-0.130130
-0.051023
0.000000
0.000000
0.109493
0.227809
0.321484
0.407937
0.488589
0.561723
0.625235
0.677251
0.693832
0.687779
0.668765
0.642994
0.614376
0.585316
0.557238
0.530932
0.506783
0.482049
0.399006
0.304941
0.212013
0.124884
0.046427
0.000000
0.000000
-0.117861
-0.233317
-0.326382
-0.412565
-0.492898
-0.565596
-0.628554
-0.679656
-0.694367
-0.687199
-0.667559
-0.641473
-0.612737
-0.583677
-0.555670
-0.529472
-0.505448
-0.475860
-0.391928
-0.297973
-0.205522
-0.119089
-0.041491
0.000000
0.000000
0.127280
0.239535
0.331926
0.417819
0.497806
0.570025
0.632372
0.681034
0.694262
0.686232
0.666130
0.639835
0.611046
0.582029
0.554116
0.528039
0.504148
0.469868
0.385077
0.291232
0.199246
0.113487
0.036723
0.000000
0.000000
-0.136516
-0.245676
-0.337434
-0.423065
-0.502735
-0.574504
-0.636267
-0.682530
-0.694293
-0.685406
-0.664839
-0.638328
-0.609477
-0.580490
-0.552661
-0.526695
-0.502925
-0.464178
-0.378589
-0.284868
-0.193342
-0.108241
-0.032281
0.000000
0.000000
0.145262
0.251514
0.342682
0.428074
0.507449
0.578795
0.640008
0.683978
0.694341
0.684634
0.663621
0.636901
0.607989
0.579030
0.551280
0.525419
0.501765
0.458716
0.372359
0.278758
0.187676
0.103207
0.028020
0.000000
0.000000
-0.153632
-0.257095
-0.347697
-0.432857
-0.511948
-0.582888
-0.643573
-0.685353
-0.694377
-0.683887
-0.662448
-0.635530
-0.606561
-0.577629
-0.549955
-0.524195
-0.500652
-0.453484
-0.366391
-0.272903
-0.182245
-0.098380
-0.023934
0.000000
0.006725
0.161444
0.263193
0.353311
0.438101
0.516715
0.587043
0.646996
0.686417
0.694019
0.682714
0.660849
0.633751
0.604752
0.575880
0.548315
0.522689
0.499289
0.448038
0.360200
0.266813
0.176569
0.093307
0.019605
0.000000
-0.019198
-0.169378
-0.270096
-0.359740
-0.444010
-0.521951
-0.591455
-0.650455
-0.687249
-0.693280
-0.681089
-0.658777
-0.631505
-0.602501
-0.573722
-0.546303
-0.520849
-0.497627
-0.443024
-0.354516
-0.261157
-0.171215
-0.088430
-0.015343
0.000000
0.031284
0.177070
0.276789
0.365972
0.449736
0.527025
0.595728
0.653804
0.688053
0.692564
0.679516
0.656769
0.629330
0.600321
0.571632
0.544355
0.519066
0.496017
0.438153
0.348999
0.255673
0.166031
0.083714
0.011227
0.000000
-0.042777
-0.184331
-0.283071
-0.371795
-0.455062
-0.531717
-0.599649
-0.656842
-0.688713
-0.691808
-0.677964
-0.654820
-0.627232
-0.598225
-0.569627
-0.542488
-0.517360
-0.494478
-0.433475
-0.343694
-0.250393
-0.161035
-0.079164
-0.007251
0.000000
0.053842
0.191317
0.289112
0.377392
0.460181
0.536225
0.603415
0.659757
0.689347
0.691081
0.676475
0.652949
0.625217
0.596212
0.567702
0.540696
0.515722
0.493000
0.428998
0.338619
0.245344
0.156257
0.074813
0.003450
0.000000
-0.064436
-0.198009
-0.294902
-0.382759
-0.465089
-0.540550
-0.607030
-0.662559
-0.689960
-0.690390
-0.675052
-0.651159
-0.623289
-0.594286
-0.565859
-0.538981
-0.514154
-0.491585
-0.424417
-0.333424
-0.240195
-0.151408
-0.070423
0.000000
0.000000
0.075076
0.204809
0.300830
0.388283
0.470166
0.545046
0.610813
0.665518
0.690626
0.689689
0.673582
0.649302
0.621286
0.592283
0.563941
0.537195
0.512521
0.490111
0.419331
0.327629
0.234438
0.145977
0.065498
0.000000
0.000000
-0.083899
-0.210712
-0.306135
-0.393334
-0.474904
-0.549337
-0.614527
-0.668543
-0.691458
-0.689205
-0.672350
-0.647686
-0.619515
-0.590496
-0.562222
-0.535588
-0.511049
-0.488780
-0.414429
-0.321996
-0.228808
-0.140635
-0.060624
0.000000
0.000000
0.092486
0.216440
0.311273
0.398219
0.479478
0.553473
0.618098
0.671442
0.692236
0.688712
0.671135
0.646102
0.617782
0.588751
0.560544
0.534021
0.509613
0.487482
0.409758
0.316628
0.223435
0.135529
0.055955
0.000000
0.000000
-0.100753
-0.221967
-0.316237
-0.402944
-0.483908
-0.557485
-0.621569
-0.674268
-0.693015
-0.688261
-0.669986
-0.644594
-0.616129
-0.587083
-0.558939
-0.532521
-0.508239
-0.486240
-0.405288
-0.311493
-0.218298
-0.130650
-0.051497
0.000000
0.000000
0.108652
0.227247
0.320980
0.407458
0.488139
0.561316
0.624883
0.676964
0.693754
0.687825
0.668883
0.643148
0.614544
0.585486
0.557402
0.531085
0.506923
0.482685
0.399735
0.305661
0.212685
0.125486
0.046942
0.000000
0.000000
-0.116908
-0.232696
-0.325832
-0.412048
-0.492418
-0.565166
-0.628188
-0.679533
-0.694391
-0.687308
-0.667713
-0.641647
-0.612914
-0.583850
-0.555832
-0.529621
-0.505583
-0.476476
-0.392633
-0.298668
-0.206171
-0.119669
-0.041987
0.000000
0.000000
0.126329
0.238904
0.331360
0.417281
0.497301
0.569566
0.631973
0.680881
0.694259
0.686317
0.666262
0.639990
0.611207
0.582187
0.554265
0.528177
0.504273
0.470449
0.385740
0.291881
0.199848
0.114022
0.037176
0.000000
0.000000
-0.135623
-0.245080
-0.336897
-0.422553
-0.502252
-0.574064
-0.635884
-0.682381
-0.694288
-0.685485
-0.664963
-0.638473
-0.609629
-0.580639
-0.552802
-0.526825
-0.503044
-0.464736
-0.379226
-0.285493
-0.193922
-0.108755
-0.032716
0.000000
0.000000
0.144407
0.250944
0.342170
0.427586
0.506989
0.578377
0.639644
0.683838
0.694337
0.684710
0.663740
0.637041
0.608135
0.579173
0.551415
0.525544
0.501879
0.459251
0.372969
0.279356
0.188231
0.103700
0.028438
0.000000
0.000000
-0.152811
-0.256548
-0.347206
-0.432388
-0.511506
-0.582486
-0.643223
-0.685218
-0.694373
-0.683960
-0.662563
-0.635664
-0.606701
-0.577767
-0.550084
-0.524314
-0.500761
-0.453996
-0.366975
-0.273476
-0.182776
-0.098853
-0.024334
0.000000
0.005555
0.160695
0.262539
0.352701
0.437538
0.516214
0.586619
0.646660
0.686333
0.694084
0.682864
0.661042
0.633960
0.604962
0.576082
0.548504
0.522862
0.499445
0.448503
0.360728
0.267339
0.177067
0.093762
0.020003
0.000000
-0.018062
-0.168652
-0.269463
-0.359149
-0.443466
-0.521468
-0.591046
-0.650133
-0.687168
-0.693344
-0.681235
-0.658964
-0.631708
-0.602705
-0.573918
-0.546486
-0.521016
-0.497778
-0.443480
-0.355032
-0.261670
-0.171701
-0.088871
-0.015727
0.000000
0.030209
0.176391
0.276201
0.365427
0.449238
0.526587
0.595361
0.653520
0.687992
0.692635
0.679661
0.656952
0.629527
0.600517
0.571820
0.544530
0.519226
0.496162
0.438592
0.349497
0.256168
0.166500
0.084141
0.011600
0.000000
-0.041739
-0.183676
-0.282505
-0.371270
-0.454583
-0.531295
-0.599296
-0.656569
-0.688654
-0.691876
-0.678104
-0.654996
-0.627421
-0.598413
-0.569808
-0.542657
-0.517514
-0.494616
-0.433895
-0.344169
-0.250867
-0.161483
-0.079572
-0.007608
0.000000
0.052848
0.190689
0.288569
0.376889
0.459720
0.535819
0.603076
0.659495
0.689289
0.691146
0.676608
0.653116
0.625397
0.596393
0.567874
0.540857
0.515869
0.493132
0.429400
0.339074
0.245797
0.156686
0.075203
0.003791
0.000000
-0.063485
-0.197408
-0.294382
-0.382277
-0.464649
-0.540162
-0.606705
-0.662307
-0.689905
-0.690453
-0.675180
-0.651319
-0.623462
-0.594459
-0.566024
-0.539135
-0.514295
-0.491712
-0.424852
-0.333918
-0.240683
-0.151866
-0.070835
0.000000
0.000000
0.074328
0.204307
0.300378
0.387852
0.469762
0.544679
0.610494
0.665258
0.690554
0.689729
0.673686
0.649439
0.621437
0.592435
0.564088
0.537332
0.512647
0.490224
0.419753
0.328115
0.234923
0.146437
0.065917
0.000000
0.000000
-0.083161
-0.210220
-0.305695
-0.392916
-0.474512
-0.548983
-0.614222
-0.668295
-0.691392
-0.689248
-0.672455
-0.647823
-0.619664
-0.590647
-0.562366
-0.535723
-0.511173
-0.488892
-0.414830
-0.322457
-0.229270
-0.141074
-0.061025
0.000000
0.000000
0.091775
0.215965
0.310846
0.397812
0.479096
0.553127
0.617799
0.671198
0.692169
0.688750
0.671234
0.646232
0.617924
0.588895
0.560682
0.534150
0.509732
0.487589
0.410142
0.317069
0.223876
0.135948
0.056338
0.000000
0.000000
-0.100074
-0.221513
-0.315830
-0.402556
-0.483544
-0.557156
-0.621285
-0.674036
-0.692951
-0.688298
-0.670081
-0.644718
-0.616265
-0.587221
-0.559071
-0.532645
-0.508352
-0.486342
-0.405657
-0.311916
-0.218722
-0.131052
-0.051865
0.000000
0.000000
0.108002
0.226812
0.320589
0.407086
0.487791
0.561001
0.624611
0.676742
0.693693
0.687861
0.668974
0.643267
0.614675
0.585618
0.557528
0.531203
0.507031
0.483178
0.400299
0.306218
0.213205
0.125952
0.047341
0.000000
0.000000
-0.116170
-0.232214
-0.325406
-0.411647
-0.492046
-0.564834
-0.627905
-0.679398
-0.694388
-0.687381
-0.667828
-0.641781
-0.613054
-0.583987
-0.555962
-0.529741
-0.505692
-0.476979
-0.393208
-0.299234
-0.206698
-0.120139
-0.042388
0.000000
0.000000
0.125555
0.238390
0.330900
0.416843
0.496890
0.569193
0.631650
0.680758
0.694259
0.686388
0.666372
0.640118
0.611340
0.582317
0.554389
0.528291
0.504376
0.470928
0.386287
0.292418
0.200347
0.114465
0.037552
0.000000
0.000000
-0.134885
-0.244588
-0.336455
-0.422131
-0.501856
-0.573703
-0.635569
-0.682260
-0.694284
-0.685550
-0.665066
-0.638594
-0.609754
-0.580762
-0.552918
-0.526933
-0.503142
-0.465196
-0.379750
-0.286006
-0.194398
-0.109179
-0.033075
0.000000
0.000000
0.143703
0.250474
0.341748
0.427183
0.506611
0.578032
0.639343
0.683722
0.694334
0.684773
0.663839
0.637156
0.608255
0.579291
0.551527
0.525647
0.501972
0.459691
0.373471
0.279849
0.188688
0.104106
0.028782
0.000000
0.000000
-0.152136
-0.256097
-0.346801
-0.432002
-0.511144
-0.582156
-0.642936
-0.685107
-0.694370
-0.684020
-0.662657
-0.635775
-0.606816
-0.577880
-0.550191
-0.524413
-0.500850
-0.454417
-0.367456
-0.273948
-0.183214
-0.099241
-0.024663
0.000000
0.004592
0.160080
0.262002
0.352198
0.437074
0.515802
0.586270
0.646385
0.686263
0.694138
0.682987
0.661201
0.634133
0.605136
0.576249
0.548659
0.523004
0.499573
0.448956
0.361241
0.267846
0.177542
0.094189
0.020370
0.000000
-0.017015
-0.167987
-0.268886
-0.358612
-0.442973
-0.521033
-0.590680
-0.649847
-0.687101
-0.693408
-0.681372
-0.659138
-0.631897
-0.602894
-0.574099
-0.546655
-0.521170
-0.497917
-0.443904
-0.355513
-0.262148
-0.172152
-0.089282
-0.016086
0.000000
0.029199
0.175750
0.275645
0.364910
0.448764
0.526167
0.595009
0.653246
0.687928
0.692698
0.679794
0.657121
0.629710
0.600700
0.571995
0.544693
0.519376
0.496296
0.439001
0.349960
0.256629
0.166936
0.084538
0.011947
0.000000
-0.040774
-0.183066
-0.281977
-0.370781
-0.454135
-0.530901
-0.598967
-0.656313
-0.688598
-0.691939
-0.678234
-0.655159
-0.627597
-0.598589
-0.569976
-0.542813
-0.517657
-0.494746
-0.434287
-0.344614
-0.251309
-0.161901
-0.079953
-0.007941
0.000000
0.051921
0.190103
0.288062
0.376420
0.459291
0.535441
0.602760
0.659250
0.689236
0.691207
0.676733
0.653273
0.625566
0.596561
0.568036
0.541007
0.516006
0.493256
0.429776
0.339500
0.246221
0.157086
0.075568
0.004110
0.000000
-0.062597
-0.196847
-0.293897
-0.381827
-0.464237
-0.539799
-0.606402
-0.662073
-0.689854
-0.690511
-0.675299
-0.651470
-0.623624
-0.594621
-0.566179
-0.539279
-0.514426
-0.491830
-0.425258
-0.334378
-0.241138
-0.152293
-0.071220
-0.000330
0.000000
0.073352
0.203681
0.299831
0.387342
0.469292
0.544263
0.610144
0.664984
0.690493
0.689796
0.673824
0.649614
0.621624
0.592623
0.564267
0.537499
0.512799
0.490362
0.420227
0.328655
0.235462
0.146948
0.066382
0.000000
0.000000
-0.082335
-0.209668
-0.305199
-0.392444
-0.474070
-0.548583
-0.613876
-0.668014
-0.691315
-0.689294
-0.672570
-0.647974
-0.619829
-0.590813
-0.562527
-0.535873
-0.511310
-0.489016
-0.415284
-0.322979
-0.229791
-0.141569
-0.061477
0.000000
0.000000
0.090978
0.215433
0.310369
0.397359
0.478671
0.552743
0.617467
0.670929
0.692097
0.688796
0.671346
0.646378
0.618085
0.589056
0.560838
0.534295
0.509865
0.487710
0.410576
0.317567
0.224375
0.136422
0.056771
0.000000
0.000000
-0.099308
-0.221001
-0.315369
-0.402118
-0.483133
-0.556784
-0.620963
-0.673774
-0.692879
-0.688340
-0.670187
-0.644858
-0.616418
-0.587376
-0.559220
-0.532784
-0.508480
-0.486457
-0.406071
-0.312393
-0.219198
-0.131505
-0.052279
0.000000
0.000000
0.107269
0.226322
0.320149
0.406667
0.487398
0.560645
0.624303
0.676492
0.693624
0.687902
0.669076
0.643401
0.614822
0.585766
0.557671
0.531336
0.507153
0.483733
0.400935
0.306845
0.213791
0.126477
0.047790
0.000000
0.000000
-0.115339
-0.231671
-0.324927
-0.411196
-0.491628
-0.564459
-0.627585
-0.679144
-0.694325
-0.687434
-0.667945
-0.641931
-0.613217
-0.584150
-0.556118
-0.529887
-0.505826
-0.477611
-0.393930
-0.299944
-0.207357
-0.120726
-0.042885
0.000000
0.000000
0.124585
0.237746
0.330323
0.416294
0.496375
0.568727
0.631245
0.680608
0.694264
0.686483
0.666516
0.640284
0.611513
0.582485
0.554547
0.528438
0.504510
0.471546
0.386992
0.293113
0.200993
0.115042
0.038042
0.000000
0.000000
-0.133934
-0.243955
-0.335887
-0.421591
-0.501348
-0.573242
-0.635168
-0.682106
-0.694281
-0.685636
-0.665199
-0.638749
-0.609916
-0.580921
-0.553068
-0.527072
-0.503268
-0.465783
-0.380420
-0.286663
-0.195008
-0.109720
-0.033533
0.000000
0.000000
0.142800
0.249872
0.341207
0.426666
0.506124
0.577589
0.638957
0.683573
0.694329
0.684853
0.663965
0.637304
0.608409
0.579442
0.551669
0.525779
0.502092
0.460254
0.374114
0.280479
0.189272
0.104625
0.029221
0.000000
0.000000
-0.151272
-0.255522
-0.346284
-0.431509
-0.510679
-0.581734
-0.642568
-0.684965
-0.694366
-0.684097
-0.662778
-0.635916
-0.606963
-0.578024
-0.550328
-0.524539
-0.500965
-0.454957
-0.368071
-0.274552
-0.183774
-0.099739
-0.025085
0.000000
0.003359
0.159291
0.261313
0.351555
0.436481
0.515274
0.585823
0.646032
0.686174
0.694206
0.683145
0.661404
0.634354
0.605358
0.576462
0.548858
0.523186
0.499737
0.449584
0.361953
0.268545
0.178194
0.094772
0.020868
0.000000
-0.015596
-0.167090
-0.268108
-0.357890
-0.442312
-0.520449
-0.590191
-0.649466
-0.687015
-0.693498
-0.681561
-0.659376
-0.632154
-0.603151
-0.574345
-0.546884
-0.521380
-0.498106
-0.444479
-0.356165
-0.262797
-0.172766
-0.089841
-0.016574
0.000000
0.027818
0.174873
0.274882
0.364200
0.448112
0.525590
0.594524
0.652866
0.687838
0.692780
0.679975
0.657351
0.629958
0.600949
0.572234
0.544916
0.519579
0.496480
0.439557
0.350590
0.257255
0.167528
0.085076
0.012417
0.000000
-0.039460
-0.182236
-0.281258
-0.370115
-0.453526
-0.530364
-0.598518
-0.655965
-0.688522
-0.692025
-0.678411
-0.655382
-0.627836
-0.598829
-0.570205
-0.543026
-0.517852
-0.494922
-0.434821
-0.345220
-0.251912
-0.162472
-0.080472
-0.008395
0.000000
0.050657
0.189306
0.287373
0.375780
0.458706
0.534926
0.602330
0.658917
0.689163
0.691290
0.676903
0.653487
0.625796
0.596791
0.568256
0.541212
0.516193
0.493425
0.430287
0.340080
0.246798
0.157632
0.076065
0.004544
0.000000
-0.061387
-0.196083
-0.293235
-0.381215
-0.463677
-0.539305
-0.605990
-0.661753
-0.689784
-0.690590
-0.675462
-0.651674
-0.623844
-0.594840
-0.566389
-0.539474
-0.514605
-0.491992
-0.425811
-0.335006
-0.241758
-0.152875
-0.071744
-0.000782
0.000000
0.072020
0.202827
0.299085
0.386645
0.468652
0.543695
0.609666
0.664609
0.690410
0.689887
0.674013
0.649851
0.621880
0.592878
0.564512
0.537727
0.513008
0.490550
0.420872
0.329393
0.236197
0.147644
0.067016
0.000000
0.000000
-0.081209
-0.208916
-0.304523
-0.391802
-0.473468
-0.548038
-0.613404
-0.667630
-0.691210
-0.689356
-0.672727
-0.648179
-0.620055
-0.591041
-0.562746
-0.536077
-0.511497
-0.489185
-0.415904
-0.323691
-0.230502
-0.142244
-0.062093
0.000000
0.000000
0.089892
0.214708
0.309719
0.396740
0.478092
0.552220
0.617015
0.670561
0.691998
0.688858
0.671499
0.646578
0.618304
0.589277
0.561050
0.534493
0.510046
0.487874
0.411167
0.318246
0.225054
0.137068
0.057362
0.000000
0.000000
-0.098263
-0.220302
-0.314742
-0.401521
-0.482574
-0.556277
-0.620524
-0.673417
-0.692781
-0.688398
-0.670333
-0.645049
-0.616627
-0.587587
-0.559423
-0.532973
-0.508653
-0.486615
-0.406637
-0.313042
-0.219848
-0.132122
-0.052843
0.000000
0.000000
0.106270
0.225655
0.319549
0.406096
0.486863
0.560161
0.623884
0.676151
0.693531
0.687957
0.669215
0.643584
0.615022
0.585968
0.557865
0.531518
0.507320
0.484490
0.401803
0.307701
0.214590
0.127193
0.048402
0.000000
0.000000
-0.114206
-0.230932
-0.324273
-0.410581
-0.491057
-0.563948
-0.627150
-0.678797
-0.694240
-0.687505
-0.668104
-0.642135
-0.613438
-0.584373
-0.556332
-0.530086
-0.506008
-0.478473
-0.394915
-0.300911
-0.208256
-0.121526
-0.043564
0.000000
0.000000
0.123262
0.236867
0.329535
0.415545
0.495673
0.568091
0.630694
0.680404
0.694271
0.686613
0.666713
0.640511
0.611747
0.582715
0.554764
0.528637
0.504691
0.472388
0.387955
0.294060
0.201874
0.115828
0.038711
0.000000
0.000000
-0.132637
-0.243093
-0.335114
-0.420854
-0.500656
-0.572613
-0.634622
-0.681896
-0.694277
-0.685752
-0.665381
-0.638962
-0.610137
-0.581137
-0.553273
-0.527261
-0.503440
-0.466583
-0.381333
-0.287559
-0.195839
-0.110459
-0.034159
0.000000
0.000000
0.141569
0.249050
0.340468
0.425961
0.505461
0.576986
0.638431
0.683369
0.694322
0.684961
0.664136
0.637504
0.608618
0.579647
0.551863
0.525958
0.502255
0.461022
0.374990
0.281338
0.190069
0.105333
0.029821
0.000000
0.000000
-0.150095
-0.254736
-0.345578
-0.430836
-0.510046
-0.581158
-0.642066
-0.684771
-0.694361
-0.684202
-0.662943
-0.636109
-0.607164
-0.578221
-0.550514
-0.524712
-0.501122
-0.455693
-0.368911
-0.275375
-0.184538
-0.100418
-0.025659
0.000000
0.001677
0.158216
0.260374
0.350677
0.435672
0.514554
0.585214
0.645550
0.686052
0.694300
0.683360
0.661681
0.634655
0.605660
0.576753
0.549129
0.523434
0.499961
0.450439
0.362923
0.269500
0.179083
0.095566
0.021546
0.000000
-0.013662
-0.165866
-0.267048
-0.356906
-0.441410
-0.519653
-0.589524
-0.648947
-0.686898
-0.693619
-0.681817
-0.659701
-0.632504
-0.603501
-0.574680
-0.547196
-0.521665
-0.498364
-0.445264
-0.357054
-0.263681
-0.173603
-0.090604
-0.017240
0.000000
0.025936
0.173676
0.273842
0.363233
0.447224
0.524804
0.593862
0.652348
0.687715
0.692893
0.680221
0.657664
0.630297
0.601289
0.572559
0.545219
0.519856
0.496731
0.440315
0.351449
0.258109
0.168335
0.085811
0.013058
0.000000
-0.037669
-0.181104
-0.280279
-0.369207
-0.452695
-0.529632
-0.597906
-0.655491
-0.688419
-0.692142
-0.678652
-0.655685
-0.628163
-0.599155
-0.570517
-0.543317
-0.518118
-0.495161
-0.435549
-0.346046
-0.252734
-0.163249
-0.081180
-0.009013
0.000000
0.048935
0.188218
0.286432
0.374909
0.457910
0.534224
0.601743
0.658463
0.689065
0.691403
0.677135
0.653778
0.626110
0.597104
0.568555
0.541491
0.516448
0.493655
0.430984
0.340870
0.247584
0.158376
0.076743
0.005136
0.000000
-0.059737
-0.195041
-0.292334
-0.380379
-0.462913
-0.538632
-0.605427
-0.661317
-0.689688
-0.690697
-0.675683
-0.651953
-0.624144
-0.595140
-0.566676
-0.539742
-0.514850
-0.492212
-0.426566
-0.335861
-0.242604
-0.153668
-0.072459
-0.001399
0.000000
0.070205
0.201662
0.298067
0.385696
0.467779
0.542921
0.609014
0.664099
0.690297
0.690011
0.674270
0.650175
0.622229
0.593227
0.564846
0.538037
0.513292
0.490807
0.421751
0.330398
0.237200
0.148593
0.067881
0.000000
0.000000
-0.079673
-0.207890
-0.303602
-0.390925
-0.472646
-0.547294
-0.612761
-0.667107
-0.691067
-0.689440
-0.672941
-0.648460
-0.620362
-0.591351
-0.563044
-0.536356
-0.511753
-0.489416
-0.416748
-0.324661
-0.231472
-0.143164
-0.062932
0.000000
0.000000
0.088412
0.213720
0.308832
0.395898
0.477303
0.551506
0.616398
0.670061
0.691863
0.688942
0.671708
0.646851
0.618602
0.589578
0.561339
0.534763
0.510293
0.488097
0.411972
0.319172
0.225981
0.137948
0.058167
0.000000
0.000000
-0.096838
-0.219350
-0.313887
-0.400707
-0.481811
-0.555586
-0.619927
-0.672931
-0.692647
-0.688476
-0.670531
-0.645309
-0.616913
-0.587874
-0.559700
-0.533232
-0.508890
-0.486829
-0.407408
-0.313928
-0.220734
-0.132963
-0.053612
0.000000
0.000000
0.104907
0.224744
0.318732
0.405318
0.486133
0.559500
0.623313
0.675686
0.693404
0.688032
0.669406
0.643833
0.615295
0.586243
0.558130
0.531766
0.507547
0.485523
0.402985
0.308867
0.215680
0.128169
0.049237
0.000000
0.000000
-0.112661
-0.229923
-0.323381
-0.409742
-0.490279
-0.563252
-0.626557
-0.678325
-0.694124
-0.687602
-0.668322
-0.642414
-0.613741
-0.584676
-0.556623
-0.530357
-0.506256
-0.479649
-0.396257
-0.302230
-0.209481
-0.122616
-0.044489
0.000000
0.000000
0.121460
0.235669
0.328462
0.414524
0.494716
0.567223
0.629943
0.680125
0.694280
0.686791
0.666980
0.640820
0.612067
0.583027
0.555059
0.528910
0.504938
0.473535
0.389267
0.295350
0.203076
0.116900
0.039623
0.000000
0.000000
-0.130870
-0.241918
-0.334060
-0.419850
-0.499713
-0.571756
-0.633876
-0.681611
-0.694272
-0.685911
-0.665629
-0.639251
-0.610438
-0.581433
-0.553552
-0.527519
-0.503674
-0.467675
-0.382577
-0.288780
-0.196971
-0.111466
-0.035012
0.000000
0.000000
0.139891
0.247930
0.339461
0.425001
0.504557
0.576163
0.637714
0.683091
0.694313
0.685110
0.664370
0.637778
0.608903
0.579927
0.552128
0.526203
0.502478
0.462069
0.376184
0.282510
0.191156
0.106299
0.030638
0.000000
0.000000
-0.148490
-0.253666
-0.344616
-0.429918
-0.509183
-0.580373
-0.641382
-0.684508
-0.694354
-0.684345
-0.663168
-0.636372
-0.607438
-0.578490
-0.550768
-0.524946
-0.501335
-0.456696
-0.370055
-0.276498
-0.185579
-0.101343
-0.026443
0.000000
0.000000
0.156730
0.259162
0.349555
0.434629
0.513614
0.584404
0.644894
0.685863
0.694391
0.683611
0.662015
0.635023
0.606033
0.577111
0.549465
0.523742
0.500240
0.451550
0.364185
0.270740
0.180238
0.096597
0.022424
0.000000
-0.011144
-0.164269
-0.265661
-0.355617
-0.440227
-0.518607
-0.588645
-0.648261
-0.686738
-0.693774
-0.682149
-0.660121
-0.632959
-0.603956
-0.575117
-0.547603
-0.522037
-0.498699
-0.446280
-0.358207
-0.264829
-0.174689
-0.091592
-0.018104
0.000000
0.023487
0.172118
0.272486
0.361970
0.446064
0.523776
0.592997
0.651670
0.687552
0.693038
0.680539
0.658070
0.630737
0.601730
0.572983
0.545614
0.520217
0.497056
0.441301
0.352565
0.259219
0.169384
0.086765
0.013891
0.000000
-0.035342
-0.179634
-0.279006
-0.368027
-0.451616
-0.528681
-0.597111
-0.654875
-0.688284
-0.692295
-0.678966
-0.656080
-0.628588
-0.599579
-0.570923
-0.543695
-0.518463
-0.495473
-0.436497
-0.347120
-0.253803
-0.164261
-0.082102
-0.009818
0.000000
0.046695
0.186804
0.285209
0.373776
0.456873
0.533312
0.600981
0.657872
0.688936
0.691550
0.677437
0.654157
0.626518
0.597512
0.568945
0.541854
0.516780
0.493954
0.431891
0.341898
0.248607
0.159344
0.077624
0.005906
0.000000
-0.057591
-0.193685
-0.291161
-0.379292
-0.461919
-0.537756
-0.604695
-0.660749
-0.689564
-0.690837
-0.675972
-0.652315
-0.624534
-0.595530
-0.567049
-0.540089
-0.515167
-0.492499
-0.427480
-0.336898
-0.243632
-0.154637
-0.073338
-0.002162
0.000000
0.068025
0.200276
0.296863
0.384577
0.466752
0.542014
0.608254
0.663507
0.690167
0.690156
0.674569
0.650552
0.622635
0.593633
0.565234
0.538399
0.513622
0.491105
0.422774
0.331562
0.238355
0.149682
0.068867
0.000000
0.000000
-0.077901
-0.206704
-0.302536
-0.389909
-0.471693
-0.546431
-0.612013
-0.666498
-0.690898
-0.689537
-0.673188
-0.648784
-0.620718
-0.591710
-0.563389
-0.536679
-0.512048
-0.489683
-0.417736
-0.325796
-0.232607
-0.144241
-0.063914
0.000000
0.000000
0.086683
0.212567
0.307799
0.394915
0.476383
0.550674
0.615681
0.669478
0.691707
0.689042
0.671954
0.647170
0.618951
0.589929
0.561677
0.535079
0.510583
0.488359
0.412913
0.320254
0.227063
0.138977
0.059107
0.000000
0.000000
-0.095172
-0.218236
-0.312886
-0.399755
-0.480918
-0.554777
-0.619227
-0.672361
-0.692490
-0.688566
-0.670763
-0.645613
-0.617246
-0.588210
-0.560023
-0.533534
-0.509167
-0.487079
-0.408308
-0.314962
-0.221769
-0.133946
-0.054510
0.000000
0.000000
0.103316
0.223680
0.317776
0.404409
0.485281
0.558728
0.622645
0.675143
0.693255
0.688120
0.669628
0.644124
0.615614
0.586565
0.558440
0.532055
0.507812
0.485854
0.403897
0.309895
0.216699
0.129130
0.050109
0.000000
0.000000
-0.111109
-0.228889
-0.322454
-0.408861
-0.489454
-0.562506
-0.625913
-0.677802
-0.693983
-0.687689
-0.668539
-0.642698
-0.614051
-0.584989
-0.556924
-0.530638
-0.506513
-0.480824
-0.397603
-0.303557
-0.210720
-0.123726
-0.045437
0.000000
0.000000
0.119695
0.234514
0.327440
0.413561
0.493822
0.566422
0.629258
0.679893
0.694321
0.686989
0.667263
0.641139
0.612395
0.583346
0.555358
0.529185
0.505188
0.474675
0.390571
0.296636
0.204274
0.117972
0.040538
0.000000
0.000000
-0.129111
-0.240750
-0.333014
-0.418855
-0.498778
-0.570908
-0.633139
-0.681328
-0.694267
-0.686068
-0.665874
-0.639537
-0.610736
-0.581725
-0.553829
-0.527774
-0.503906
-0.468750
-0.383803
-0.289982
-0.198087
-0.112457
-0.035851
0.000000
0.000000
0.138237
0.246825
0.338467
0.424052
0.503664
0.575349
0.637005
0.682816
0.694303
0.685255
0.664600
0.638048
0.609185
0.580203
0.552389
0.526444
0.502697
0.463103
0.377363
0.283666
0.192228
0.107251
0.031443
0.000000
0.000000
-0.146907
-0.252611
-0.343668
-0.429014
-0.508333
-0.579599
-0.640708
-0.684248
-0.694347
-0.684487
-0.663390
-0.636631
-0.607708
-0.578755
-0.551019
-0.525178
-0.501546
-0.457686
-0.371185
-0.277606
-0.186607
-0.102257
-0.027216
0.000000
0.000000
0.155211
0.258148
0.348644
0.433760
0.512797
0.583661
0.644247
0.685613
0.694384
0.683746
0.662227
0.635272
0.606292
0.577365
0.549705
0.523964
0.500442
0.452498
0.365266
0.271800
0.181222
0.097471
0.023165
0.000000
-0.008978
-0.162884
-0.264451
-0.354487
-0.439185
-0.517679
-0.587860
-0.647641
-0.686581
-0.693894
-0.682426
-0.660478
-0.633347
-0.604346
-0.575491
-0.547952
-0.522356
-0.498988
-0.447142
-0.359184
-0.265802
-0.175611
-0.092433
-0.018840
0.000000
0.021385
0.170775
0.271314
0.360877
0.445057
0.522881
0.592241
0.651074
0.687403
0.693157
0.680809
0.658416
0.631114
0.602108
0.573345
0.545952
0.520527
0.497336
0.442146
0.353522
0.260169
0.170282
0.087582
0.014603
0.000000
-0.033353
-0.178377
-0.277919
-0.367019
-0.450694
-0.527869
-0.596433
-0.654350
-0.688171
-0.692427
-0.679235
-0.656418
-0.628952
-0.599943
-0.571271
-0.544019
-0.518759
-0.495740
-0.437309
-0.348041
-0.254719
-0.165129
-0.082892
-0.010509
0.000000
0.044774
0.185592
0.284161
0.372805
0.455986
0.532530
0.600328
0.657367
0.688827
0.691676
0.677695
0.654482
0.626868
0.597861
0.569279
0.542165
0.517064
0.494211
0.432668
0.342778
0.249483
0.160173
0.078379
0.006566
0.000000
-0.055753
-0.192524
-0.290157
-0.378361
-0.461067
-0.537005
-0.604067
-0.660263
-0.689457
-0.690957
-0.676218
-0.652626
-0.624869
-0.595865
-0.567369
-0.540387
-0.515439
-0.492744
-0.428224
-0.337741
-0.244471
-0.155431
-0.074061
-0.002794
0.000000
0.066266
0.199164
0.295901
0.383686
0.465937
0.541296
0.607654
0.663042
0.690065
0.690271
0.674806
0.650849
0.622956
0.593953
0.565540
0.538684
0.513883
0.491340
0.423580
0.332475
0.239257
0.150528
0.069630
0.000000
0.000000
-0.076516
-0.205775
-0.301699
-0.389112
-0.470945
-0.545752
-0.611425
-0.666017
-0.690765
-0.689611
-0.673381
-0.649038
-0.620996
-0.591991
-0.563660
-0.536932
-0.512280
-0.489893
-0.418518
-0.326695
-0.233505
-0.145092
-0.064691
0.000000
0.000000
0.085318
0.211658
0.306983
0.394140
0.475658
0.550019
0.615115
0.669020
0.691585
0.689122
0.672148
0.647423
0.619227
0.590207
0.561944
0.535329
0.510811
0.488565
0.413656
0.321108
0.227918
0.139790
0.059851
0.000000
0.000000
-0.093855
-0.217356
-0.312095
-0.399002
-0.480212
-0.554138
-0.618674
-0.671910
-0.692366
-0.688638
-0.670945
-0.645853
-0.617509
-0.588475
-0.560278
-0.533773
-0.509386
-0.487277
-0.409019
-0.315779
-0.222585
-0.134722
-0.055218
0.000000
0.000000
0.102060
0.222840
0.317022
0.403691
0.484608
0.558119
0.622118
0.674714
0.693137
0.688189
0.669803
0.644354
0.615866
0.586819
0.558685
0.532284
0.508021
0.486043
0.404579
0.310678
0.217483
0.129875
0.050790
0.000000
0.000000
-0.109905
-0.228084
-0.321731
-0.408173
-0.488809
-0.561923
-0.625408
-0.677391
-0.693870
-0.687756
-0.668707
-0.642918
-0.614293
-0.585233
-0.557158
-0.530857
-0.506714
-0.481737
-0.398648
-0.304588
-0.211683
-0.124588
-0.046175
0.000000
0.000000
0.118329
0.233623
0.326652
0.412819
0.493133
0.565806
0.628734
0.679716
0.694355
0.687146
0.667484
0.641388
0.612649
0.583593
0.555591
0.529399
0.505382
0.475558
0.391582
0.297632
0.205204
0.118804
0.041248
0.000000
0.000000
-0.127747
-0.239845
-0.332203
-0.418083
-0.498054
-0.570250
-0.632567
-0.681109
-0.694263
-0.686190
-0.666064
-0.639759
-0.610967
-0.581951
-0.554043
-0.527972
-0.504086
-0.469583
-0.384752
-0.290913
-0.198950
-0.113224
-0.036500
0.000000
0.000000
0.136955
0.245969
0.337697
0.423317
0.502972
0.574719
0.636455
0.682603
0.694296
0.685368
0.664778
0.638256
0.609402
0.580417
0.552592
0.526631
0.502867
0.463904
0.378277
0.284561
0.193058
0.107988
0.032067
0.000000
0.000000
-0.145682
-0.251794
-0.342934
-0.428314
-0.507674
-0.579000
-0.640186
-0.684047
-0.694342
-0.684596
-0.663562
-0.636832
-0.607917
-0.578960
-0.551213
-0.525357
-0.501709
-0.458453
-0.372059
-0.278464
-0.187403
-0.102964
-0.027815
0.000000
0.000000
0.154034
0.257364
0.347939
0.433088
0.512165
0.583085
0.643745
0.685419
0.694379
0.683851
0.662392
0.635464
0.606492
0.577562
0.549891
0.524136
0.500598
0.453233
0.366104
0.272622
0.181984
0.098149
0.023738
0.000000
-0.007300
-0.161811
-0.263514
-0.353611
-0.438377
-0.516961
-0.587252
-0.647160
-0.686459
-0.693987
-0.682640
-0.660755
-0.633648
-0.604648
-0.575781
-0.548222
-0.522604
-0.499212
-0.447809
-0.359941
-0.266555
-0.176325
-0.093084
-0.019410
0.000000
0.019756
0.169734
0.270407
0.360030
0.444277
0.522189
0.591655
0.650613
0.687288
0.693249
0.681018
0.658685
0.631405
0.602401
0.573626
0.546214
0.520766
0.497553
0.442800
0.354262
0.260905
0.170977
0.088214
0.015154
0.000000
-0.031812
-0.177403
-0.277077
-0.366239
-0.449981
-0.527240
-0.595908
-0.653943
-0.688083
-0.692529
-0.679444
-0.656680
-0.629234
-0.600224
-0.571540
-0.544269
-0.518988
-0.495947
-0.437938
-0.348755
-0.255430
-0.165801
-0.083504
-0.011044
0.000000
0.043286
0.184653
0.283349
0.372052
0.455298
0.531924
0.599822
0.656976
0.688742
0.691774
0.677896
0.654734
0.627139
0.598132
0.569538
0.542406
0.517285
0.494410
0.433269
0.343460
0.250161
0.160815
0.078964
0.007077
0.000000
-0.054329
-0.191625
-0.289378
-0.377639
-0.460407
-0.536424
-0.603581
-0.659886
-0.689375
-0.691050
-0.676410
-0.652866
-0.625128
-0.596123
-0.567617
-0.540617
-0.515650
-0.492935
-0.428801
-0.338395
-0.245121
-0.156046
-0.074621
-0.003283
0.000000
0.064902
0.198303
0.295157
0.382995
0.465306
0.540740
0.607189
0.662682
0.689987
0.690360
0.674989
0.651080
0.623204
0.594201
0.565778
0.538905
0.514085
0.491522
0.424203
0.333182
0.239956
0.151184
0.070221
0.000000
0.000000
-0.075443
-0.205055
-0.301052
-0.388494
-0.470365
-0.545226
-0.610969
-0.665645
-0.690661
-0.689669
-0.673531
-0.649235
-0.621212
-0.592209
-0.563870
-0.537128
-0.512460
-0.490056
-0.419124
-0.327391
-0.234200
-0.145752
-0.065292
0.000000
0.000000
0.084261
0.210953
0.306351
0.393540
0.475096
0.549511
0.614677
0.668665
0.691491
0.689184
0.672298
0.647619
0.619441
0.590423
0.562151
0.535522
0.510988
0.488725
0.414232
0.321769
0.228581
0.140420
0.060426
0.000000
0.000000
-0.092836
-0.216674
-0.311483
-0.398419
-0.479665
-0.553643
-0.618245
-0.671561
-0.692269
-0.688693
-0.671087
-0.646038
-0.617712
-0.588681
-0.560476
-0.533958
-0.509555
-0.487430
-0.409570
-0.316411
-0.223218
-0.135323
-0.055767
0.000000
0.000000
0.101086
0.222190
0.316437
0.403134
0.484086
0.557647
0.621709
0.674381
0.693046
0.688243
0.669939
0.644533
0.616062
0.587016
0.558874
0.532461
0.508183
0.486190
0.405107
0.311285
0.218090
0.130452
0.051317
0.000000
0.000000
-0.108972
-0.227461
-0.321171
-0.407640
-0.488310
-0.561471
-0.625017
-0.677073
-0.693783
-0.687808
-0.668838
-0.643089
-0.614480
-0.585421
-0.557340
-0.531027
-0.506870
-0.482443
-0.399458
-0.305387
-0.212429
-0.125257
-0.046746
0.000000
0.000000
0.117271
0.232932
0.326041
0.412245
0.492601
0.565330
0.628327
0.679580
0.694382
0.687267
0.667655
0.641581
0.612847
0.583784
0.555771
0.529564
0.505532
0.476242
0.392365
0.298404
0.205924
0.119448
0.041798
0.000000
0.000000
-0.126691
-0.239144
-0.331575
-0.417485
-0.497493
-0.569741
-0.632125
-0.680939
-0.694260
-0.686284
-0.666212
-0.639931
-0.611146
-0.582127
-0.554209
-0.528125
-0.504225
-0.470228
-0.385488
-0.291634
-0.199619
-0.113818
-0.037003
0.000000
0.000000
0.135962
0.245306
0.337101
0.422748
0.502436
0.574231
0.636029
0.682438
0.694290
0.685455
0.664916
0.638418
0.609571
0.580582
0.552748
0.526776
0.502999
0.464524
0.378984
0.285255
0.193701
0.108560
0.032551
0.000000
0.000000
-0.144732
-0.251160
-0.342365
-0.427771
-0.507164
-0.578536
-0.639782
-0.683891
-0.694338
-0.684681
-0.663695
-0.636988
-0.608080
-0.579119
-0.551364
-0.525496
-0.501835
-0.459047
-0.372737
-0.279129
-0.188020
-0.103513
-0.028279
0.000000
0.000000
0.153123
0.256756
0.347393
0.432566
0.511674
0.582639
0.643356
0.685269
0.694374
0.683932
0.662519
0.635613
0.606648
0.577714
0.550035
0.524269
0.500719
0.453801
0.366753
0.273258
0.182574
0.098673
0.024182
0.000000
-0.006000
-0.160980
-0.262788
-0.352933
-0.437752
-0.516404
-0.586781
-0.646788
-0.686365
-0.694060
-0.682807
-0.660969
-0.633881
-0.604882
-0.576006
-0.548432
-0.522796
-0.499385
-0.448326
-0.360527
-0.267139
-0.176878
-0.093589
-0.019852
0.000000
0.018494
0.168928
0.269704
0.359374
0.443672
0.521652
0.591202
0.650255
0.687199
0.693320
0.681180
0.658893
0.631631
0.602627
0.573844
0.546417
0.520952
0.497720
0.443307
0.354836
0.261475
0.171516
0.088704
0.015581
0.000000
-0.030618
-0.176649
-0.276425
-0.365634
-0.449428
-0.526753
-0.595501
-0.653628
-0.688015
-0.692608
-0.679606
-0.656883
-0.629452
-0.600442
-0.571749
-0.544464
-0.519165
-0.496107
-0.438425
-0.349307
-0.255980
-0.166322
-0.083979
-0.011459
0.000000
0.042134
0.183925
0.282720
0.371470
0.454765
0.531455
0.599430
0.656673
0.688677
0.691850
0.678051
0.654929
0.627349
0.598342
0.569739
0.542593
0.517455
0.494564
0.433735
0.343989
0.250687
0.161312
0.079417
0.007472
0.000000
-0.053226
-0.190928
-0.288775
-0.377080
-0.459895
-0.535973
-0.603205
-0.659594
-0.689311
-0.691121
-0.676558
-0.653053
-0.625329
-0.596324
-0.567809
-0.540796
-0.515813
-0.493082
-0.429247
-0.338901
-0.245625
-0.156523
-0.075055
-0.003662
0.000000
0.063846
0.197636
0.294580
0.382460
0.464816
0.540309
0.606829
0.662403
0.689926
0.690429
0.675131
0.651258
0.623396
0.594393
0.565961
0.539076
0.514241
0.491663
0.424686
0.333730
0.240498
0.151692
0.070678
0.000000
0.000000
-0.074612
-0.204498
-0.300550
-0.388016
-0.469915
-0.544818
-0.610615
-0.665357
-0.690581
-0.689714
-0.673646
-0.649387
-0.621380
-0.592377
-0.564032
-0.537280
-0.512599
-0.490181
-0.419593
-0.327930
-0.234739
-0.146263
-0.065758
0.000000
0.000000
0.083442
0.210407
0.305862
0.393075
0.474661
0.549118
0.614338
0.668390
0.691417
0.689232
0.672415
0.647771
0.619607
0.590590
0.562311
0.535672
0.511126
0.488849
0.414678
0.322282
0.229094
0.140907
0.060873
0.000000
0.000000
-0.092045
-0.216146
-0.311008
-0.397967
-0.479241
-0.553259
-0.617913
-0.671291
-0.692195
-0.688736
-0.671196
-0.646182
-0.617870
-0.588840
-0.560630
-0.534101
-0.509687
-0.487549
-0.409996
-0.316901
-0.223708
-0.135789
-0.056193
0.000000
0.000000
0.100332
0.221686
0.315985
0.402704
0.483682
0.557281
0.621393
0.674124
0.692975
0.688284
0.670044
0.644671
0.616213
0.587169
0.559021
0.532598
0.508309
0.486303
0.405517
0.311755
0.218561
0.130899
0.051725
0.000000
0.000000
-0.108249
-0.226978
-0.320738
-0.407227
-0.487923
-0.561121
-0.624714
-0.676827
-0.693716
-0.687848
-0.668939
-0.643222
-0.614625
-0.585567
-0.557480
-0.531158
-0.506990
-0.482991
-0.400085
-0.306006
-0.213007
-0.125775
-0.047189
0.000000
0.000000
0.116451
0.232397
0.325568
0.411800
0.492188
0.564960
0.628012
0.679474
0.694403
0.687361
0.667787
0.641730
0.613000
0.583933
0.555910
0.529693
0.505648
0.476772
0.392971
0.299002
0.206482
0.119947
0.042224
0.000000
0.000000
-0.125872
-0.238601
-0.331089
-0.417022
-0.497058
-0.569346
-0.631782
-0.680808
-0.694258
-0.686358
-0.666326
-0.640064
-0.611285
-0.582262
-0.554337
-0.528244
-0.504333
-0.470728
-0.386058
-0.292193
-0.200137
-0.114279
-0.037393
0.000000
0.000000
0.135193
0.244793
0.336639
0.422307
0.502021
0.573853
0.635700
0.682310
0.694285
0.685523
0.665023
0.638543
0.609702
0.580711
0.552870
0.526888
0.503101
0.465005
0.379532
0.285793
0.194200
0.109002
0.032925
0.000000
0.000000
-0.143996
-0.250670
-0.341924
-0.427351
-0.506769
-0.578176
-0.639469
-0.683771
-0.694335
-0.684747
-0.663798
-0.637108
-0.608205
-0.579242
-0.551480
-0.525604
-0.501933
-0.459507
-0.373262
-0.279644
-0.188498
-0.103937
-0.028639
0.000000
0.000000
0.152417
0.256285
0.346969
0.432163
0.511295
0.582293
0.643055
0.685153
0.694371
0.683995
0.662618
0.635729
0.606768
0.577833
0.550147
0.524372
0.500813
0.454242
0.367255
0.273751
0.183031
0.099080
0.024526
0.000000
-0.004993
-0.160336
-0.262226
-0.352407
-0.437267
-0.515973
-0.586416
-0.646499
-0.686292
-0.694116
-0.682936
-0.661135
-0.634061
-0.605064
-0.576180
-0.548594
-0.522945
-0.499519
-0.448752
-0.361010
-0.267618
-0.177330
-0.093999
-0.020208
0.000000
0.017476
0.168279
0.269139
0.358847
0.443188
0.521222
0.590840
0.649971
0.687129
0.693379
0.681311
0.659061
0.631814
0.602811
0.574019
0.546581
0.521102
0.497856
0.443717
0.355300
0.261936
0.171952
0.089101
0.015927
0.000000
-0.029648
-0.176035
-0.275893
-0.365141
-0.448976
-0.526355
-0.595167
-0.653369
-0.687957
-0.692671
-0.679736
-0.657047
-0.629629
-0.600619
-0.571918
-0.544621
-0.519309
-0.496237
-0.438820
-0.349755
-0.256425
-0.166743
-0.084363
-0.011794
0.000000
0.041201
0.183336
0.282210
0.370997
0.454333
0.531075
0.599113
0.656427
0.688623
0.691911
0.678177
0.655087
0.627519
0.598511
0.569901
0.542744
0.517594
0.494688
0.434113
0.344417
0.251113
0.161716
0.079784
0.007793
0.000000
-0.052331
-0.190363
-0.288287
-0.376627
-0.459481
-0.535608
-0.602899
-0.659358
-0.689259
-0.691180
-0.676678
-0.653204
-0.625491
-0.596486
-0.567964
-0.540941
-0.515946
-0.493201
-0.429609
-0.339311
-0.246033
-0.156909
-0.075407
-0.003969
0.000000
0.062990
0.197096
0.294112
0.382027
0.464420
0.539960
0.606537
0.662177
0.689876
0.690485
0.675246
0.651403
0.623552
0.594549
0.566110
0.539215
0.514368
0.491778
0.425078
0.334174
0.240937
0.152104
0.071050
0.000183
0.000000
-0.073785
-0.203958
-0.300074
-0.387568
-0.469500
-0.544447
-0.610299
-0.665105
-0.690520
-0.689766
-0.673763
-0.649536
-0.621541
-0.592540
-0.564188
-0.537425
-0.512732
-0.490301
-0.420017
-0.328416
-0.235223
-0.146722
-0.066176
0.000000
0.000000
0.082701
0.209913
0.305419
0.392653
0.474266
0.548761
0.614029
0.668139
0.691349
0.689274
0.672519
0.647907
0.619756
0.590740
0.562456
0.535807
0.511249
0.488961
0.415083
0.322748
0.229560
0.141350
0.061277
0.000000
0.000000
-0.091331
-0.215669
-0.310580
-0.397560
-0.478860
-0.552914
-0.617614
-0.671048
-0.692129
-0.688776
-0.671296
-0.646313
-0.618014
-0.588985
-0.560769
-0.534231
-0.509806
-0.487656
-0.410384
-0.317346
-0.224154
-0.136212
-0.056579
0.000000
0.000000
0.099648
0.221228
0.315573
0.402312
0.483315
0.556949
0.621106
0.673890
0.692911
0.688322
0.670140
0.644796
0.616350
0.587307
0.559154
0.532722
0.508423
0.486406
0.405888
0.312182
0.218987
0.131304
0.052095
0.000000
0.000000
-0.107594
-0.226540
-0.320344
-0.406853
-0.487572
-0.560803
-0.624439
-0.676603
-0.693655
-0.687884
-0.669030
-0.643342
-0.614757
-0.585700
-0.557608
-0.531277
-0.507099
-0.483487
-0.400653
-0.306567
-0.213531
-0.126244
-0.047591
0.000000
0.000000
0.115708
0.231912
0.325139
0.411396
0.491813
0.564625
0.627727
0.679257
0.694353
0.687410
0.667893
0.641865
0.613145
0.584078
0.556049
0.529822
0.505766
0.477331
0.393610
0.299629
0.207065
0.120466
0.042665
0.000000
0.000000
-0.125015
-0.238031
-0.330579
-0.416537
-0.496603
-0.568934
-0.631424
-0.680675
-0.694262
-0.686441
-0.666453
-0.640211
-0.611436
-0.582411
-0.554477
-0.528373
-0.504451
-0.471272
-0.386680
-0.292805
-0.200706
-0.114786
-0.037825
0.000000
0.000000
0.134355
0.244235
0.336139
0.421830
0.501573
0.573446
0.635346
0.682174
0.694283
0.685598
0.665140
0.638680
0.609844
0.580851
0.553002
0.527010
0.503212
0.465523
0.380123
0.286372
0.194737
0.109480
0.033330
0.000000
0.000000
-0.143200
-0.250139
-0.341447
-0.426895
-0.506340
-0.577786
-0.639129
-0.683639
-0.694331
-0.684817
-0.663909
-0.637238
-0.608341
-0.579375
-0.551606
-0.525720
-0.502039
-0.460004
-0.373829
-0.280200
-0.189013
-0.104395
-0.029027
0.000000
0.000000
0.151655
0.255777
0.346513
0.431727
0.510885
0.581921
0.642731
0.685028
0.694368
0.684063
0.662725
0.635854
0.606898
0.577960
0.550267
0.524483
0.500914
0.454718
0.367798
0.274284
0.183525
0.099519
0.024898
0.000000
-0.003905
-0.159641
-0.261618
-0.351840
-0.436744
-0.515508
-0.586022
-0.646188
-0.686213
-0.694176
-0.683075
-0.661314
-0.634256
-0.605259
-0.576368
-0.548770
-0.523105
-0.499664
-0.449306
-0.361637
-0.268235
-0.177905
-0.094513
-0.020647
0.000000
0.016225
0.167488
0.268453
0.358211
0.442605
0.520708
0.590408
0.649635
0.687053
0.693458
0.681477
0.659271
0.632040
0.603037
0.574236
0.546783
0.521287
0.498022
0.444224
0.355876
0.262509
0.172494
0.089594
0.016358
0.000000
-0.028430
-0.175262
-0.275220
-0.364515
-0.448401
-0.525846
-0.594739
-0.653034
-0.687878
-0.692744
-0.679895
-0.657249
-0.629848
-0.600839
-0.572128
-0.544817
-0.519489
-0.496399
-0.439311
-0.350311
-0.256977
-0.167265
-0.084838
-0.012208
0.000000
0.040042
0.182604
0.281577
0.370410
0.453796
0.530602
0.598717
0.656120
0.688556
0.691987
0.678333
0.655283
0.627730
0.598723
0.570103
0.542932
0.517765
0.494844
0.434584
0.344951
0.251645
0.162219
0.080242
0.008193
0.000000
-0.051217
-0.189659
-0.287678
-0.376064
-0.458966
-0.535154
-0.602520
-0.659064
-0.689195
-0.691253
-0.676828
-0.653392
-0.625694
-0.596689
-0.568158
-0.541121
-0.516110
-0.493350
-0.430060
-0.339823
-0.246542
-0.157390
-0.075845
-0.004352
0.000000
0.061923
0.196422
0.293529
0.381486
0.463925
0.539524
0.606173
0.661895
0.689815
0.690555
0.675390
0.651583
0.623746
0.594743
0.566296
0.539388
0.514526
0.491920
0.425566
0.334728
0.241483
0.152617
0.071512
0.000582
0.000000
-0.072611
-0.203205
-0.299416
-0.386954
-0.468936
-0.543947
-0.609878
-0.664775
-0.690447
-0.689846
-0.673929
-0.649746
-0.621767
-0.592765
-0.564403
-0.537626
-0.512915
-0.490467
-0.420586
-0.329066
-0.235872
-0.147335
-0.066735
0.000000
0.000000
0.081708
0.209249
0.304823
0.392086
0.473735
0.548280
0.613613
0.667800
0.691257
0.689328
0.672657
0.648088
0.619955
0.590940
0.562649
0.535987
0.511414
0.489110
0.415629
0.323375
0.230187
0.141945
0.061820
0.000000
0.000000
-0.090374
-0.215030
-0.310007
-0.397015
-0.478349
-0.552452
-0.617216
-0.670724
-0.692041
-0.688830
-0.671432
-0.646490
-0.618207
-0.589179
-0.560956
-0.534405
-0.509966
-0.487801
-0.410905
-0.317945
-0.224753
-0.136781
-0.057100
0.000000
0.000000
0.098726
0.220612
0.315020
0.401786
0.482822
0.556502
0.620719
0.673575
0.692825
0.688372
0.670268
0.644964
0.616535
0.587493
0.559333
0.532889
0.508576
0.486545
0.406386
0.312754
0.219560
0.131848
0.052593
0.000000
0.000000
-0.106713
-0.225951
-0.319815
-0.406349
-0.487100
-0.560376
-0.624070
-0.676302
-0.693572
-0.687932
-0.669154
-0.643503
-0.614933
-0.585878
-0.557779
-0.531438
-0.507246
-0.484155
-0.401418
-0.307322
-0.214236
-0.126875
-0.048131
0.000000
0.000000
0.114708
0.231260
0.324563
0.410853
0.491310
0.564175
0.627343
0.678951
0.694278
0.687473
0.668034
0.642045
0.613340
0.584274
0.556237
0.529997
0.505927
0.478091
0.394478
0.300482
0.207857
0.121171
0.043263
0.000000
0.000000
-0.123849
-0.237256
-0.329884
-0.415877
-0.495984
-0.568373
-0.630938
-0.680495
-0.694268
-0.686556
-0.666626
-0.640410
-0.611643
-0.582613
-0.554668
-0.528549
-0.504611
-0.472014
-0.387528
-0.293640
-0.201484
-0.115480
-0.038415
0.000000
0.000000
0.133212
0.243475
0.335457
0.421181
0.500963
0.572892
0.634864
0.681989
0.694279
0.685700
0.665301
0.638868
0.610039
0.581041
0.553182
0.527177
0.503364
0.466229
0.380928
0.287162
0.195470
0.110132
0.033882
0.000000
0.000000
-0.142115
-0.249414
-0.340795
-0.426274
-0.505755
-0.577253
-0.638665
-0.683459
-0.694325
-0.684913
-0.664060
-0.637415
-0.608525
-0.579556
-0.551777
-0.525879
-0.502183
-0.460682
-0.374601
-0.280957
-0.189716
-0.105019
-0.029555
0.000000
0.000000
0.150617
0.255085
0.345891
0.431134
0.510327
0.581413
0.642288
0.684857
0.694363
0.684155
0.662870
0.636024
0.607075
0.578134
0.550432
0.524635
0.501052
0.455367
0.368539
0.275010
0.184199
0.100117
0.025405
0.000000
-0.002422
-0.158692
-0.260790
-0.351066
-0.436031
-0.514873
-0.585484
-0.645764
-0.686106
-0.694258
-0.683264
-0.661558
-0.634522
-0.605526
-0.576624
-0.549009
-0.523324
-0.499862
-0.450060
-0.362493
-0.269077
-0.178689
-0.095214
-0.021246
0.000000
0.014520
0.166409
0.267518
0.357343
0.441810
0.520006
0.589820
0.649177
0.686950
0.693565
0.681704
0.659557
0.632349
0.603346
0.574532
0.547058
0.521539
0.498250
0.444916
0.356660
0.263289
0.173232
0.090266
0.016945
0.000000
-0.026771
-0.174207
-0.274303
-0.363662
-0.447618
-0.525152
-0.594156
-0.652578
-0.687769
-0.692843
-0.680112
-0.657525
-0.630147
-0.601138
-0.572415
-0.545085
-0.519733
-0.496620
-0.439979
-0.351068
-0.257730
-0.167977
-0.085485
-0.012774
0.000000
0.038463
0.181606
0.280713
0.369609
0.453063
0.529956
0.598177
0.655701
0.688465
0.692090
0.678545
0.655551
0.628018
0.599010
0.570379
0.543188
0.518000
0.495055
0.435227
0.345680
0.252369
0.162905
0.080867
0.008739
0.000000
-0.049699
-0.188700
-0.286849
-0.375295
-0.458263
-0.534535
-0.602003
-0.658664
-0.689108
-0.691353
-0.677032
-0.653649
-0.625971
-0.596965
-0.568422
-0.541367
-0.516335
-0.493553
-0.430675
-0.340520
-0.247235
-0.158046
-0.076442
-0.004874
0.000000
0.060468
0.195503
0.292734
0.380749
0.463251
0.538930
0.605676
0.661510
0.689730
0.690649
0.675585
0.651829
0.624011
0.595007
0.566549
0.539623
0.514741
0.492115
0.426231
0.335482
0.242229
0.153316
0.072142
0.001125
0.000000
-0.071010
-0.202178
-0.298518
-0.386117
-0.468166
-0.543264
-0.609303
-0.664325
-0.690347
-0.689956
-0.674156
-0.650031
-0.622074
-0.593072
-0.564698
-0.537900
-0.513166
-0.490693
-0.421361
-0.329952
-0.236755
-0.148172
-0.067497
0.000000
0.000000
0.080354
0.208345
0.304011
0.391314
0.473010
0.547624
0.613046
0.667339
0.691130
0.689403
0.672846
0.648336
0.620226
0.591213
0.562912
0.536233
0.511639
0.489314
0.416374
0.324231
0.231042
0.142756
0.062560
0.000000
0.000000
-0.089068
-0.214158
-0.309225
-0.396271
-0.477653
-0.551822
-0.616672
-0.670283
-0.691922
-0.688905
-0.671616
-0.646730
-0.618470
-0.589444
-0.561210
-0.534644
-0.510184
-0.487998
-0.411615
-0.318762
-0.225570
-0.137558
-0.057810
0.000000
0.000000
0.097470
0.219772
0.314266
0.401068
0.482149
0.555892
0.620192
0.673146
0.692707
0.688441
0.670443
0.645194
0.616786
0.587747
0.559577
0.533117
0.508785
0.486734
0.407066
0.313535
0.220341
0.132590
0.053271
0.000000
0.000000
-0.105511
-0.225148
-0.319094
-0.405663
-0.486457
-0.559793
-0.623566
-0.675892
-0.693460
-0.687999
-0.669321
-0.643723
-0.615174
-0.586121
-0.558013
-0.531656
-0.507446
-0.485065
-0.402461
-0.308350
-0.215197
-0.127736
-0.048867
0.000000
0.000000
0.113346
0.230370
0.323776
0.410114
0.490624
0.563561
0.626820
0.678534
0.694176
0.687559
0.668226
0.642291
0.613607
0.584542
0.556494
0.530237
0.506146
0.479128
0.395662
0.301645
0.208938
0.122133
0.044079
0.000000
0.000000
-0.122259
-0.236200
-0.328938
-0.414977
-0.495140
-0.567608
-0.630276
-0.680249
-0.694276
-0.686712
-0.666862
-0.640683
-0.611925
-0.582889
-0.554928
-0.528789
-0.504829
-0.473027
-0.388685
-0.294778
-0.202543
-0.116425
-0.039219
0.000000
0.000000
0.131653
0.242439
0.334527
0.420295
0.500131
0.572136
0.634207
0.681737
0.694274
0.685840
0.665519
0.639123
0.610304
0.581302
0.553429
0.527404
0.503570
0.467191
0.382026
0.288239
0.196469
0.111020
0.034634
0.000000
0.000000
-0.140635
-0.248427
-0.339907
-0.425426
-0.504958
-0.576527
-0.638032
-0.683214
-0.694317
-0.685044
-0.664266
-0.637657
-0.608777
-0.579803
-0.552011
-0.526094
-0.502379
-0.461605
-0.375655
-0.281990
-0.190674
-0.105871
-0.030275
0.000000
0.000000
0.149202
0.254141
0.345043
0.430325
0.509566
0.580721
0.641685
0.684624
0.694357
0.684282
0.663068
0.636255
0.607316
0.578371
0.550656
0.524842
0.501241
0.456251
0.369548
0.276000
0.185117
0.100933
0.026096
0.000000
-0.000401
-0.157400
-0.259661
-0.350011
-0.435058
-0.514008
-0.584752
-0.645185
-0.685960
-0.694371
-0.683523
-0.661891
-0.634884
-0.605890
-0.576973
-0.549335
-0.523622
-0.500132
-0.451088
-0.363660
-0.270224
-0.179758
-0.096170
-0.022061
0.000000
0.012195
0.164938
0.266243
0.356159
0.440726
0.519049
0.589018
0.648553
0.686808
0.693712
0.682012
0.659947
0.632770
0.603767
0.574935
0.547433
0.521882
0.498559
0.445859
0.357729
0.264353
0.174239
0.091182
0.017745
0.000000
-0.024508
-0.172768
-0.273053
-0.362498
-0.446549
-0.524207
-0.593360
-0.651955
-0.687622
-0.692979
-0.680407
-0.657901
-0.630554
-0.601546
-0.572806
-0.545449
-0.520067
-0.496921
-0.440891
-0.352100
-0.258757
-0.168948
-0.086368
-0.013544
0.000000
0.036310
0.180245
0.279536
0.368517
0.452065
0.529076
0.597441
0.655131
0.688340
0.692231
0.678835
0.655915
0.628411
0.599403
0.570754
0.543538
0.518319
0.495343
0.436102
0.346673
0.253357
0.163840
0.081718
0.009483
0.000000
-0.047628
-0.187393
-0.285718
-0.374247
-0.457305
-0.533692
-0.601298
-0.658118
-0.688990
-0.691488
-0.677311
-0.653999
-0.626348
-0.597342
-0.568783
-0.541703
-0.516642
-0.493830
-0.431513
-0.341470
-0.248181
-0.158941
-0.077257
-0.005586
0.000000
0.058485
0.194250
0.291650
0.379745
0.462333
0.538121
0.605000
0.660986
0.689616
0.690779
0.675852
0.652164
0.624372
0.595368
0.566894
0.539944
0.515035
0.492380
0.427119
0.336488
0.243224
0.154251
0.072987
0.001855
0.000000
-0.068881
-0.200816
-0.297330
-0.385010
-0.467148
-0.542363
-0.608546
-0.663733
-0.690216
-0.690100
-0.674454
-0.650407
-0.622480
-0.593478
-0.565085
-0.538261
-0.513496
-0.490991
-0.422383
-0.331118
-0.237916
-0.149270
-0.068496
0.000000
0.000000
0.078574
0.207155
0.302942
0.390297
0.472057
0.546761
0.612299
0.666731
0.690963
0.689501
0.673094
0.648661
0.620582
0.591573
0.563258
0.536556
0.511936
0.489581
0.417356
0.325360
0.232170
0.143827
0.063537
0.000000
0.000000
-0.087346
-0.213010
-0.308195
-0.395292
-0.476736
-0.550993
-0.615955
-0.669701
-0.691766
-0.689003
-0.671859
-0.647048
-0.618817
-0.589794
-0.561547
-0.534958
-0.510472
-0.488258
-0.412552
-0.319838
-0.226648
-0.138582
-0.058746
0.000000
0.000000
0.095812
0.218664
0.313271
0.400121
0.481261
0.555088
0.619496
0.672580
0.692551
0.688532
0.670674
0.645496
0.617118
0.588081
0.559899
0.533418
0.509061
0.486983
0.407962
0.314565
0.221372
0.133569
0.054165
0.000000
0.000000
-0.103927
-0.224089
-0.318143
-0.404758
-0.485608
-0.559025
-0.622901
-0.675351
-0.693312
-0.688086
-0.669542
-0.644013
-0.615492
-0.586442
-0.558321
-0.531944
-0.507710
-0.485762
-0.403566
-0.309514
-0.216318
-0.128768
-0.049778
0.000000
0.000000
0.111695
0.229280
0.322805
0.409195
0.489767
0.562790
0.626158
0.678001
0.694037
0.687657
0.668457
0.642591
0.613934
0.584870
0.556810
0.530532
0.506416
0.480381
0.397096
0.303056
0.210252
0.123306
0.045078
0.000000
0.000000
-0.120358
-0.234948
-0.327823
-0.413922
-0.494156
-0.566721
-0.629513
-0.679978
-0.694304
-0.686913
-0.667156
-0.641018
-0.612271
-0.583225
-0.555245
-0.529081
-0.505094
-0.474245
-0.390080
-0.296151
-0.203822
-0.117568
-0.040193
0.000000
0.000000
0.129774
0.241190
0.333408
0.419230
0.499130
0.571227
0.633417
0.681434
0.694269
0.686009
0.665782
0.639429
0.610624
0.581615
0.553725
0.527678
0.503819
0.468345
0.383342
0.289530
0.197667
0.112084
0.035535
0.000000
0.000000
-0.138859
-0.247241
-0.338841
-0.424409
-0.504000
-0.575656
-0.637272
-0.682920
-0.694307
-0.685200
-0.664513
-0.637946
-0.609079
-0.580099
-0.552291
-0.526353
-0.502615
-0.462714
-0.376919
-0.283231
-0.191824
-0.106892
-0.031140
0.000000
0.000000
0.147503
0.253008
0.344025
0.429354
0.508653
0.579890
0.640962
0.684346
0.694350
0.684433
0.663306
0.636534
0.607606
0.578655
0.550925
0.525091
0.501467
0.457313
0.370759
0.277189
0.186220
0.101913
0.026925
0.000000
0.000000
-0.155783
-0.258530
-0.348987
-0.434087
-0.513105
-0.583941
-0.644490
-0.685707
-0.694387
-0.683695
-0.662147
-0.635178
-0.606194
-0.577270
-0.549614
-0.523880
-0.500366
-0.452141
-0.364859
-0.271401
-0.180851
-0.097142
-0.022886
0.000000
0.009794
0.163406
0.264907
0.354912
0.439577
0.518028
0.588156
0.647874
0.686640
0.693849
0.682321
0.660344
0.633201
0.604199
0.575350
0.547820
0.522236
0.498879
0.446818
0.358816
0.265435
0.175264
0.092117
0.018563
0.000000
-0.022176
-0.171280
-0.271756
-0.361288
-0.445436
-0.523218
-0.592525
-0.651298
-0.687459
-0.693112
-0.680707
-0.658286
-0.630972
-0.601966
-0.573209
-0.545824
-0.520410
-0.497231
-0.441828
-0.353162
-0.259811
-0.169944
-0.087274
-0.014335
0.000000
0.034101
0.178850
0.278328
0.367399
0.451041
0.528175
0.596688
0.654548
0.688214
0.692377
0.679134
0.656290
0.628815
0.599806
0.571140
0.543897
0.518647
0.495639
0.437003
0.347694
0.254374
0.164802
0.082595
0.010249
0.000000
-0.045497
-0.186048
-0.284555
-0.373170
-0.456320
-0.532824
-0.600574
-0.657557
-0.688868
-0.691629
-0.677598
-0.654360
-0.626736
-0.597730
-0.569154
-0.542048
-0.516957
-0.494114
-0.432375
-0.342447
-0.249153
-0.159861
-0.078095
-0.006317
0.000000
0.056445
0.192961
0.290535
0.378711
0.461387
0.537288
0.604303
0.660446
0.689498
0.690912
0.676125
0.652509
0.624743
0.595739
0.567249
0.540275
0.515337
0.492652
0.427944
0.337424
0.244155
0.155132
0.073789
0.002556
0.000000
-0.066928
-0.199583
-0.296263
-0.384021
-0.466244
-0.541567
-0.607880
-0.663217
-0.690104
-0.690228
-0.674717
-0.650737
-0.622835
-0.593833
-0.565425
-0.538577
-0.513785
-0.491252
-0.423276
-0.332131
-0.238917
-0.150209
-0.069342
0.000000
0.000000
0.077037
0.206124
0.302014
0.389412
0.471226
0.546007
0.611646
0.666198
0.690815
0.689583
0.673308
0.648943
0.620891
0.591885
0.563558
0.536837
0.512193
0.489814
0.418224
0.326356
0.233167
0.144771
0.064398
0.000000
0.000000
-0.085832
-0.212000
-0.307290
-0.394432
-0.475931
-0.550266
-0.615328
-0.669192
-0.691631
-0.689092
-0.672075
-0.647328
-0.619123
-0.590103
-0.561843
-0.535235
-0.510725
-0.488487
-0.413376
-0.320786
-0.227597
-0.139484
-0.059571
0.000000
0.000000
0.094351
0.217687
0.312393
0.399285
0.480477
0.554379
0.618882
0.672080
0.692413
0.688611
0.670876
0.645762
0.617410
0.588376
0.560182
0.533683
0.509304
0.487202
0.408751
0.315471
0.222278
0.134430
0.054952
0.000000
0.000000
-0.102533
-0.223157
-0.317306
-0.403961
-0.484861
-0.558348
-0.622316
-0.674875
-0.693181
-0.688163
-0.669737
-0.644268
-0.615772
-0.586724
-0.558593
-0.532198
-0.507942
-0.485972
-0.404322
-0.310383
-0.217188
-0.129595
-0.050534
0.000000
0.000000
0.110358
0.228387
0.322003
0.408432
0.489052
0.562143
0.625598
0.677546
0.693913
0.687731
0.668644
0.642835
0.614202
0.585141
0.557070
0.530775
0.506639
0.481393
0.398255
0.304200
0.211320
0.124264
0.045897
0.000000
0.000000
-0.118843
-0.233958
-0.326948
-0.413099
-0.493393
-0.566038
-0.628931
-0.679783
-0.694342
-0.687087
-0.667400
-0.641295
-0.612553
-0.583500
-0.555503
-0.529318
-0.505309
-0.475225
-0.391201
-0.297257
-0.204854
-0.118491
-0.040981
0.000000
0.000000
0.128260
0.240186
0.332509
0.418374
0.498327
0.570498
0.632783
0.681191
0.694265
0.686144
0.665993
0.639676
0.610880
0.581866
0.553962
0.527897
0.504018
0.469269
0.384395
0.290563
0.198625
0.112935
0.036256
0.000000
0.000000
-0.137438
-0.246292
-0.337987
-0.423594
-0.503232
-0.574957
-0.636662
-0.682683
-0.694299
-0.685325
-0.664711
-0.638178
-0.609320
-0.580336
-0.552516
-0.526561
-0.502803
-0.463602
-0.377933
-0.284224
-0.192745
-0.107711
-0.031832
0.000000
0.000000
0.146143
0.252101
0.343210
0.428577
0.507922
0.579225
0.640383
0.684123
0.694344
0.684555
0.663497
0.636757
0.607839
0.578883
0.551140
0.525290
0.501648
0.458164
0.371730
0.278141
0.187103
0.102698
0.027590
0.000000
0.000000
-0.154477
-0.257659
-0.348204
-0.433341
-0.512403
-0.583302
-0.643934
-0.685492
-0.694381
-0.683812
-0.662330
-0.635392
-0.606417
-0.577488
-0.549821
-0.524071
-0.500539
-0.452956
-0.365789
-0.272313
-0.181697
-0.097894
-0.023522
0.000000
0.007932
0.162215
0.263867
0.353941
0.438681
0.517231
0.587481
0.647341
0.686505
0.693952
0.682560
0.660650
0.633534
0.604535
0.575672
0.548121
0.522511
0.499128
0.447558
0.359656
0.266271
0.176056
0.092839
0.019196
0.000000
-0.020369
-0.170126
-0.270748
-0.360349
-0.444570
-0.522449
-0.591876
-0.650786
-0.687331
-0.693214
-0.680939
-0.658584
-0.631295
-0.602290
-0.573520
-0.546115
-0.520676
-0.497471
-0.442554
-0.353983
-0.260628
-0.170716
-0.087976
-0.014946
0.000000
0.032392
0.177770
0.277394
0.366533
0.450249
0.527477
0.596105
0.654096
0.688116
0.692490
0.679366
0.656581
0.629127
0.600118
0.571439
0.544175
0.518902
0.495869
0.437701
0.348486
0.255162
0.165548
0.083274
0.010843
0.000000
-0.043847
-0.185006
-0.283655
-0.372336
-0.455557
-0.532152
-0.600013
-0.657123
-0.688774
-0.691737
-0.677820
-0.654639
-0.627037
-0.598030
-0.569441
-0.542315
-0.517202
-0.494335
-0.433043
-0.343203
-0.249906
-0.160573
-0.078743
-0.006884
0.000000
0.054865
0.191963
0.289671
0.377911
0.460655
0.536643
0.603764
0.660028
0.689406
0.691015
0.676338
0.652776
0.625030
0.596026
0.567524
0.540530
0.515571
0.492863
0.428584
0.338149
0.244877
0.155815
0.074410
0.003099
0.000000
-0.065416
-0.198628
-0.295437
-0.383255
-0.465543
-0.540949
-0.607364
-0.662818
-0.690016
-0.690326
-0.674920
-0.650993
-0.623111
-0.594108
-0.565688
-0.538822
-0.514009
-0.491454
-0.423968
-0.332916
-0.239693
-0.150937
-0.069998
0.000000
0.000000
0.075847
0.205326
0.301296
0.388727
0.470583
0.545424
0.611140
0.665785
0.690700
0.689647
0.673474
0.649161
0.621131
0.592127
0.563791
0.537054
0.512392
0.489994
0.418896
0.327129
0.233938
0.145503
0.065066
0.000000
0.000000
-0.084659
-0.211218
-0.306589
-0.393766
-0.475308
-0.549702
-0.614842
-0.668798
-0.691526
-0.689161
-0.672242
-0.647545
-0.619361
-0.590342
-0.562073
-0.535449
-0.510922
-0.488665
-0.414015
-0.321520
-0.228331
-0.140183
-0.060210
0.000000
0.000000
0.093220
0.216931
0.311713
0.398638
0.479871
0.553829
0.618406
0.671693
0.692306
0.688672
0.671033
0.645968
0.617636
0.588604
0.560402
0.533888
0.509492
0.487372
0.409362
0.316173
0.222980
0.135097
0.055561
0.000000
0.000000
-0.101453
-0.222435
-0.316657
-0.403344
-0.484283
-0.557824
-0.621863
-0.674507
-0.693080
-0.688222
-0.669888
-0.644465
-0.615988
-0.586942
-0.558803
-0.532394
-0.508122
-0.486134
-0.404909
-0.311057
-0.217862
-0.130235
-0.051119
0.000000
0.000000
0.109323
0.227695
0.321382
0.407841
0.488498
0.561641
0.625164
0.677193
0.693816
0.687788
0.668789
0.643025
0.614410
0.585350
0.557271
0.530963
0.506811
0.482177
0.399153
0.305086
0.212148
0.125005
0.046531
0.000000
0.000000
-0.117669
-0.233192
-0.326271
-0.412461
-0.492801
-0.565509
-0.628480
-0.679631
-0.694372
-0.687221
-0.667590
-0.641508
-0.612772
-0.583712
-0.555703
-0.529502
-0.505475
-0.475985
-0.392070
-0.298113
-0.205653
-0.119206
-0.041591
0.000000
0.000000
0.127088
0.239408
0.331812
0.417710
0.497704
0.569932
0.632291
0.681003
0.694261
0.686249
0.666156
0.639866
0.611079
0.582061
0.554146
0.528067
0.504173
0.469985
0.385211
0.291363
0.199367
0.113595
0.036814
0.000000
0.000000
-0.136336
-0.245556
-0.337325
-0.422962
-0.502638
-0.574415
-0.636190
-0.682500
-0.694292
-0.685422
-0.664864
-0.638357
-0.609507
-0.580520
-0.552689
-0.526721
-0.502949
-0.464291
-0.378718
-0.284994
-0.193459
-0.108345
-0.032369
0.000000
0.000000
0.145090
0.251399
0.342579
0.427976
0.507356
0.578710
0.639934
0.683950
0.694340
0.684649
0.663645
0.636929
0.608018
0.579059
0.551307
0.525444
0.501788
0.458824
0.372482
0.278879
0.187788
0.103306
0.028105
0.000000
0.000000
-0.153466
-0.256985
-0.347598
-0.432763
-0.511859
-0.582807
-0.643503
-0.685325
-0.694376
-0.683902
-0.662471
-0.635557
-0.606589
-0.577657
-0.549981
-0.524219
-0.500674
-0.453587
-0.366509
-0.273019
-0.182352
-0.098476
-0.024015
0.000000
0.006489
0.161293
0.263061
0.353188
0.437987
0.516614
0.586958
0.646928
0.686400
0.694032
0.682744
0.660888
0.633793
0.604794
0.575921
0.548353
0.522724
0.499320
0.448132
0.360306
0.266919
0.176670
0.093399
0.019685
0.000000
-0.018969
-0.169231
-0.269968
-0.359621
-0.443900
-0.521854
-0.591373
-0.650390
-0.687232
-0.693293
-0.681119
-0.658814
-0.631546
-0.602542
-0.573762
-0.546340
-0.520882
-0.497657
-0.443116
-0.354620
-0.261260
-0.171313
-0.088519
-0.015420
0.000000
0.031067
0.176933
0.276670
0.365862
0.449636
0.526937
0.595654
0.653747
0.688040
0.692578
0.679545
0.656806
0.629370
0.600360
0.571670
0.544391
0.519099
0.496047
0.438242
0.349099
0.255773
0.166126
0.083800
0.011303
0.000000
-0.042568
-0.184199
-0.282957
-0.371689
-0.454966
-0.531632
-0.599578
-0.656787
-0.688701
-0.691821
-0.677993
-0.654856
-0.627270
-0.598263
-0.569663
-0.542522
-0.517391
-0.494506
-0.433560
-0.343790
-0.250489
-0.161125
-0.079246
-0.007323
0.000000
0.053641
0.191190
0.289002
0.377291
0.460088
0.536143
0.603346
0.659704
0.689335
0.691094
0.676502
0.652982
0.625253
0.596248
0.567736
0.540729
0.515752
0.493026
0.429079
0.338710
0.245435
0.156343
0.074891
0.003519
0.000000
-0.064244
-0.197888
-0.294797
-0.382662
-0.465001
-0.540471
-0.606964
-0.662508
-0.689949
-0.690403
-0.675078
-0.651191
-0.623324
-0.594321
-0.565892
-0.539012
-0.514182
-0.491610
-0.424505
-0.333524
-0.240294
-0.151501
-0.070506
0.000000
0.000000
0.074925
0.204708
0.300739
0.388196
0.470085
0.544972
0.610748
0.665465
0.690611
0.689697
0.673603
0.649330
0.621317
0.592314
0.563971
0.537223
0.512547
0.490134
0.419416
0.327727
0.234536
0.146070
0.065583
0.000000
0.000000
-0.083750
-0.210613
-0.306046
-0.393250
-0.474825
-0.549266
-0.614466
-0.668493
-0.691445
-0.689214
-0.672371
-0.647714
-0.619545
-0.590527
-0.562251
-0.535615
-0.511074
-0.488803
-0.414510
-0.322089
-0.228901
-0.140724
-0.060705
0.000000
0.000000
0.092343
0.216345
0.311187
0.398137
0.479401
0.553403
0.618038
0.671392
0.692223
0.688720
0.671155
0.646128
0.617811
0.588780
0.560572
0.534047
0.509637
0.487504
0.409836
0.316717
0.223524
0.135613
0.056033
0.000000
0.000000
-0.100616
-0.221875
-0.316155
-0.402866
-0.483834
-0.557419
-0.621512
-0.674221
-0.693002
-0.688269
-0.670005
-0.644619
-0.616156
-0.587111
-0.558966
-0.532546
-0.508262
-0.486261
-0.405363
-0.311578
-0.218384
-0.130731
-0.051572
0.000000
0.000000
0.108521
0.227159
0.320901
0.407383
0.488069
0.561252
0.624828
0.676919
0.693741
0.687833
0.668901
0.643172
0.614571
0.585512
0.557427
0.531109
0.506945
0.482785
0.399849
0.305773
0.212790
0.125580
0.047023
0.000000
0.000000
-0.116759
-0.232598
-0.325746
-0.411967
-0.492343
-0.565099
-0.628131
-0.679514
-0.694395
-0.687325
-0.667737
-0.641674
-0.612942
-0.583877
-0.555858
-0.529644
-0.505604
-0.476573
-0.392743
-0.298777
-0.206272
-0.119759
-0.042064
0.000000
0.000000
0.126180
0.238805
0.331272
0.417197
0.497222
0.569495
0.631911
0.680857
0.694259
0.686330
0.666283
0.640014
0.611232
0.582211
0.554289
0.528199
0.504293
0.470540
0.385843
0.291983
0.199942
0.114105
0.037246
0.000000
0.000000
-0.135483
-0.244986
-0.336813
-0.422473
-0.502177
-0.573996
-0.635824
-0.682358
-0.694287
-0.685497
-0.664983
-0.638496
-0.609652
-0.580662
-0.552824
-0.526846
-0.503062
-0.464824
-0.379326
-0.285590
-0.194012
-0.108836
-0.032784
0.000000
0.000000
0.144273
0.250855
0.342090
0.427509
0.506917
0.578311
0.639587
0.683816
0.694337
0.684722
0.663759
0.637063
0.608158
0.579196
0.551436
0.525563
0.501896
0.459334
0.373064
0.279450
0.188318
0.103777
0.028504
0.000000
0.000000
-0.152683
-0.256462
-0.347129
-0.432315
-0.511437
-0.582424
-0.643169
-0.685196
-0.694372
-0.683971
-0.662581
-0.635685
-0.606723
-0.577788
-0.550105
-0.524333
-0.500778
-0.454076
-0.367066
-0.273566
-0.182859
-0.098927
-0.024397
0.000000
0.005372
0.160578
0.262437
0.352605
0.437450
0.516136
0.586553
0.646608
0.686319
0.694094
0.682887
0.661072
0.633993
0.604995
0.576114
0.548533
0.522889
0.499469
0.448576
0.360810
0.267421
0.177145
0.093833
0.020065
0.000000
-0.017885
-0.168539
-0.269364
-0.359057
-0.443381
-0.521393
-0.590983
-0.650083
-0.687156
-0.693354
-0.681258
-0.658993
-0.631740
-0.602737
-0.573949
-0.546515
-0.521042
-0.497801
-0.443552
-0.355113
-0.261750
-0.171776
-0.088940
-0.015787
0.000000
0.030042
0.176285
0.276110
0.365342
0.449161
0.526518
0.595304
0.653476
0.687982
0.692646
0.679684
0.656981
0.629557
0.600548
0.571850
0.544557
0.519251
0.496184
0.438661
0.349574
0.256245
0.166573
0.084208
0.011659
0.000000
-0.041577
-0.183574
-0.282416
-0.371188
-0.454508
-0.531229
-0.599241
-0.656526
-0.688645
-0.691887
-0.678126
-0.655023
-0.627450
-0.598443
-0.569836
-0.542683
-0.517538
-0.494638
-0.433960
-0.344244
-0.250941
-0.161553
-0.079635
-0.007663
0.000000
0.052693
0.190591
0.288484
0.376811
0.459648
0.535756
0.603023
0.659454
0.689280
0.691156
0.676629
0.653143
0.625426
0.596421
0.567901
0.540882
0.515892
0.493153
0.429463
0.339145
0.245868
0.156753
0.075264
0.003845
0.000000
-0.063336
-0.197314
-0.294301
-0.382202
-0.464580
-0.540101
-0.606655
-0.662268
-0.689896
-0.690462
-0.675200
-0.651345
-0.623489
-0.594486
-0.566050
-0.539159
-0.514317
-0.491731
-0.424920
-0.333995
-0.240759
-0.151937
-0.070900
-0.000053
0.000000
0.074166
0.204203
0.300287
0.387767
0.469684
0.544610
0.610436
0.665212
0.690543
0.689740
0.673709
0.649468
0.621468
0.592466
0.564118
0.537359
0.512672
0.490247
0.419832
0.328205
0.235013
0.146522
0.065995
0.000000
0.000000
-0.083024
-0.210128
-0.305612
-0.392837
-0.474439
-0.548917
-0.614164
-0.668249
-0.691380
-0.689256
-0.672474
-0.647848
-0.619691
-0.590674
-0.562393
-0.535748
-0.511195
-0.488912
-0.414906
-0.322544
-0.229356
-0.141157
-0.061100
0.000000
0.000000
0.091642
0.215876
0.310766
0.397737
0.479025
0.553064
0.617744
0.671153
0.692157
0.688758
0.671253
0.646256
0.617951
0.588922
0.560708
0.534174
0.509754
0.487609
0.410214
0.317152
0.223959
0.136027
0.056410
0.000000
0.000000
-0.099947
-0.221428
-0.315753
-0.402483
-0.483476
-0.557094
-0.621231
-0.673992
-0.692939
-0.688305
-0.670098
-0.644741
-0.616290
-0.587247
-0.559096
-0.532668
-0.508373
-0.486361
-0.405726
-0.311996
-0.218801
-0.131127
-0.051934
0.000000
0.000000
0.107880
0.226731
0.320516
0.407016
0.487725
0.560942
0.624559
0.676701
0.693682
0.687868
0.668991
0.643289
0.614699
0.585642
0.557552
0.531225
0.507052
0.483270
0.400405
0.306322
0.213302
0.126039
0.047416
0.000000
0.000000
-0.116032
-0.232124
-0.325326
-0.411572
-0.491977
-0.564771
-0.627851
-0.679356
-0.694378
-0.687390
-0.667847
-0.641806
-0.613081
-0.584014
-0.555988
-0.529765
-0.505714
-0.477084
-0.393328
-0.299352
-0.206808
-0.120237
-0.042470
0.000000
0.000000
0.125394
0.238283
0.330804
0.416751
0.496804
0.569116
0.631582
0.680733
0.694260
0.686404
0.666396
0.640146
0.611369
0.582345
0.554415
0.528315
0.504399
0.471031
0.386404
0.292534
0.200454
0.114561
0.037633
0.000000
0.000000
-0.134727
-0.244482
-0.336360
-0.422041
-0.501771
-0.573626
-0.635502
-0.682234
-0.694284
-0.685564
-0.665088
-0.638620
-0.609781
-0.580789
-0.552943
-0.526956
-0.503163
-0.465293
-0.379861
-0.286116
-0.194499
-0.109269
-0.033151
0.000000
0.000000
0.143553
0.250374
0.341658
0.427097
0.506530
0.577959
0.639279
0.683697
0.694333
0.684786
0.663860
0.637181
0.608281
0.579316
0.551550
0.525669
0.501992
0.459784
0.373578
0.279954
0.188785
0.104192
0.028855
0.000000
0.000000
-0.151992
-0.256002
-0.346715
-0.431920
-0.511066
-0.582086
-0.642874
-0.685083
-0.694369
-0.684033
-0.662677
-0.635798
-0.606840
-0.577904
-0.550214
-0.524434
-0.500869
-0.454507
-0.367558
-0.274048
-0.183307
-0.099324
-0.024733
0.000000
0.004387
0.159948
0.261887
0.352091
0.436975
0.515714
0.586196
0.646326
0.686248
0.694149
0.683013
0.661234
0.634170
0.605173
0.576284
0.548692
0.523034
0.499600
0.449061
0.361360
0.267962
0.177651
0.094286
0.020453
0.000000
-0.016779
-0.167838
-0.268756
-0.358492
-0.442863
-0.520935
-0.590599
-0.649784
-0.687087
-0.693423
-0.681404
-0.659178
-0.631940
-0.602937
-0.574140
-0.546693
-0.521205
-0.497949
-0.444000
-0.355621
-0.262255
-0.172254
-0.089375
-0.016167
0.000000
0.028969
0.175604
0.275518
0.364792
0.448656
0.526071
0.594929
0.653183
0.687913
0.692711
0.679824
0.657159
0.629751
0.600742
0.572035
0.544730
0.519409
0.496327
0.439093
0.350065
0.256733
0.167034
0.084627
0.012025
0.000000
-0.040555
-0.182928
-0.281857
-0.370670
-0.454034
-0.530811
-0.598892
-0.656256
-0.688586
-0.691954
-0.678264
-0.655196
-0.627636
-0.598629
-0.570014
-0.542849
-0.517689
-0.494775
-0.434376
-0.344715
-0.251409
-0.161996
-0.080039
-0.008016
0.000000
0.051710
0.189971
0.287948
0.376313
0.459194
0.535355
0.602688
0.659194
0.689224
0.691221
0.676761
0.653309
0.625604
0.596599
0.568072
0.541041
0.516037
0.493284
0.429861
0.339596
0.246317
0.157177
0.075651
0.004182
0.000000
-0.062395
-0.196720
-0.293787
-0.381725
-0.464144
-0.539717
-0.606334
-0.662019
-0.689842
-0.690524
-0.675326
-0.651504
-0.623660
-0.594657
-0.566214
-0.539311
-0.514456
-0.491857
-0.425350
-0.334483
-0.241241
-0.152390
-0.071307
-0.000405
0.000000
0.073130
0.203539
0.299707
0.387226
0.469186
0.544168
0.610064
0.664921
0.690479
0.689811
0.673855
0.649653
0.621667
0.592665
0.564308
0.537537
0.512834
0.490394
0.420334
0.328778
0.235585
0.147064
0.066488
0.000000
0.000000
-0.082148
-0.209543
-0.305087
-0.392337
-0.473970
-0.548493
-0.613797
-0.667950
-0.691298
-0.689304
-0.672596
-0.648008
-0.619867
-0.590851
-0.562563
-0.535907
-0.511341
-0.489044
-0.415388
-0.323098
-0.229910
-0.141682
-0.061579
0.000000
0.000000
0.090798
0.215313
0.310261
0.397256
0.478575
0.552656
0.617392
0.670868
0.692080
0.688806
0.671372
0.646412
0.618121
0.589093
0.560873
0.534328
0.509895
0.487737
0.410674
0.317680
0.224488
0.136529
0.056870
0.000000
0.000000
-0.099134
-0.220885
-0.315265
-0.402019
-0.483040
-0.556700
-0.620890
-0.673715
-0.692863
-0.688350
-0.670211
-0.644890
-0.616453
-0.587411
-0.559254
-0.532815
-0.508508
-0.486484
-0.406166
-0.312501
-0.219306
-0.131607
-0.052373
0.000000
0.000000
0.107103
0.226211
0.320049
0.406572
0.487309
0.560565
0.624233
0.676435
0.693609
0.687911
0.669099
0.643431
0.614855
0.585799
0.557703
0.531367
0.507181
0.483859
0.401080
0.306988
0.213924
0.126596
0.047892
0.000000
0.000000
-0.115151
-0.231548
-0.324818
-0.411094
-0.491533
-0.564374
-0.627513
-0.679086
-0.694311
-0.687445
-0.667971
-0.641965
-0.613254
-0.584187
-0.556154
-0.529920
-0.505856
-0.477755
-0.394094
-0.300104
-0.207507
-0.120859
-0.042998
0.000000
0.000000
0.124365
0.237599
0.330192
0.416169
0.496258
0.568621
0.631154
0.680574
0.694265
0.686505
0.666549
0.640322
0.611552
0.582523
0.554583
0.528471
0.504540
0.471686
0.387153
0.293270
0.201140
0.115173
0.038154
0.000000
0.000000
-0.133718
-0.243812
-0.335759
-0.421468
-0.501233
-0.573137
-0.635077
-0.682071
-0.694281
-0.685655
-0.665230
-0.638785
-0.609953
-0.580957
-0.553103
-0.527103
-0.503297
-0.465916
-0.380571
-0.286812
-0.195146
-0.109843
-0.033638
0.000000
0.000000
0.142595
0.249735
0.341084
0.426549
0.506014
0.577489
0.638870
0.683539
0.694328
0.684871
0.663993
0.637337
0.608443
0.579476
0.551701
0.525808
0.502119
0.460382
0.374259
0.280622
0.189405
0.104743
0.029321
0.000000
0.000000
-0.151077
-0.255391
-0.346166
-0.431397
-0.510574
-0.581638
-0.642484
-0.684932
-0.694365
-0.684114
-0.662806
-0.635948
-0.606996
-0.578057
-0.550359
-0.524568
-0.500991
-0.455080
-0.368211
-0.274689
-0.183901
-0.099852
-0.025180
0.000000
0.003079
0.159112
0.261157
0.351409
0.436346
0.515154
0.585722
0.645952
0.686153
0.694222
0.683181
0.661450
0.634404
0.605408
0.576510
0.548903
0.523227
0.499775
0.449726
0.362114
0.268704
0.178342
0.094904
0.020981
0.000000
-0.015275
-0.166886
-0.267932
-0.357727
-0.442162
-0.520316
-0.590080
-0.649380
-0.686996
-0.693518
-0.681603
-0.659430
-0.632212
-0.603209
-0.574401
-0.546936
-0.521427
-0.498149
-0.444610
-0.356313
-0.262944
-0.172905
-0.089968
-0.016685
0.000000
0.027505
0.174674
0.274709
0.364039
0.447965
0.525460
0.594414
0.652780
0.687817
0.692799
0.680016
0.657403
0.630014
0.601006
0.572288
0.544966
0.519625
0.496522
0.439683
0.350733
0.257397
0.167662
0.085199
0.012524
0.000000
-0.039162
-0.182048
-0.281096
-0.369964
-0.453388
-0.530242
-0.598416
-0.655887
-0.688505
-0.692045
-0.678451
-0.655432
-0.627891
-0.598883
-0.570257
-0.543075
-0.517896
-0.494961
-0.434942
-0.345357
-0.252049
-0.162601
-0.080590
-0.008498
0.000000
0.050371
0.189125
0.287216
0.375635
0.458574
0.534809
0.602232
0.658841
0.689147
0.691308
0.676942
0.653535
0.625848
0.596843
0.568305
0.541258
0.516236
0.493463
0.430403
0.340211
0.246928
0.157756
0.076178
0.004643
0.000000
-0.061112
-0.195909
-0.293085
-0.381076
-0.463550
-0.539193
-0.605896
-0.661680
-0.689768
-0.690607
-0.675499
-0.651720
-0.623894
-0.594890
-0.566437
-0.539519
-0.514646
-0.492029
-0.425937
-0.335148
-0.241899
-0.153006
-0.071863
-0.000885
0.000000
0.071718
0.202633
0.298915
0.386488
0.468506
0.543566
0.609558
0.664525
0.690391
0.689907
0.674055
0.649905
0.621938
0.592936
0.564567
0.537778
0.513055
0.490593
0.421018
0.329560
0.236364
0.147802
0.067160
0.000000
0.000000
-0.080953
-0.208745
-0.304370
-0.391656
-0.473331
-0.547914
-0.613297
-0.667543
-0.691186
-0.689370
-0.672763
-0.648226
-0.620106
-0.591092
-0.562795
-0.536124
-0.511540
-0.489224
-0.416044
-0.323852
-0.230664
-0.142397
-0.062232
0.000000
0.000000
0.089646
0.214544
0.309571
0.396600
0.477961
0.552101
0.616913
0.670478
0.691975
0.688872
0.671534
0.646624
0.618353
0.589327
0.561098
0.534538
0.510087
0.487911
0.411301
0.318400
0.225208
0.137214
0.057496
0.000000
0.000000
-0.098026
-0.220144
-0.314600
-0.401386
-0.482447
-0.556162
-0.620425
-0.673336
-0.692759
-0.688411
-0.670366
-0.645092
-0.616675
-0.587634
-0.559469
-0.533016
-0.508693
-0.486650
-0.406765
-0.313190
-0.219995
-0.132262
-0.052971
0.000000
0.000000
0.106043
0.225503
0.319413
0.405967
0.486742
0.560051
0.623789
0.676074
0.693510
0.687969
0.669247
0.643625
0.615068
0.586014
0.557910
0.531559
0.507358
0.484662
0.401999
0.307895
0.214772
0.127355
0.048541
0.000000
0.000000
-0.113949
-0.230764
-0.324124
-0.410441
-0.490928
-0.563833
-0.627051
-0.678719
-0.694221
-0.687521
-0.668141
-0.642182
-0.613489
-0.584423
-0.556380
-0.530131
-0.506049
-0.478669
-0.395138
-0.301130
-0.208459
-0.121707
-0.043718
0.000000
0.000000
0.122963
0.236667
0.329357
0.415375
0.495514
0.567946
0.630569
0.680358
0.694272
0.686643
0.666757
0.640562
0.611800
0.582767
0.554813
0.528683
0.504732
0.472579
0.388173
0.294274
0.202074
0.116007
0.038863
0.000000
0.000000
-0.132343
-0.242897
-0.334939
-0.420687
-0.500499
-0.572471
-0.634498
-0.681849
-0.694276
-0.685778
-0.665422
-0.639010
-0.610187
-0.581187
-0.553320
-0.527304
-0.503479
-0.466765
-0.381540
-0.287762
-0.196027
-0.110626
-0.034301
0.000000
0.000000
0.141290
0.248864
0.340300
0.425802
0.505311
0.576849
0.638312
0.683323
0.694321
0.684986
0.664175
0.637550
0.608665
0.579694
0.551907
0.525999
0.502292
0.461196
0.375189
0.281533
0.190250
0.105494
0.029957
0.000000
0.000000
-0.149828
-0.254558
-0.345418
-0.430683
-0.509903
-0.581027
-0.641952
-0.684727
-0.694360
-0.684226
-0.662980
-0.636153
-0.607209
-0.578266
-0.550557
-0.524751
-0.501157
-0.455860
-0.369101
-0.275562
-0.184711
-0.100572
-0.025790
0.000000
0.001296
0.157972
0.260161
0.350478
0.435488
0.514391
0.585076
0.645441
0.686024
0.694321
0.683409
0.661744
0.634724
0.605729
0.576818
0.549190
0.523490
0.500012
0.450633
0.363143
0.269716
0.179285
0.095747
0.021700
0.000000
-0.013224
-0.165589
-0.266807
-0.356683
-0.441205
-0.519472
-0.589373
-0.648830
-0.686871
-0.693647
-0.681876
-0.659774
-0.632583
-0.603580
-0.574756
-0.547267
-0.521730
-0.498422
-0.445442
-0.357256
-0.263882
-0.173793
-0.090776
-0.017391
0.000000
0.025510
0.173405
0.273606
0.363013
0.447022
0.524625
0.593712
0.652231
0.687687
0.692919
0.680276
0.657735
0.630374
0.601366
0.572633
0.545288
0.519919
0.496787
0.440487
0.351643
0.258302
0.168518
0.085977
0.013203
0.000000
-0.037263
-0.180848
-0.280057
-0.369001
-0.452507
-0.529466
-0.597767
-0.655383
-0.688395
-0.692169
-0.678707
-0.655754
-0.628237
-0.599229
-0.570588
-0.543383
-0.518178
-0.495216
-0.435715
-0.346233
-0.252920
-0.163426
-0.081341
-0.009154
0.000000
0.048544
0.187972
0.286219
0.374711
0.457729
0.534065
0.601610
0.658360
0.689042
0.691428
0.677188
0.653844
0.626181
0.597175
0.568623
0.541554
0.516506
0.493707
0.431142
0.341049
0.247762
0.158545
0.076896
0.005271
0.000000
-0.059363
-0.194804
-0.292129
-0.380189
-0.462739
-0.538479
-0.605299
-0.661218
-0.689667
-0.690722
-0.675734
-0.652016
-0.624212
-0.595208
-0.566741
-0.539802
-0.514905
-0.492262
-0.426737
-0.336055
-0.242795
-0.153847
-0.072621
-0.001539
0.000000
0.069793
0.201398
0.297837
0.385481
0.467581
0.542746
0.608867
0.663983
0.690271
0.690039
0.674328
0.650248
0.622308
0.593306
0.564921
0.538108
0.513356
0.490865
0.421951
0.330626
0.237427
0.148808
0.068077
0.000000
0.000000
-0.079325
-0.207657
-0.303394
-0.390726
-0.472460
-0.547126
-0.612615
-0.666989
-0.691034
-0.689460
-0.672990
-0.648524
-0.620432
-0.591421
-0.563111
-0.536419
-0.511810
-0.489468
-0.416940
-0.324881
-0.231692
-0.143373
-0.063123
0.000000
0.000000
0.088076
0.213496
0.308631
0.395707
0.477124
0.551344
0.616259
0.669947
0.691832
0.688961
0.671756
0.646913
0.618670
0.589646
0.561404
0.534825
0.510349
0.488148
0.412155
0.319382
0.226191
0.138148
0.058349
0.000000
0.000000
-0.096515
-0.219134
-0.313693
-0.400522
-0.481637
-0.555429
-0.619791
-0.672820
-0.692617
-0.688493
-0.670576
-0.645368
-0.616977
-0.587939
-0.559763
-0.533291
-0.508944
-0.486877
-0.407583
-0.314129
-0.220935
-0.133154
-0.053786
0.000000
0.000000
0.104598
0.224537
0.318546
0.405142
0.485968
0.559350
0.623183
0.675581
0.693375
0.688049
0.669449
0.643890
0.615357
0.586306
0.558191
0.531822
0.507598
0.485661
0.403201
0.309095
0.215899
0.128370
0.049415
0.000000
0.000000
-0.112338
-0.229710
-0.323191
-0.409562
-0.490112
-0.563102
-0.626428
-0.678221
-0.694097
-0.687621
-0.668367
-0.642473
-0.613805
-0.584740
-0.556684
-0.530415
-0.506309
-0.479893
-0.396537
-0.302505
-0.209737
-0.122845
-0.044684
0.000000
0.000000
0.121088
0.235424
0.328244
0.414318
0.494523
0.567050
0.629794
0.680072
0.694286
0.686830
0.667038
0.640885
0.612135
0.583093
0.555121
0.528967
0.504990
0.473774
0.389539
0.295619
0.203326
0.117123
0.039813
0.000000
0.000000
-0.130502
-0.241674
-0.333841
-0.419642
-0.499517
-0.571579
-0.633722
-0.681551
-0.694271
-0.685944
-0.665680
-0.639311
-0.610500
-0.581494
-0.553610
-0.527572
-0.503723
-0.467901
-0.382835
-0.289032
-0.197206
-0.111674
-0.035188
0.000000
0.000000
0.139544
0.247699
0.339253
0.424802
0.504370
0.575992
0.637565
0.683034
0.694311
0.685140
0.664418
0.637835
0.608962
0.579985
0.552183
0.526254
0.502524
0.462286
0.376431
0.282752
0.191380
0.106498
0.030807
0.000000
0.000000
-0.148158
-0.253445
-0.344417
-0.429729
-0.509005
-0.580210
-0.641241
-0.684453
-0.694352
-0.684375
-0.663214
-0.636426
-0.607494
-0.578545
-0.550821
-0.524995
-0.501379
-0.456904
-0.370292
-0.276730
-0.185795
-0.101535
-0.026605
0.000000
0.000000
0.156412
0.258949
0.349364
0.434447
0.513443
0.584249
0.644759
0.685810
0.694390
0.683640
0.662059
0.635076
0.606087
0.577165
0.549515
0.523788
0.500282
0.451749
0.364412
0.270962
0.180444
0.096780
0.022580
0.000000
-0.010690
-0.163979
-0.265408
-0.355380
-0.440009
-0.518412
-0.588480
-0.648131
-0.686705
-0.693799
-0.682207
-0.660196
-0.633040
-0.604038
-0.575195
-0.547676
-0.522104
-0.498760
-0.446461
-0.358412
-0.265033
-0.174882
-0.091769
-0.018259
0.000000
0.023046
0.171836
0.272241
0.361741
0.445853
0.523588
0.592838
0.651545
0.687521
0.693063
0.680596
0.658143
0.630816
0.601809
0.573059
0.545684
0.520282
0.497115
0.441478
0.352766
0.259418
0.169573
0.086937
0.014040
0.000000
-0.034925
-0.179370
-0.278778
-0.367816
-0.451423
-0.528511
-0.596969
-0.654765
-0.688260
-0.692323
-0.679023
-0.656150
-0.628664
-0.599656
-0.570996
-0.543763
-0.518525
-0.495529
-0.436667
-0.347313
-0.253995
-0.164443
-0.082267
-0.009963
0.000000
0.046292
0.186550
0.284989
0.373572
0.456687
0.533148
0.600844
0.657766
0.688913
0.691576
0.677491
0.654225
0.626591
0.597585
0.569015
0.541919
0.516840
0.494008
0.432054
0.342082
0.248790
0.159518
0.077782
0.006044
0.000000
-0.057206
-0.193442
-0.290951
-0.379097
-0.461740
-0.537599
-0.604563
-0.660647
-0.689542
-0.690862
-0.676023
-0.652380
-0.624605
-0.595600
-0.567116
-0.540151
-0.515224
-0.492550
-0.427636
-0.337075
-0.243808
-0.154804
-0.073490
-0.002295
0.000000
0.067656
0.200043
0.296661
0.384390
0.466581
0.541864
0.608128
0.663410
0.690146
0.690180
0.674619
0.650614
0.622703
0.593700
0.565298
0.538459
0.513677
0.491154
0.422943
0.331754
0.238544
0.149859
0.069026
0.000000
0.000000
-0.077611
-0.206509
-0.302360
-0.389742
-0.471536
-0.546288
-0.611890
-0.666397
-0.690870
-0.689552
-0.673228
-0.648838
-0.620776
-0.591769
-0.563446
-0.536732
-0.512097
-0.489727
-0.417900
-0.325985
-0.232795
-0.144419
-0.064077
0.000000
0.000000
0.086397
0.212377
0.307628
0.394753
0.476231
0.550537
0.615562
0.669382
0.691681
0.689059
0.671994
0.647223
0.619009
0.589987
0.561733
0.535131
0.510631
0.488402
0.413069
0.320433
0.227243
0.139147
0.059263
0.000000
0.000000
-0.094896
-0.218052
-0.312721
-0.399597
-0.480770
-0.554643
-0.619111
-0.672266
-0.692464
-0.688581
-0.670801
-0.645663
-0.617301
-0.588266
-0.560077
-0.533584
-0.509213
-0.487121
-0.408457
-0.315133
-0.221940
-0.134109
-0.054658
0.000000
0.000000
0.103053
0.223504
0.317618
0.404258
0.485140
0.558601
0.622534
0.675053
0.693230
0.688134
0.669665
0.644173
0.615667
0.586618
0.558491
0.532103
0.507856
0.485893
0.404040
0.310059
0.216863
0.129286
0.050252
0.000000
0.000000
-0.110857
-0.228720
-0.322303
-0.408716
-0.489319
-0.562384
-0.625807
-0.677716
-0.693959
-0.687703
-0.668574
-0.642744
-0.614102
-0.585040
-0.556973
-0.530684
-0.506555
-0.481016
-0.397822
-0.303773
-0.210922
-0.123907
-0.045592
0.000000
0.000000
0.119408
0.234327
0.327275
0.413406
0.493677
0.566293
0.629148
0.679856
0.694328
0.687022
0.667309
0.641192
0.612448
0.583397
0.555407
0.529230
0.505228
0.474860
0.390783
0.296844
0.204469
0.118146
0.040687
0.000000
0.000000
-0.128825
-0.240560
-0.332844
-0.418693
-0.498626
-0.570770
-0.633019
-0.681282
-0.694266
-0.686094
-0.665914
-0.639584
-0.610784
-0.581772
-0.553873
-0.527815
-0.503944
-0.468925
-0.384002
-0.290177
-0.198268
-0.112618
-0.035987
0.000000
0.000000
0.137968
0.246646
0.338306
0.423898
0.503519
0.575217
0.636889
0.682772
0.694302
0.685279
0.664637
0.638091
0.609230
0.580248
0.552432
0.526483
0.502733
0.463271
0.377555
0.283854
0.192402
0.107405
0.031574
0.000000
0.000000
-0.146650
-0.252440
-0.343514
-0.428867
-0.508195
-0.579473
-0.640599
-0.684206
-0.694346
-0.684509
-0.663426
-0.636673
-0.607752
-0.578798
-0.551060
-0.525216
-0.501580
-0.457847
-0.371368
-0.277786
-0.186774
-0.102405
-0.027342
0.000000
0.000000
0.154965
0.257984
0.348496
0.433619
0.512665
0.583540
0.644141
0.685572
0.694383
0.683768
0.662262
0.635312
0.606334
0.577407
0.549744
0.524000
0.500475
0.452652
0.365442
0.271973
0.181381
0.097613
0.023285
0.000000
-0.008626
-0.162659
-0.264255
-0.354303
-0.439015
-0.517529
-0.587732
-0.647540
-0.686555
-0.693914
-0.682471
-0.660536
-0.633410
-0.604410
-0.575552
-0.548009
-0.522408
-0.499035
-0.447282
-0.359343
-0.265960
-0.175761
-0.092570
-0.018960
0.000000
0.021043
0.170556
0.271124
0.360699
0.444893
0.522736
0.592118
0.650977
0.687379
0.693176
0.680853
0.658473
0.631175
0.602169
0.573404
0.546007
0.520577
0.497381
0.442283
0.353677
0.260323
0.170428
0.087714
0.014718
0.000000
-0.033030
-0.178173
-0.277743
-0.366856
-0.450545
-0.527737
-0.596323
-0.654265
-0.688152
-0.692448
-0.679279
-0.656473
-0.629011
-0.600002
-0.571327
-0.544071
-0.518807
-0.495783
-0.437441
-0.348191
-0.254868
-0.165270
-0.083021
-0.010621
0.000000
0.044462
0.185395
0.283991
0.372647
0.455841
0.532403
0.600222
0.657285
0.688809
0.691697
0.677737
0.654535
0.626925
0.597918
0.569334
0.542216
0.517111
0.494253
0.432794
0.342921
0.249625
0.160307
0.078501
0.006673
0.000000
-0.055455
-0.192336
-0.289994
-0.378210
-0.460928
-0.536883
-0.603965
-0.660184
-0.689440
-0.690976
-0.676258
-0.652676
-0.624923
-0.595919
-0.567421
-0.540435
-0.515483
-0.492784
-0.428345
-0.337878
-0.244608
-0.155560
-0.074178
-0.002896
0.000000
0.065980
0.198984
0.295745
0.383541
0.465805
0.541180
0.607556
0.662967
0.690049
0.690290
0.674844
0.650898
0.623008
0.594005
0.565590
0.538731
0.513925
0.491378
0.423710
0.332623
0.239404
0.150666
0.069753
0.000000
0.000000
-0.076291
-0.205624
-0.301564
-0.388982
-0.470823
-0.545641
-0.611329
-0.665939
-0.690743
-0.689623
-0.673412
-0.649079
-0.621042
-0.592036
-0.563704
-0.536973
-0.512318
-0.489927
-0.418645
-0.326841
-0.233650
-0.145230
-0.064817
0.000000
0.000000
0.085096
0.211510
0.306851
0.394014
0.475540
0.549912
0.615023
0.668945
0.691565
0.689135
0.672179
0.647464
0.619272
0.590252
0.561987
0.535369
0.510848
0.488599
0.413777
0.321246
0.228057
0.139922
0.059971
0.000000
0.000000
-0.093642
-0.217213
-0.311967
-0.398880
-0.480097
-0.554034
-0.618584
-0.671837
-0.692346
-0.688649
-0.670975
-0.645891
-0.617551
-0.588519
-0.560320
-0.533812
-0.509421
-0.487309
-0.409134
-0.315911
-0.222718
-0.134848
-0.055333
0.000000
0.000000
0.101856
0.222704
0.316899
0.403574
0.484498
0.558020
0.622032
0.674644
0.693118
0.688200
0.669832
0.644392
0.615907
0.586860
0.558724
0.532321
0.508055
0.486074
0.404690
0.310805
0.217610
0.129996
0.050900
0.000000
0.000000
-0.109709
-0.227953
-0.321614
-0.408061
-0.488705
-0.561828
-0.625326
-0.677324
-0.693852
-0.687767
-0.668735
-0.642954
-0.614332
-0.585272
-0.557196
-0.530893
-0.506747
-0.481885
-0.398818
-0.304756
-0.211840
-0.124729
-0.046295
0.000000
0.000000
0.118107
0.233478
0.326524
0.412699
0.493022
0.565706
0.628648
0.679688
0.694361
0.687171
0.667519
0.641429
0.612691
0.583633
0.555628
0.529433
0.505413
0.475701
0.391746
0.297794
0.205355
0.118939
0.041363
0.000000
0.000000
-0.127526
-0.239698
-0.332072
-0.417958
-0.497936
-0.570143
-0.632475
-0.681073
-0.694262
-0.686210
-0.666095
-0.639795
-0.611005
-0.581988
-0.554077
-0.528004
-0.504115
-0.469718
-0.384907
-0.291064
-0.199090
-0.113349
-0.036606
0.000000
0.000000
0.136747
0.245830
0.337572
0.423198
0.502859
0.574617
0.636366
0.682568
0.694295
0.685386
0.664807
0.638290
0.609438
0.580452
0.552624
0.526661
0.502895
0.464034
0.378425
0.284707
0.193193
0.108108
0.032169
0.000000
0.000000
-0.145483
-0.251661
-0.342815
-0.428200
-0.507567
-0.578902
-0.640102
-0.684014
-0.694341
-0.684614
-0.663590
-0.636865
-0.607951
-0.578993
-0.551245
-0.525386
-0.501735
-0.458578
-0.372201
-0.278603
-0.187532
-0.103079
-0.027913
0.000000
0.000000
0.153843
0.257236
0.347824
0.432978
0.512062
0.582992
0.643663
0.685387
0.694378
0.683868
0.662419
0.635496
0.606525
0.577594
0.549921
0.524164
0.500624
0.453352
0.366240
0.272755
0.182108
0.098259
0.023831
0.000000
-0.007027
-0.161637
-0.263362
-0.353469
-0.438246
-0.516844
-0.587153
-0.647082
-0.686439
-0.694003
-0.682675
-0.660799
-0.633696
-0.604697
-0.575828
-0.548266
-0.522644
-0.499248
-0.447918
-0.360064
-0.266678
-0.176441
-0.093190
-0.019503
0.000000
0.019491
0.169565
0.270259
0.359892
0.444150
0.522076
0.591560
0.650538
0.687269
0.693264
0.681052
0.658728
0.631452
0.602448
0.573672
0.546256
0.520805
0.497588
0.442906
0.354383
0.261024
0.171090
0.088317
0.015244
0.000000
-0.031561
-0.177245
-0.276940
-0.366112
-0.449865
-0.527138
-0.595822
-0.653877
-0.688069
-0.692545
-0.679478
-0.656722
-0.629279
-0.600270
-0.571584
-0.544310
-0.519025
-0.495980
-0.438040
-0.348871
-0.255545
-0.165910
-0.083604
-0.011131
0.000000
0.043045
0.184500
0.283217
0.371930
0.455186
0.531826
0.599740
0.656912
0.688728
0.691790
0.677928
0.654775
0.627183
0.598176
0.569580
0.542445
0.517320
0.494442
0.433367
0.343571
0.250271
0.160919
0.079059
0.007159
0.000000
-0.054098
-0.191478
-0.289252
-0.377522
-0.460299
-0.536329
-0.603502
-0.659825
-0.689362
-0.691065
-0.676441
-0.652905
-0.625170
-0.596165
-0.567657
-0.540655
-0.515684
-0.492965
-0.428894
-0.338501
-0.245227
-0.156146
-0.074712
-0.003362
0.000000
0.064681
0.198164
0.295036
0.382883
0.465203
0.540650
0.607113
0.662623
0.689974
0.690374
0.675019
0.651117
0.623244
0.594241
0.565816
0.538941
0.514118
0.491552
0.424305
0.333297
0.240070
0.151290
0.070317
0.000000
0.000000
-0.075269
-0.204938
-0.300946
-0.388394
-0.470270
-0.545140
-0.610895
-0.665585
-0.690644
-0.689679
-0.673555
-0.649267
-0.621247
-0.592244
-0.563904
-0.537160
-0.512489
-0.490082
-0.419222
-0.327504
-0.234313
-0.145859
-0.065390
0.000000
0.000000
0.084089
0.210839
0.306249
0.393442
0.475005
0.549429
0.614606
0.668607
0.691475
0.689194
0.672323
0.647651
0.619476
0.590458
0.562185
0.535553
0.511017
0.488751
0.414325
0.321877
0.228688
0.140522
0.060520
0.000000
0.000000
-0.092670
-0.216563
-0.311383
-0.398324
-0.479576
-0.553562
-0.618175
-0.671504
-0.692254
-0.688702
-0.671110
-0.646069
-0.617746
-0.588714
-0.560508
-0.533988
-0.509583
-0.487455
-0.409659
-0.316514
-0.223321
-0.135421
-0.055857
0.000000
0.000000
0.100928
0.222084
0.316342
0.403044
0.484002
0.557570
0.621643
0.674327
0.693031
0.688251
0.669961
0.644561
0.616093
0.587048
0.558905
0.532489
0.508210
0.486214
0.405193
0.311384
0.218189
0.130546
0.051403
0.000000
0.000000
-0.108820
-0.227359
-0.321080
-0.407553
-0.488229
-0.561397
-0.624954
-0.677021
-0.693769
-0.687816
-0.668859
-0.643117
-0.614511
-0.585452
-0.557369
-0.531054
-0.506895
-0.482558
-0.399589
-0.305517
-0.212550
-0.125365
-0.046839
0.000000
0.000000
0.117099
0.232820
0.325942
0.412151
0.492514
0.565252
0.628261
0.679557
0.694387
0.687286
0.667682
0.641612
0.612879
0.583816
0.555800
0.529591
0.505556
0.476353
0.392492
0.298529
0.206041
0.119553
0.041888
0.000000
0.000000
-0.126519
-0.239030
-0.331473
-0.417388
-0.497402
-0.569658
-0.632053
-0.680912
-0.694260
-0.686300
-0.666236
-0.639959
-0.611175
-0.582155
-0.554235
-0.528150
-0.504248
-0.470333
-0.385607
-0.291752
-0.199728
-0.113915
-0.037085
0.000000
0.000000
0.135801
0.245199
0.337004
0.422655
0.502349
0.574152
0.635960
0.682411
0.694289
0.685469
0.664938
0.638444
0.609598
0.580609
0.552774
0.526799
0.503020
0.464625
0.379099
0.285368
0.193806
0.108653
0.032629
0.000000
0.000000
-0.144578
-0.251058
-0.342273
-0.427683
-0.507081
-0.578460
-0.639716
-0.683866
-0.694338
-0.684695
-0.663716
-0.637013
-0.608106
-0.579145
-0.551388
-0.525519
-0.501856
-0.459144
-0.372847
-0.279237
-0.188120
-0.103602
-0.028355
0.000000
0.000000
0.152975
0.256657
0.347304
0.432482
0.511595
0.582567
0.643293
0.685245
0.694374
0.683945
0.662540
0.635638
0.606673
0.577739
0.550059
0.524290
0.500739
0.453894
0.366858
0.273362
0.182670
0.098758
0.024254
0.000000
-0.005789
-0.160845
-0.262670
-0.352823
-0.437650
-0.516314
-0.586704
-0.646727
-0.686350
-0.694071
-0.682834
-0.661003
-0.633918
-0.604920
-0.576042
-0.548466
-0.522827
-0.499413
-0.448410
-0.360622
-0.267234
-0.176968
-0.093671
-0.019923
0.000000
0.018289
0.168797
0.269589
0.359267
0.443574
0.521565
0.591128
0.650197
0.687184
0.693331
0.681206
0.658926
0.631668
0.602664
0.573879
0.546450
0.520982
0.497748
0.443389
0.354929
0.261568
0.171604
0.088783
0.015651
0.000000
-0.030424
-0.176527
-0.276319
-0.365536
-0.449338
-0.526674
-0.595435
-0.653577
-0.688004
-0.692621
-0.679632
-0.656916
-0.629487
-0.600478
-0.571783
-0.544495
-0.519194
-0.496133
-0.438504
-0.349397
-0.256069
-0.166406
-0.084056
-0.011526
0.000000
0.041947
0.183807
0.282618
0.371375
0.454679
0.531379
0.599367
0.656623
0.688666
0.691862
0.678076
0.654961
0.627383
0.598376
0.569771
0.542623
0.517483
0.494589
0.433811
0.344074
0.250772
0.161393
0.079490
0.007537
0.000000
-0.053047
-0.190815
-0.288678
-0.376990
-0.459812
-0.535900
-0.603143
-0.659547
-0.689301
-0.691133
-0.676582
-0.653083
-0.625361
-0.596356
-0.567840
-0.540825
-0.515840
-0.493106
-0.429320
-0.338983
-0.245707
-0.156600
-0.075125
-0.003723
0.000000
0.063675
0.197528
0.294486
0.382374
0.464737
0.540239
0.606770
0.662358
0.689916
0.690440
0.675154
0.651287
0.623427
0.594424
0.565991
0.539104
0.514267
0.491686
0.424765
0.333819
0.240586
0.151774
0.070753
0.000000
0.000000
-0.074477
-0.204407
-0.300468
-0.387938
-0.469843
-0.544752
-0.610558
-0.665310
-0.690568
-0.689721
-0.673665
-0.649412
-0.621407
-0.592405
-0.564059
-0.537304
-0.512622
-0.490202
-0.419669
-0.328018
-0.234826
-0.146345
-0.065834
0.000000
0.000000
0.083309
0.210318
0.305783
0.392999
0.474590
0.549054
0.614283
0.668345
0.691405
0.689240
0.672434
0.647795
0.619634
0.590617
0.562338
0.535696
0.511148
0.488869
0.414750
0.322365
0.229177
0.140987
0.060945
0.000000
0.000000
-0.091917
-0.216060
-0.310931
-0.397893
-0.479172
-0.553196
-0.617859
-0.671247
-0.692183
-0.688743
-0.671214
-0.646206
-0.617896
-0.588866
-0.560654
-0.534124
-0.509708
-0.487568
-0.410066
-0.316981
-0.223788
-0.135864
-0.056262
0.000000
0.000000
0.100210
0.221604
0.315911
0.402634
0.483617
0.557221
0.621342
0.674082
0.692964
0.688291
0.670062
0.644693
0.616238
0.587193
0.559045
0.532620
0.508329
0.486322
0.405583
0.311832
0.218637
0.130972
0.051792
0.000000
0.000000
-0.108132
-0.226899
-0.320667
-0.407160
-0.487860
-0.561064
-0.624665
-0.676787
-0.693705
-0.687854
-0.668955
-0.643243
-0.614649
-0.585591
-0.557503
-0.531180
-0.507010
-0.483080
-0.400187
-0.306106
-0.213101
-0.125859
-0.047261
0.000000
0.000000
0.116318
0.232310
0.325491
0.411727
0.492121
0.564900
0.627961
0.679444
0.694399
0.687372
0.667807
0.641755
0.613025
0.583958
0.555934
0.529715
0.505668
0.476867
0.393079
0.299108
0.206581
0.120035
0.042299
0.000000
0.000000
-0.125727
-0.238505
-0.331003
-0.416940
-0.496981
-0.569276
-0.631721
-0.680785
-0.694258
-0.686371
-0.666347
-0.640089
-0.611310
-0.582287
-0.554360
-0.528265
-0.504353
-0.470819
-0.386161
-0.292295
-0.200232
-0.114363
-0.037465
0.000000
0.000000
0.135054
0.244700
0.336555
0.422227
0.501946
0.573785
0.635640
0.682287
0.694285
0.685535
0.665042
0.638566
0.609725
0.580734
0.552892
0.526908
0.503119
0.465091
0.379631
0.285890
0.194290
0.109082
0.032993
0.000000
0.000000
-0.143863
-0.250581
-0.341844
-0.427275
-0.506697
-0.578111
-0.639412
-0.683749
-0.694335
-0.684759
-0.663817
-0.637130
-0.608228
-0.579264
-0.551501
-0.525623
-0.501951
-0.459591
-0.373357
-0.279737
-0.188584
-0.104014
-0.028704
0.000000
0.000000
0.152289
0.256200
0.346893
0.432090
0.511226
0.582231
0.643001
0.685132
0.694371
0.684006
0.662636
0.635750
0.606790
0.577854
0.550167
0.524391
0.500830
0.454322
0.367346
0.273841
0.183114
0.099153
0.024588
0.000000
-0.004811
-0.160219
-0.262124
-0.352312
-0.437179
-0.515895
-0.586350
-0.646447
-0.686279
-0.694126
-0.682959
-0.661165
-0.634094
-0.605096
-0.576211
-0.548624
-0.522971
-0.499544
-0.448845
-0.361115
-0.267722
-0.177426
-0.094085
-0.020282
0.000000
0.017266
0.168147
0.269024
0.358740
0.443090
0.521136
0.590767
0.649915
0.687117
0.693392
0.681339
0.659096
0.631852
0.602849
0.574056
0.546614
0.521133
0.497884
0.443802
0.355397
0.262032
0.172043
0.089183
0.015999
0.000000
-0.029444
-0.175906
-0.275780
-0.365036
-0.448880
-0.526270
-0.595096
-0.653313
-0.687944
-0.692683
-0.679762
-0.657080
-0.629665
-0.600656
-0.571953
-0.544654
-0.519339
-0.496264
-0.438902
-0.349848
-0.256518
-0.166830
-0.084442
-0.011863
0.000000
0.041007
0.183213
0.282104
0.370899
0.454243
0.530996
0.599046
0.656375
0.688612
0.691924
0.678203
0.655120
0.627554
0.598547
0.569935
0.542775
0.517622
0.494714
0.434192
0.344507
0.251202
0.161800
0.079861
0.007860
0.000000
-0.052145
-0.190245
-0.288185
-0.376533
-0.459395
-0.535532
-0.602836
-0.659309
-0.689249
-0.691192
-0.676703
-0.653235
-0.625525
-0.596520
-0.567997
-0.540971
-0.515973
-0.493226
-0.429685
-0.339397
-0.246118
-0.156989
-0.075480
-0.004033
0.000000
0.062811
0.196983
0.294014
0.381936
0.464337
0.539887
0.606476
0.662129
0.689866
0.690497
0.675270
0.651433
0.623585
0.594581
0.566141
0.539244
0.514394
0.491802
0.425160
0.334267
0.241028
0.152190
0.071127
0.000250
0.000000
-0.073588
-0.203832
-0.299963
-0.387465
-0.469406
-0.544363
-0.610229
-0.665050
-0.690507
-0.689780
-0.673791
-0.649571
-0.621579
-0.592577
-0.564224
-0.537458
-0.512763
-0.490329
-0.420112
-0.328525
-0.235332
-0.146825
-0.066270
0.000000
0.000000
0.082535
0.209802
0.305319
0.392558
0.474177
0.548680
0.613959
0.668082
0.691334
0.689283
0.672542
0.647937
0.619789
0.590773
0.562488
0.535837
0.511277
0.488986
0.415175
0.322853
0.229665
0.141450
0.061368
0.000000
0.000000
-0.091171
-0.215562
-0.310484
-0.397468
-0.478774
-0.552836
-0.617548
-0.670994
-0.692114
-0.688785
-0.671319
-0.646343
-0.618046
-0.589017
-0.560800
-0.534260
-0.509832
-0.487681
-0.410471
-0.317447
-0.224254
-0.136307
-0.056667
0.000000
0.000000
0.099493
0.221125
0.315481
0.402224
0.483233
0.556874
0.621041
0.673837
0.692897
0.688330
0.670161
0.644824
0.616381
0.587338
0.559184
0.532750
0.508449
0.486430
0.405971
0.312278
0.219083
0.131395
0.052179
0.000000
0.000000
-0.107446
-0.226441
-0.320256
-0.406769
-0.487493
-0.560731
-0.624378
-0.676553
-0.693641
-0.687892
-0.669051
-0.643369
-0.614786
-0.585730
-0.557637
-0.531304
-0.507124
-0.483599
-0.400782
-0.306693
-0.213649
-0.126350
-0.047681
0.000000
0.000000
0.115540
0.231803
0.325043
0.411305
0.491729
0.564550
0.627663
0.679206
0.694341
0.687421
0.667916
0.641895
0.613177
0.584111
0.556080
0.529851
0.505793
0.477458
0.393755
0.299772
0.207198
0.120584
0.042765
0.000000
0.000000
-0.124820
-0.237902
-0.330462
-0.416426
-0.496499
-0.568840
-0.631343
-0.680645
-0.694263
-0.686460
-0.666482
-0.640244
-0.611471
-0.582445
-0.554509
-0.528402
-0.504477
-0.471396
-0.386822
-0.292945
-0.200837
-0.114903
-0.037924
0.000000
0.000000
0.134164
0.244108
0.336025
0.421721
0.501471
0.573354
0.635265
0.682143
0.694282
0.685615
0.665167
0.638712
0.609877
0.580883
0.553032
0.527038
0.503237
0.465641
0.380258
0.286504
0.194860
0.109589
0.033422
0.000000
0.000000
-0.143019
-0.250017
-0.341338
-0.426791
-0.506242
-0.577696
-0.639051
-0.683609
-0.694330
-0.684833
-0.663934
-0.637268
-0.608372
-0.579405
-0.551635
-0.525747
-0.502063
-0.460118
-0.373958
-0.280327
-0.189131
-0.104500
-0.029115
0.000000
0.000000
0.151481
0.255661
0.346409
0.431628
0.510792
0.581836
0.642657
0.684999
0.694367
0.684078
0.662749
0.635882
0.606927
0.577989
0.550295
0.524509
0.500937
0.454827
0.367922
0.274406
0.183638
0.099619
0.024983
0.000000
-0.003657
-0.159482
-0.261479
-0.351710
-0.436624
-0.515402
-0.585932
-0.646117
-0.686195
-0.694190
-0.683107
-0.661355
-0.634301
-0.605304
-0.576410
-0.548810
-0.523142
-0.499698
-0.449432
-0.361781
-0.268376
-0.178037
-0.094631
-0.020747
0.000000
0.015939
0.167307
0.268296
0.358065
0.442472
0.520590
0.590309
0.649559
0.687036
0.693476
0.681515
0.659319
0.632092
0.603089
0.574286
0.546829
0.521329
0.498061
0.444340
0.356007
0.262640
0.172618
0.089706
0.016456
0.000000
-0.028152
-0.175085
-0.275067
-0.364372
-0.448270
-0.525730
-0.594641
-0.652958
-0.687860
-0.692760
-0.679931
-0.657295
-0.629898
-0.600889
-0.572176
-0.544862
-0.519530
-0.496436
-0.439423
-0.350437
-0.257103
-0.167384
-0.084946
-0.012303
0.000000
0.039778
0.182437
0.281432
0.370276
0.453673
0.530493
0.598626
0.656050
0.688541
0.692004
0.678368
0.655328
0.627778
0.598771
0.570149
0.542975
0.517805
0.494879
0.434692
0.345073
0.251766
0.162334
0.080347
0.008285
0.000000
-0.050963
-0.189499
-0.287539
-0.375935
-0.458848
-0.535051
-0.602434
-0.658997
-0.689181
-0.691270
-0.676862
-0.653435
-0.625741
-0.596735
-0.568202
-0.541162
-0.516148
-0.493384
-0.430163
-0.339939
-0.246658
-0.157500
-0.075945
-0.004439
0.000000
0.061679
0.196268
0.293395
0.381363
0.463812
0.539425
0.606089
0.661830
0.689801
0.690570
0.675422
0.651625
0.623791
0.594787
0.566338
0.539427
0.514562
0.491953
0.425678
0.334854
0.241608
0.152734
0.071618
0.000673
0.000000
-0.072342
-0.203033
-0.299265
-0.386814
-0.468807
-0.543832
-0.609782
-0.664700
-0.690430
-0.689865
-0.673967
-0.649793
-0.621818
-0.592817
-0.564453
-0.537672
-0.512957
-0.490505
-0.420716
-0.329214
-0.236020
-0.147476
-0.066863
0.000000
0.000000
0.081481
0.209098
0.304687
0.391957
0.473613
0.548170
0.613518
0.667723
0.691236
0.689341
0.672689
0.648130
0.620000
0.590986
0.562693
0.536028
0.511452
0.489144
0.415754
0.323519
0.230330
0.142081
0.061944
0.000000
0.000000
-0.090155
-0.214884
-0.309876
-0.396890
-0.478232
-0.552346
-0.617124
-0.670650
-0.692022
-0.688843
-0.671462
-0.646530
-0.618251
-0.589224
-0.560998
-0.534445
-0.510002
-0.487834
-0.411024
-0.318082
-0.224890
-0.136911
-0.057219
0.000000
0.000000
0.098516
0.220471
0.314894
0.401665
0.482709
0.556400
0.620631
0.673503
0.692805
0.688384
0.670298
0.645002
0.616577
0.587535
0.559374
0.532928
0.508611
0.486577
0.406500
0.312885
0.219691
0.131973
0.052706
0.000000
0.000000
-0.106511
-0.225816
-0.319694
-0.406234
-0.486992
-0.560278
-0.623985
-0.676234
-0.693554
-0.687944
-0.669182
-0.643540
-0.614974
-0.585919
-0.557818
-0.531474
-0.507279
-0.484307
-0.401593
-0.307494
-0.214397
-0.127020
-0.048254
0.000000
0.000000
0.114480
0.231111
0.324431
0.410729
0.491195
0.564072
0.627255
0.678881
0.694261
0.687488
0.668066
0.642086
0.613385
0.584319
0.556280
0.530038
0.505964
0.478265
0.394676
0.300677
0.208038
0.121332
0.043400
0.000000
0.000000
-0.123582
-0.237079
-0.329726
-0.415726
-0.495843
-0.568245
-0.630827
-0.680454
-0.694269
-0.686582
-0.666665
-0.640456
-0.611690
-0.582659
-0.554712
-0.528589
-0.504647
-0.472184
-0.387722
-0.293831
-0.201661
-0.115638
-0.038549
0.000000
0.000000
0.132951
0.243302
0.335301
0.421032
0.500824
0.572765
0.634754
0.681947
0.694278
0.685724
0.665337
0.638910
0.610083
0.581085
0.553224
0.527215
0.503398
0.466390
0.381112
0.287342
0.195638
0.110280
0.034008
0.000000
0.000000
-0.141867
-0.249249
-0.340647
-0.426132
-0.505621
-0.577132
-0.638559
-0.683418
-0.694324
-0.684935
-0.664095
-0.637456
-0.608567
-0.579598
-0.551816
-0.525915
-0.502216
-0.460836
-0.374778
-0.281130
-0.189876
-0.105162
-0.029676
0.000000
0.000000
0.150380
0.254926
0.345749
0.430999
0.510199
0.581297
0.642187
0.684818
0.694362
0.684176
0.662903
0.636062
0.607115
0.578173
0.550469
0.524670
0.501084
0.455515
0.368708
0.275176
0.184353
0.100254
0.025520
0.000000
-0.002084
-0.158476
-0.260601
-0.350890
-0.435868
-0.514728
-0.585362
-0.645667
-0.686081
-0.694277
-0.683308
-0.661614
-0.634582
-0.605587
-0.576682
-0.549063
-0.523374
-0.499907
-0.450232
-0.362688
-0.269269
-0.178868
-0.095374
-0.021382
0.000000
0.014130
0.166162
0.267304
0.357144
0.441628
0.519845
0.589685
0.649073
0.686926
0.693590
0.681755
0.659622
0.632419
0.603416
0.574599
0.547121
0.521596
0.498302
0.445074
0.356839
0.263467
0.173401
0.090419
0.017079
0.000000
-0.026392
-0.173966
-0.274094
-0.363467
-0.447439
-0.524994
-0.594022
-0.652473
-0.687745
-0.692866
-0.680161
-0.657588
-0.630215
-0.601206
-0.572481
-0.545146
-0.519789
-0.496670
-0.440132
-0.351241
-0.257902
-0.168140
-0.085633
-0.012903
0.000000
0.038102
0.181378
0.280516
0.369426
0.452896
0.529809
0.598054
0.655606
0.688444
0.692114
0.678594
0.655612
0.628084
0.599076
0.570442
0.543247
0.518053
0.495103
0.435373
0.345846
0.252535
0.163061
0.081009
0.008864
0.000000
-0.049352
-0.188481
-0.286660
-0.375120
-0.458102
-0.534394
-0.601885
-0.658573
-0.689088
-0.691375
-0.677079
-0.653708
-0.626034
-0.597029
-0.568483
-0.541423
-0.516387
-0.493599
-0.430816
-0.340679
-0.247394
-0.158196
-0.076579
-0.004993
0.000000
0.060136
0.195293
0.292552
0.380581
0.463097
0.538795
0.605563
0.661422
0.689711
0.690671
0.675630
0.651885
0.624072
0.595068
0.566607
0.539677
0.514790
0.492159
0.426383
0.335654
0.242399
0.153476
0.072286
0.001250
0.000000
-0.070644
-0.201944
-0.298313
-0.385926
-0.467990
-0.543108
-0.609172
-0.664223
-0.690324
-0.689981
-0.674207
-0.650096
-0.622145
-0.593143
-0.564765
-0.537962
-0.513223
-0.490745
-0.421539
-0.330155
-0.236957
-0.148364
-0.067672
0.000000
0.000000
0.080044
0.208138
0.303825
0.391137
0.472845
0.547474
0.612917
0.667234
0.691101
0.689420
0.672889
0.648392
0.620288
0.591276
0.562972
0.536289
0.511691
0.489360
0.416544
0.324426
0.231237
0.142942
0.062729
0.000000
0.000000
-0.088770
-0.213959
-0.309047
-0.396102
-0.477494
-0.551679
-0.616548
-0.670182
-0.691895
-0.688922
-0.671658
-0.646785
-0.618530
-0.589505
-0.561269
-0.534698
-0.510234
-0.488043
-0.411777
-0.318948
-0.225757
-0.137735
-0.057972
0.000000
0.000000
0.097183
0.219580
0.314094
0.400904
0.481995
0.555753
0.620071
0.673048
0.692680
0.688457
0.670483
0.645246
0.616844
0.587805
0.559633
0.533170
0.508833
0.486777
0.407221
0.313714
0.220520
0.132760
0.053426
0.000000
0.000000
-0.105237
-0.224964
-0.318929
-0.405506
-0.486310
-0.559660
-0.623451
-0.675799
-0.693434
-0.688014
-0.669360
-0.643773
-0.615229
-0.586177
-0.558066
-0.531706
-0.507492
-0.485273
-0.402699
-0.308585
-0.215416
-0.127933
-0.049035
0.000000
0.000000
0.113035
0.230167
0.323597
0.409945
0.490467
0.563421
0.626700
0.678439
0.694152
0.687579
0.668269
0.642347
0.613668
0.584603
0.556552
0.530291
0.506196
0.479364
0.395932
0.301911
0.209184
0.122352
0.044265
0.000000
0.000000
-0.121896
-0.235958
-0.328722
-0.414771
-0.494947
-0.567433
-0.630124
-0.680193
-0.694278
-0.686748
-0.666915
-0.640745
-0.611990
-0.582952
-0.554988
-0.528844
-0.504878
-0.473258
-0.388950
-0.295038
-0.202785
-0.116641
-0.039403
0.000000
0.000000
0.131297
0.242202
0.334315
0.420093
0.499941
0.571964
0.634056
0.681680
0.694273
0.685872
0.665569
0.639181
0.610365
0.581361
0.553485
0.527456
0.503618
0.467411
0.382276
0.288485
0.196697
0.111222
0.034806
0.000000
0.000000
-0.140297
-0.248201
-0.339705
-0.425233
-0.504775
-0.576362
-0.637887
-0.683159
-0.694316
-0.685074
-0.664313
-0.637712
-0.608834
-0.579860
-0.552064
-0.526144
-0.502424
-0.461816
-0.375895
-0.282226
-0.190893
-0.106065
-0.030440
0.000000
0.000000
0.148878
0.253925
0.344849
0.430140
0.509392
0.580563
0.641547
0.684571
0.694356
0.684310
0.663113
0.636308
0.607372
0.578425
0.550707
0.524890
0.501284
0.456454
0.369778
0.276226
0.185327
0.101120
0.026253
0.000000
0.000000
-0.157103
-0.259410
-0.349778
-0.434842
-0.513815
-0.584587
-0.645053
-0.685924
-0.694393
-0.683578
-0.661963
-0.634963
-0.605969
-0.577049
-0.549406
-0.523687
-0.500190
-0.451318
-0.363920
-0.270480
-0.179997
-0.096383
-0.022243
0.000000
0.011675
0.164609
0.265958
0.355894
0.440483
0.518834
0.588838
0.648413
0.686776
0.693744
0.682081
0.660034
0.632864
0.603861
0.575025
0.547517
0.521958
0.498629
0.446069
0.357968
0.264590
0.174463
0.091386
0.017924
0.000000
-0.024003
-0.172447
-0.272773
-0.362238
-0.446310
-0.523995
-0.593182
-0.651816
-0.687588
-0.693009
-0.680473
-0.657985
-0.630645
-0.601637
-0.572894
-0.545531
-0.520141
-0.496988
-0.441094
-0.352331
-0.258986
-0.169164
-0.086565
-0.013716
0.000000
0.035829
0.179942
0.279273
0.368274
0.451842
0.528880
0.597277
0.655004
0.688312
0.692263
0.678900
0.655997
0.628498
0.599490
0.570838
0.543616
0.518390
0.495408
0.436298
0.346894
0.253578
0.164048
0.081908
0.009649
0.000000
-0.047166
-0.187101
-0.285466
-0.374014
-0.457091
-0.533503
-0.601141
-0.657996
-0.688963
-0.691519
-0.677373
-0.654077
-0.626432
-0.597426
-0.568863
-0.541778
-0.516710
-0.493892
-0.431700
-0.341682
-0.248392
-0.159141
-0.077439
-0.005744
0.000000
0.058042
0.193970
0.291408
0.379521
0.462127
0.537940
0.604849
0.660869
0.689590
0.690808
0.675911
0.652239
0.624453
0.595449
0.566971
0.540016
0.515100
0.492439
0.427298
0.336691
0.243426
0.154442
0.073161
0.002007
0.000000
-0.068457
-0.200548
-0.297099
-0.384795
-0.466952
-0.542190
-0.608401
-0.663621
-0.690192
-0.690128
-0.674511
-0.650479
-0.622557
-0.593555
-0.565159
-0.538329
-0.513559
-0.491047
-0.422577
-0.331338
-0.238134
-0.149474
-0.068679
0.000000
0.000000
0.078240
0.206931
0.302741
0.390105
0.471877
0.546597
0.612157
0.666615
0.690931
0.689518
0.673141
0.648722
0.620649
0.591641
0.563323
0.536617
0.511991
0.489632
0.417545
0.325576
0.232387
0.144032
0.063724
0.000000
0.000000
-0.087017
-0.212790
-0.307998
-0.395105
-0.476561
-0.550835
-0.615819
-0.669591
-0.691737
-0.689023
-0.671906
-0.647108
-0.618883
-0.589861
-0.561611
-0.535018
-0.510527
-0.488308
-0.412731
-0.320044
-0.226854
-0.138778
-0.058925
0.000000
0.000000
0.095495
0.218452
0.313080
0.399939
0.481091
0.554934
0.619363
0.672471
0.692521
0.688549
0.670718
0.645554
0.617181
0.588145
0.559961
0.533476
0.509114
0.487031
0.408134
0.314762
0.221568
0.133756
0.054336
0.000000
0.000000
-0.103624
-0.223886
-0.317961
-0.404585
-0.485446
-0.558878
-0.622774
-0.675248
-0.693283
-0.688103
-0.669585
-0.644068
-0.615553
-0.586503
-0.558380
-0.531999
-0.507760
-0.485807
-0.403730
-0.309702
-0.216507
-0.128948
-0.049942
0.000000
0.000000
0.111405
0.229086
0.322631
0.409029
0.489612
0.562649
0.626036
0.677902
0.694010
0.687673
0.668498
0.642644
0.613992
0.584929
0.556866
0.530584
0.506464
0.480601
0.397347
0.303304
0.210484
0.123514
0.045256
0.000000
0.000000
-0.120029
-0.234733
-0.327633
-0.413743
-0.493990
-0.566573
-0.629387
-0.679936
-0.694312
-0.686951
-0.667209
-0.641078
-0.612332
-0.583285
-0.555301
-0.529132
-0.505140
-0.474458
-0.390323
-0.296391
-0.204046
-0.117768
-0.040364
0.000000
0.000000
0.129445
0.240972
0.333213
0.419044
0.498956
0.571069
0.633279
0.681382
0.694268
0.686038
0.665828
0.639483
0.610679
0.581669
0.553776
0.527725
0.503862
0.468546
0.383570
0.289754
0.197875
0.112269
0.035691
0.000000
0.000000
-0.138551
-0.247035
-0.338656
-0.424232
-0.503833
-0.575504
-0.637139
-0.682869
-0.694305
-0.685227
-0.664556
-0.637997
-0.609131
-0.580151
-0.552340
-0.526398
-0.502656
-0.462907
-0.377139
-0.283446
-0.192024
-0.107070
-0.031290
0.000000
0.000000
0.147208
0.252811
0.343848
0.429186
0.508494
0.579746
0.640836
0.684297
0.694349
0.684460
0.663348
0.636582
0.607657
0.578704
0.550971
0.525134
0.501506
0.457498
0.370970
0.277395
0.186412
0.102083
0.027069
0.000000
0.000000
-0.155500
-0.258341
-0.348817
-0.433925
-0.512953
-0.583802
-0.644370
-0.685660
-0.694385
-0.683721
-0.662187
-0.635225
-0.606242
-0.577317
-0.549659
-0.523922
-0.500403
-0.452318
-0.365061
-0.271599
-0.181035
-0.097305
-0.023024
0.000000
0.009389
0.163147
0.264681
0.354701
0.439383
0.517855
0.588009
0.647758
0.686610
0.693871
0.682373
0.660410
0.633273
0.604272
0.575420
0.547886
0.522296
0.498933
0.446978
0.358999
0.265617
0.175436
0.092274
0.018700
0.000000
-0.021784
-0.171030
-0.271537
-0.361084
-0.445248
-0.523051
-0.592384
-0.651187
-0.687431
-0.693134
-0.680758
-0.658351
-0.631042
-0.602036
-0.573276
-0.545888
-0.520468
-0.497283
-0.441985
-0.353340
-0.259988
-0.170112
-0.087427
-0.014467
0.000000
0.033730
0.178616
0.278126
0.367211
0.450869
0.528023
0.596562
0.654450
0.688192
0.692402
0.679184
0.656353
0.628882
0.599874
0.571205
0.543957
0.518703
0.495689
0.437155
0.347866
0.254545
0.164964
0.082742
0.010378
0.000000
-0.045139
-0.185822
-0.284360
-0.372989
-0.456154
-0.532678
-0.600452
-0.657463
-0.688848
-0.691652
-0.677646
-0.654420
-0.626801
-0.597795
-0.569216
-0.542106
-0.517010
-0.494162
-0.432520
-0.342611
-0.249316
-0.160015
-0.078235
-0.006440
0.000000
0.056102
0.192745
0.290347
0.378538
0.461228
0.537148
0.604186
0.660355
0.689478
0.690934
0.676171
0.652567
0.624805
0.595801
0.567308
0.540330
0.515387
0.492698
0.428083
0.337581
0.244312
0.155280
0.073924
0.002674
0.000000
-0.066600
-0.199376
-0.296084
-0.383855
-0.466092
-0.541433
-0.607768
-0.663130
-0.690085
-0.690249
-0.674761
-0.650793
-0.622895
-0.593892
-0.565482
-0.538630
-0.513834
-0.491295
-0.423427
-0.332302
-0.239086
-0.150367
-0.069485
0.000000
0.000000
0.076779
0.205951
0.301858
0.389263
0.471087
0.545881
0.611536
0.666109
0.690790
0.689597
0.673344
0.648990
0.620943
0.591937
0.563609
0.536884
0.512236
0.489853
0.418370
0.326524
0.233334
0.144930
0.064543
0.000000
0.000000
-0.085577
-0.211830
-0.307138
-0.394287
-0.475796
-0.550143
-0.615222
-0.669107
-0.691608
-0.689107
-0.672111
-0.647375
-0.619175
-0.590154
-0.561893
-0.535281
-0.510768
-0.488526
-0.413515
-0.320946
-0.227756
-0.139636
-0.059709
0.000000
0.000000
0.094106
0.217523
0.312246
0.399145
0.480346
0.554259
0.618779
0.671996
0.692390
0.688624
0.670911
0.645807
0.617459
0.588425
0.560230
0.533728
0.509344
0.487239
0.408884
0.315624
0.222430
0.134575
0.055084
0.000000
0.000000
-0.102298
-0.223000
-0.317165
-0.403827
-0.484736
-0.558235
-0.622218
-0.674795
-0.693159
-0.688176
-0.669770
-0.644311
-0.615819
-0.586771
-0.558638
-0.532240
-0.507981
-0.486007
-0.404450
-0.310529
-0.217334
-0.129734
-0.050661
0.000000
0.000000
0.110134
0.228237
0.321869
0.408303
0.488932
0.562034
0.625504
0.677469
0.693892
0.687743
0.668675
0.642876
0.614247
0.585186
0.557114
0.530815
0.506676
0.481563
0.398450
0.304393
0.211500
0.124425
0.046035
0.000000
0.000000
-0.118588
-0.233792
-0.326801
-0.412960
-0.493264
-0.565923
-0.628833
-0.679750
-0.694349
-0.687116
-0.667442
-0.641341
-0.612601
-0.583546
-0.555546
-0.529358
-0.505345
-0.475390
-0.391390
-0.297443
-0.205028
-0.118646
-0.041113
0.000000
0.000000
0.128006
0.240017
0.332357
0.418230
0.498191
0.570375
0.632676
0.681150
0.694264
0.686167
0.666028
0.639717
0.610923
0.581908
0.554002
0.527934
0.504052
0.469425
0.384572
0.290736
0.198786
0.113078
0.036377
0.000000
0.000000
-0.137198
-0.246132
-0.337844
-0.423456
-0.503103
-0.574839
-0.636559
-0.682644
-0.694297
-0.685346
-0.664744
-0.638217
-0.609361
-0.580376
-0.552553
-0.526596
-0.502835
-0.463752
-0.378103
-0.284391
-0.192900
-0.107848
-0.031949
0.000000
0.000000
0.145914
0.251949
0.343073
0.428447
0.507799
0.579114
0.640285
0.684085
0.694343
0.684575
0.663529
0.636794
0.607878
0.578921
0.551176
0.525323
0.501678
0.458307
0.371893
0.278301
0.187252
0.102830
0.027702
0.000000
0.000000
-0.154258
-0.257513
-0.348073
-0.433215
-0.512285
-0.583194
-0.643840
-0.685456
-0.694380
-0.683831
-0.662361
-0.635428
-0.606454
-0.577525
-0.549856
-0.524103
-0.500568
-0.453093
-0.365945
-0.272466
-0.181839
-0.098020
-0.023629
0.000000
0.007619
0.162015
0.263692
0.353777
0.438531
0.517097
0.587367
0.647251
0.686482
0.693970
0.682600
0.660702
0.633591
0.604591
0.575726
0.548171
0.522557
0.499169
0.447683
0.359797
0.266412
0.176189
0.092961
0.019302
0.000000
-0.020065
-0.169932
-0.270579
-0.360191
-0.444425
-0.522320
-0.591766
-0.650700
-0.687310
-0.693231
-0.680978
-0.658634
-0.631350
-0.602345
-0.573573
-0.546164
-0.520721
-0.497511
-0.442676
-0.354122
-0.260765
-0.170845
-0.088094
-0.015049
0.000000
0.032104
0.177588
0.277237
0.366387
0.450116
0.527360
0.596007
0.654021
0.688100
0.692509
0.679404
0.656630
0.629180
0.600171
0.571489
0.544222
0.518944
0.495907
0.437819
0.348619
0.255295
0.165673
0.083388
0.010943
0.000000
-0.043569
-0.184831
-0.283503
-0.372195
-0.455428
-0.532039
-0.599918
-0.657050
-0.688758
-0.691756
-0.677858
-0.654686
-0.627087
-0.598081
-0.569489
-0.542360
-0.517243
-0.494372
-0.433155
-0.343331
-0.250032
-0.160693
-0.078853
-0.006979
0.000000
0.054599
0.191795
0.289526
0.377776
0.460532
0.536534
0.603673
0.659958
0.689391
0.691032
0.676373
0.652821
0.625079
0.596074
0.567570
0.540573
0.515610
0.492898
0.428691
0.338271
0.244998
0.155929
0.074515
0.003190
0.000000
-0.065161
-0.198467
-0.295298
-0.383126
-0.465425
-0.540846
-0.607277
-0.662750
-0.690002
-0.690343
-0.674954
-0.651036
-0.623157
-0.594154
-0.565733
-0.538863
-0.514047
-0.491488
-0.424085
-0.333048
-0.239823
-0.151059
-0.070108
0.000000
0.000000
0.075647
0.205192
0.301175
0.388612
0.470475
0.545326
0.611055
0.665716
0.690681
0.689658
0.673502
0.649198
0.621171
0.592167
0.563830
0.537091
0.512426
0.490025
0.419009
0.327259
0.234068
0.145626
0.065178
0.000000
0.000000
-0.084461
-0.211087
-0.306471
-0.393654
-0.475203
-0.549608
-0.614760
-0.668732
-0.691508
-0.689172
-0.672270
-0.647582
-0.619401
-0.590382
-0.562112
-0.535485
-0.510955
-0.488695
-0.414122
-0.321644
-0.228455
-0.140300
-0.060317
0.000000
0.000000
0.093029
0.216803
0.311599
0.398529
0.479769
0.553737
0.618326
0.671627
0.692288
0.688682
0.671060
0.646003
0.617674
0.588642
0.560439
0.533923
0.509523
0.487401
0.409465
0.316291
0.223098
0.135209
0.055663
0.000000
0.000000
-0.101271
-0.222313
-0.316548
-0.403240
-0.484185
-0.557736
-0.621787
-0.674445
-0.693063
-0.688232
-0.669913
-0.644499
-0.616025
-0.586979
-0.558838
-0.532427
-0.508153
-0.486162
-0.405007
-0.311170
-0.217975
-0.130342
-0.051217
0.000000
0.000000
0.109149
0.227579
0.321278
0.407741
0.488405
0.561557
0.625091
0.677133
0.693800
0.687798
0.668813
0.643057
0.614445
0.585385
0.557305
0.530995
0.506840
0.482309
0.399304
0.305235
0.212287
0.125130
0.046638
0.000000
0.000000
-0.117471
-0.233063
-0.326157
-0.412354
-0.492702
-0.565420
-0.628404
-0.679606
-0.694377
-0.687244
-0.667622
-0.641544
-0.612809
-0.583748
-0.555736
-0.529533
-0.505503
-0.476112
-0.392216
-0.298257
-0.205788
-0.119326
-0.041694
0.000000
0.000000
0.126891
0.239277
0.331695
0.417599
0.497599
0.569837
0.632209
0.680971
0.694261
0.686266
0.666184
0.639898
0.611112
0.582093
0.554177
0.528096
0.504199
0.470106
0.385348
0.291497
0.199492
0.113705
0.036908
0.000000
0.000000
-0.136151
-0.245432
-0.337214
-0.422856
-0.502538
-0.574324
-0.636110
-0.682469
-0.694291
-0.685438
-0.664890
-0.638387
-0.609539
-0.580551
-0.552719
-0.526748
-0.502974
-0.464406
-0.378850
-0.285123
-0.193579
-0.108451
-0.032459
0.000000
0.000000
0.144912
0.251281
0.342473
0.427874
0.507261
0.578624
0.639859
0.683921
0.694339
0.684665
0.663670
0.636958
0.608049
0.579089
0.551335
0.525470
0.501811
0.458934
0.372608
0.279003
0.187903
0.103408
0.028191
0.000000
0.000000
-0.153296
-0.256871
-0.347496
-0.432665
-0.511767
-0.582724
-0.643430
-0.685297
-0.694375
-0.683917
-0.662495
-0.635585
-0.606618
-0.577686
-0.550008
-0.524244
-0.500696
-0.453693
-0.366630
-0.273138
-0.182462
-0.098574
-0.024098
0.000000
0.006247
0.161138
0.262926
0.353062
0.437870
0.516510
0.586870
0.646859
0.686383
0.694046
0.682775
0.660928
0.633836
0.604838
0.575963
0.548392
0.522760
0.499352
0.448228
0.360416
0.267028
0.176773
0.093493
0.019768
0.000000
-0.018734
-0.169081
-0.269837
-0.359498
-0.443787
-0.521754
-0.591288
-0.650323
-0.687216
-0.693306
-0.681149
-0.658853
-0.631588
-0.602584
-0.573802
-0.546378
-0.520917
-0.497689
-0.443211
-0.354727
-0.261367
-0.171414
-0.088611
-0.015500
0.000000
0.030845
0.176793
0.276549
0.365749
0.449533
0.526846
0.595578
0.653688
0.688028
0.692593
0.679575
0.656844
0.629410
0.600401
0.571709
0.544427
0.519132
0.496076
0.438333
0.349202
0.255875
0.166223
0.083889
0.011380
0.000000
-0.042353
-0.184064
-0.282840
-0.371580
-0.454866
-0.531545
-0.599505
-0.656730
-0.688689
-0.691836
-0.678022
-0.654892
-0.627309
-0.598302
-0.569701
-0.542557
-0.517423
-0.494534
-0.433647
-0.343888
-0.250587
-0.161218
-0.079331
-0.007397
0.000000
0.053435
0.191060
0.288890
0.377187
0.459992
0.536059
0.603276
0.659650
0.689323
0.691108
0.676529
0.653017
0.625291
0.596286
0.567772
0.540762
0.515782
0.493054
0.429163
0.338805
0.245529
0.156432
0.074972
0.003590
0.000000
-0.064047
-0.197763
-0.294689
-0.382562
-0.464909
-0.540391
-0.606897
-0.662456
-0.689937
-0.690416
-0.675104
-0.651224
-0.623360
-0.594357
-0.565926
-0.539044
-0.514212
-0.491637
-0.424595
-0.333626
-0.240395
-0.151595
-0.070592
0.000000
0.000000
0.074770
0.204604
0.300645
0.388107
0.470001
0.544896
0.610682
0.665412
0.690596
0.689705
0.673624
0.649358
0.621348
0.592345
0.564001
0.537251
0.512573
0.490157
0.419504
0.327828
0.234636
0.146165
0.065669
0.000000
0.000000
-0.083597
-0.210511
-0.305955
-0.393163
-0.474744
-0.549193
-0.614402
-0.668442
-0.691431
-0.689223
-0.672393
-0.647742
-0.619576
-0.590558
-0.562281
-0.535643
-0.511100
-0.488826
-0.414593
-0.322185
-0.228997
-0.140815
-0.060788
0.000000
0.000000
0.092195
0.216246
0.311098
0.398053
0.479322
0.553332
0.617976
0.671342
0.692209
0.688728
0.671176
0.646155
0.617840
0.588810
0.560600
0.534074
0.509662
0.487526
0.409915
0.316808
0.223615
0.135700
0.056112
0.000000
0.000000
-0.100476
-0.221781
-0.316071
-0.402785
-0.483759
-0.557350
-0.621453
-0.674173
-0.692989
-0.688276
-0.670024
-0.644644
-0.616184
-0.587140
-0.558993
-0.532572
-0.508285
-0.486282
-0.405439
-0.311666
-0.218471
-0.130814
-0.051648
0.000000
0.000000
0.108386
0.227069
0.320820
0.407306
0.487997
0.561187
0.624772
0.676874
0.693729
0.687840
0.668920
0.643196
0.614598
0.585540
0.557454
0.531133
0.506967
0.482887
0.399966
0.305888
0.212897
0.125676
0.047105
0.000000
0.000000
-0.116607
-0.232499
-0.325658
-0.411884
-0.492266
-0.565030
-0.628072
-0.679494
-0.694399
-0.687343
-0.667762
-0.641702
-0.612971
-0.583905
-0.555884
-0.529668
-0.505626
-0.476672
-0.392856
-0.298889
-0.206376
-0.119852
-0.042143
0.000000
0.000000
0.126028
0.238704
0.331181
0.417110
0.497141
0.569421
0.631847
0.680833
0.694258
0.686344
0.666304
0.640039
0.611258
0.582237
0.554313
0.528221
0.504313
0.470633
0.385949
0.292087
0.200039
0.114191
0.037319
0.000000
0.000000
-0.135339
-0.244890
-0.336727
-0.422390
-0.502100
-0.573925
-0.635762
-0.682334
-0.694286
-0.685510
-0.665003
-0.638520
-0.609677
-0.580686
-0.552847
-0.526867
-0.503082
-0.464913
-0.379428
-0.285691
-0.194105
-0.108918
-0.032854
0.000000
0.000000
0.144136
0.250763
0.342008
0.427431
0.506844
0.578244
0.639528
0.683794
0.694336
0.684734
0.663778
0.637086
0.608181
0.579219
0.551458
0.525584
0.501915
0.459420
0.373162
0.279546
0.188407
0.103857
0.028571
0.000000
0.000000
-0.152551
-0.256374
-0.347050
-0.432239
-0.511367
-0.582359
-0.643112
-0.685175
-0.694372
-0.683983
-0.662599
-0.635707
-0.606745
-0.577810
-0.550126
-0.524352
-0.500795
-0.454158
-0.367160
-0.273658
-0.182945
-0.099002
-0.024461
0.000000
0.005184
0.160458
0.262332
0.352507
0.437359
0.516055
0.586485
0.646554
0.686306
0.694105
0.682911
0.661103
0.634027
0.605029
0.576147
0.548564
0.522916
0.499494
0.448655
0.360899
0.267510
0.177229
0.093909
0.020131
0.000000
-0.017696
-0.168418
-0.269259
-0.358959
-0.443291
-0.521313
-0.590915
-0.650030
-0.687143
-0.693365
-0.681282
-0.659024
-0.631774
-0.602771
-0.573981
-0.546545
-0.521070
-0.497827
-0.443628
-0.355199
-0.261836
-0.171857
-0.089014
-0.015852
0.000000
0.029862
0.176171
0.276011
0.365251
0.449077
0.526444
0.595243
0.653428
0.687971
0.692658
0.679708
0.657011
0.629590
0.600581
0.571881
0.544587
0.519278
0.496208
0.438734
0.349657
0.256328
0.166651
0.084279
0.011721
0.000000
-0.041404
-0.183465
-0.282322
-0.371101
-0.454428
-0.531158
-0.599182
-0.656481
-0.688635
-0.691898
-0.678149
-0.655052
-0.627482
-0.598474
-0.569866
-0.542711
-0.517563
-0.494661
-0.434030
-0.344323
-0.251020
-0.161627
-0.079703
-0.007723
0.000000
0.052527
0.190486
0.288394
0.376727
0.459572
0.535688
0.602966
0.659410
0.689270
0.691167
0.676651
0.653171
0.625456
0.596451
0.567930
0.540909
0.515917
0.493175
0.429530
0.339222
0.245944
0.156824
0.075330
0.003902
0.000000
-0.063178
-0.197214
-0.294214
-0.382122
-0.464507
-0.540036
-0.606601
-0.662226
-0.689887
-0.690473
-0.675221
-0.651371
-0.623518
-0.594515
-0.566078
-0.539184
-0.514340
-0.491753
-0.424992
-0.334077
-0.240841
-0.152014
-0.070968
-0.000113
0.000000
0.073991
0.204091
0.300189
0.387676
0.469600
0.544535
0.610373
0.665163
0.690533
0.689752
0.673734
0.649500
0.621501
0.592500
0.564150
0.537389
0.512699
0.490272
0.419917
0.328301
0.235109
0.146614
0.066078
0.000000
0.000000
-0.082876
-0.210030
-0.305523
-0.392753
-0.474359
-0.548845
-0.614102
-0.668198
-0.691366
-0.689264
-0.672495
-0.647875
-0.619721
-0.590704
-0.562422
-0.535775
-0.511220
-0.488935
-0.414987
-0.322638
-0.229450
-0.141245
-0.061181
0.000000
0.000000
0.091500
0.215781
0.310681
0.397655
0.478949
0.552995
0.617685
0.671105
0.692144
0.688766
0.671273
0.646282
0.617980
0.588951
0.560736
0.534200
0.509778
0.487631
0.410292
0.317241
0.224048
0.136112
0.056488
0.000000
0.000000
-0.099810
-0.221336
-0.315671
-0.402405
-0.483402
-0.557027
-0.621174
-0.673945
-0.692926
-0.688313
-0.670117
-0.644766
-0.616318
-0.587274
-0.559123
-0.532693
-0.508396
-0.486382
-0.405800
-0.312081
-0.218886
-0.131208
-0.052008
0.000000
0.000000
0.107749
0.226643
0.320437
0.406941
0.487655
0.560878
0.624504
0.676656
0.693669
0.687875
0.669009
0.643313
0.614725
0.585669
0.557578
0.531249
0.507073
0.483370
0.400519
0.306434
0.213407
0.126133
0.047496
0.000000
0.000000
-0.115883
-0.232026
-0.325241
-0.411491
-0.491902
-0.564704
-0.627794
-0.679311
-0.694366
-0.687399
-0.667868
-0.641833
-0.613110
-0.584043
-0.556016
-0.529791
-0.505738
-0.477197
-0.393457
-0.299479
-0.206926
-0.120342
-0.042559
0.000000
0.000000
0.125220
0.238168
0.330701
0.416653
0.496712
0.569032
0.631510
0.680707
0.694261
0.686421
0.666422
0.640175
0.611400
0.582375
0.554443
0.528342
0.504422
0.471141
0.386530
0.292658
0.200570
0.114665
0.037721
0.000000
0.000000
-0.134556
-0.244369
-0.336259
-0.421944
-0.501680
-0.573544
-0.635431
-0.682207
-0.694283
-0.685580
-0.665112
-0.638648
-0.609810
-0.580817
-0.552970
-0.526981
-0.503185
-0.465398
-0.379981
-0.286233
-0.194608
-0.109366
-0.033233
0.000000
0.000000
0.143391
0.250266
0.341561
0.427005
0.506443
0.577879
0.639210
0.683671
0.694332
0.684800
0.663882
0.637207
0.608308
0.579343
0.551576
0.525692
0.502014
0.459885
0.373693
0.280066
0.188890
0.104285
0.028934
0.000000
0.000000
-0.151838
-0.255899
-0.346622
-0.431832
-0.510983
-0.582010
-0.642808
-0.685058
-0.694369
-0.684046
-0.662699
-0.635824
-0.606867
-0.577929
-0.550238
-0.524457
-0.500890
-0.454604
-0.367668
-0.274156
-0.183407
-0.099413
-0.024809
0.000000
0.004166
0.159807
0.261764
0.351976
0.436869
0.515620
0.586116
0.646263
0.686232
0.694161
0.683041
0.661271
0.634209
0.605212
0.576322
0.548728
0.523067
0.499630
0.449173
0.361487
0.268087
0.177767
0.094390
0.020542
0.000000
-0.016525
-0.167678
-0.268617
-0.358363
-0.442745
-0.520831
-0.590511
-0.649716
-0.687072
-0.693439
-0.681437
-0.659221
-0.631986
-0.602983
-0.574184
-0.546734
-0.521243
-0.497983
-0.444103
-0.355738
-0.262372
-0.172364
-0.089475
-0.016255
0.000000
0.028722
0.175447
0.275381
0.364665
0.448539
0.525968
0.594842
0.653115
0.687897
0.692726
0.679857
0.657200
0.629795
0.600786
0.572078
0.544770
0.519446
0.496360
0.439193
0.350177
0.256845
0.167140
0.084724
0.012109
0.000000
-0.040320
-0.182780
-0.281729
-0.370551
-0.453925
-0.530715
-0.598812
-0.656193
-0.688572
-0.691969
-0.678295
-0.655236
-0.627679
-0.598672
-0.570055
-0.542887
-0.517724
-0.494806
-0.434471
-0.344823
-0.251517
-0.162098
-0.080132
-0.008098
0.000000
0.051484
0.189828
0.287824
0.376199
0.459089
0.535263
0.602611
0.659135
0.689211
0.691235
0.676792
0.653347
0.625646
0.596641
0.568112
0.541078
0.516071
0.493314
0.429952
0.339700
0.246420
0.157275
0.075740
0.004260
0.000000
-0.062179
-0.196583
-0.293668
-0.381616
-0.464044
-0.539628
-0.606260
-0.661962
-0.689829
-0.690538
-0.675355
-0.651540
-0.623700
-0.594696
-0.566251
-0.539346
-0.514488
-0.491886
-0.425449
-0.334595
-0.241352
-0.152494
-0.071401
-0.000486
0.000000
0.072892
0.203386
0.299573
0.387101
0.469071
0.544067
0.609979
0.664854
0.690464
0.689827
0.673889
0.649695
0.621713
0.592711
0.564352
0.537577
0.512871
0.490427
0.420449
0.328910
0.235716
0.147188
0.066601
0.000000
0.000000
-0.081946
-0.209408
-0.304966
-0.392222
-0.473862
-0.548395
-0.613713
-0.667882
-0.691279
-0.689315
-0.672624
-0.648045
-0.619907
-0.590892
-0.562602
-0.535944
-0.511375
-0.489074
-0.415498
-0.323225
-0.230037
-0.141802
-0.061689
0.000000
0.000000
0.090603
0.215183
0.310144
0.397145
0.478471
0.552563
0.617311
0.670802
0.692062
0.688817
0.671399
0.646447
0.618160
0.589133
0.560911
0.534364
0.509927
0.487766
0.410780
0.317802
0.224609
0.136645
0.056975
0.000000
0.000000
-0.098947
-0.220760
-0.315153
-0.401912
-0.482940
-0.556609
-0.620812
-0.673651
-0.692845
-0.688360
-0.670237
-0.644924
-0.616490
-0.587448
-0.559290
-0.532849
-0.508540
-0.486512
-0.406267
-0.312617
-0.219423
-0.131718
-0.052474
0.000000
0.000000
0.106924
0.226092
0.319942
0.406470
0.487213
0.560478
0.624158
0.676374
0.693592
0.687921
0.669124
0.643464
0.614891
0.585835
0.557738
0.531399
0.507211
0.483995
0.401235
0.307141
0.214067
0.126724
0.048001
0.000000
0.000000
-0.114948
-0.231416
-0.324701
-0.410983
-0.491431
-0.564283
-0.627435
-0.679024
-0.694296
-0.687458
-0.668000
-0.642002
-0.613293
-0.584227
-0.556192
-0.529955
-0.505888
-0.477909
-0.394270
-0.300278
-0.207667
-0.121002
-0.043120
0.000000
0.000000
0.124128
0.237442
0.330051
0.416035
0.496132
0.568507
0.631055
0.680538
0.694266
0.686528
0.666584
0.640362
0.611594
0.582565
0.554622
0.528507
0.504572
0.471836
0.387325
0.293440
0.201297
0.115314
0.038273
0.000000
0.000000
-0.133486
-0.243657
-0.335620
-0.421336
-0.501109
-0.573025
-0.634979
-0.682034
-0.694280
-0.685676
-0.665262
-0.638823
-0.609992
-0.580996
-0.553139
-0.527137
-0.503327
-0.466059
-0.380735
-0.286973
-0.195294
-0.109975
-0.033749
0.000000
0.000000
0.142375
0.249588
0.340952
0.426423
0.505895
0.577381
0.638776
0.683502
0.694327
0.684890
0.664024
0.637373
0.608481
0.579513
0.551736
0.525841
0.502148
0.460519
0.374416
0.280776
0.189547
0.104870
0.029428
0.000000
0.000000
-0.150866
-0.255250
-0.346040
-0.431276
-0.510461
-0.581535
-0.642394
-0.684898
-0.694364
-0.684133
-0.662835
-0.635983
-0.607032
-0.578092
-0.550392
-0.524599
-0.501019
-0.455211
-0.368361
-0.274836
-0.184038
-0.099974
-0.025283
0.000000
0.002778
0.158920
0.260989
0.351252
0.436202
0.515025
0.585613
0.645866
0.686132
0.694239
0.683219
0.661500
0.634458
0.605462
0.576562
0.548951
0.523271
0.499815
0.449879
0.362288
0.268875
0.178501
0.095046
0.021102
0.000000
-0.014929
-0.166668
-0.267742
-0.357551
-0.442000
-0.520174
-0.589961
-0.649287
-0.686974
-0.693540
-0.681649
-0.659488
-0.632275
-0.603272
-0.574461
-0.546992
-0.521478
-0.498195
-0.444750
-0.356472
-0.263102
-0.173055
-0.090105
-0.016804
0.000000
0.027169
0.174460
0.274523
0.363866
0.447806
0.525319
0.594296
0.652687
0.687795
0.692819
0.680060
0.657459
0.630075
0.601066
0.572346
0.545021
0.519675
0.496567
0.439819
0.350886
0.257550
0.167806
0.085330
0.012638
0.000000
-0.038842
-0.181845
-0.280920
-0.369801
-0.453239
-0.530111
-0.598307
-0.655802
-0.688487
-0.692066
-0.678494
-0.655486
-0.627949
-0.598941
-0.570313
-0.543127
-0.517944
-0.495004
-0.435073
-0.345505
-0.252196
-0.162740
-0.080717
-0.008608
0.000000
0.050063
0.188930
0.287048
0.375479
0.458431
0.534684
0.602127
0.658760
0.689129
0.691329
0.676983
0.653587
0.625905
0.596899
0.568359
0.541308
0.516281
0.493504
0.430528
0.340353
0.247069
0.157889
0.076299
0.004749
0.000000
-0.060817
-0.195723
-0.292924
-0.380926
-0.463413
-0.539073
-0.605795
-0.661602
-0.689751
-0.690627
-0.675538
-0.651770
-0.623948
-0.594944
-0.566488
-0.539567
-0.514690
-0.492068
-0.426072
-0.335301
-0.242050
-0.153148
-0.071991
-0.000995
0.000000
0.071393
0.202424
0.298733
0.386318
0.468350
0.543428
0.609441
0.664433
0.690371
0.689929
0.674101
0.649963
0.622001
0.592999
0.564627
0.537834
0.513106
0.490639
0.421175
0.329740
0.236543
0.147972
0.067315
0.000000
0.000000
-0.080678
-0.208562
-0.304205
-0.391499
-0.473184
-0.547781
-0.613182
-0.667450
-0.691161
-0.689385
-0.672801
-0.648276
-0.620161
-0.591148
-0.562849
-0.536174
-0.511585
-0.489265
-0.416195
-0.324026
-0.230837
-0.142562
-0.062382
0.000000
0.000000
0.089381
0.214367
0.309413
0.396449
0.477820
0.551973
0.616802
0.670389
0.691951
0.688887
0.671572
0.646672
0.618407
0.589381
0.561149
0.534587
0.510131
0.487951
0.411445
0.318566
0.225374
0.137372
0.057640
0.000000
0.000000
-0.097771
-0.219973
-0.314447
-0.401240
-0.482310
-0.556038
-0.620318
-0.673249
-0.692735
-0.688425
-0.670401
-0.645139
-0.616726
-0.587686
-0.559519
-0.533063
-0.508735
-0.486689
-0.406903
-0.313348
-0.220154
-0.132413
-0.053108
0.000000
0.000000
0.105799
0.225340
0.319267
0.405828
0.486611
0.559933
0.623687
0.675991
0.693487
0.687983
0.669281
0.643670
0.615116
0.586063
0.557957
0.531604
0.507398
0.484847
0.402211
0.308104
0.214966
0.127530
0.048690
0.000000
0.000000
-0.113672
-0.230583
-0.323965
-0.410291
-0.490788
-0.563708
-0.626945
-0.678634
-0.694200
-0.687538
-0.668180
-0.642232
-0.613543
-0.584477
-0.556432
-0.530179
-0.506093
-0.478879
-0.395378
-0.301366
-0.208679
-0.121902
-0.043883
0.000000
0.000000
0.122640
0.236453
0.329165
0.415192
0.495342
0.567791
0.630435
0.680308
0.694274
0.686675
0.666805
0.640618
0.611858
0.582823
0.554866
0.528731
0.504776
0.472784
0.388408
0.294505
0.202289
0.116198
0.039026
0.000000
0.000000
-0.132027
-0.242687
-0.334750
-0.420508
-0.500330
-0.572317
-0.634364
-0.681798
-0.694276
-0.685807
-0.665467
-0.639061
-0.610241
-0.581239
-0.553370
-0.527350
-0.503521
-0.466960
-0.381762
-0.287981
-0.196230
-0.110807
-0.034453
0.000000
0.000000
0.140990
0.248663
0.340120
0.425630
0.505149
0.576701
0.638184
0.683273
0.694319
0.685013
0.664217
0.637599
0.608717
0.579744
0.551955
0.526043
0.502332
0.461384
0.375402
0.281743
0.190444
0.105667
0.030103
0.000000
0.000000
-0.149541
-0.254367
-0.345246
-0.430519
-0.509748
-0.580887
-0.641830
-0.684680
-0.694358
-0.684251
-0.663021
-0.636200
-0.607258
-0.578314
-0.550602
-0.524793
-0.501195
-0.456039
-0.369306
-0.275763
-0.184897
-0.100738
-0.025930
0.000000
0.000885
0.157710
0.259932
0.350264
0.435291
0.514216
0.584927
0.645324
0.685995
0.694344
0.683461
0.661811
0.634797
0.605803
0.576889
0.549257
0.523551
0.500067
0.450842
0.363380
0.269949
0.179502
0.095941
0.021866
0.000000
-0.012752
-0.165291
-0.266549
-0.356443
-0.440986
-0.519278
-0.589210
-0.648703
-0.686842
-0.693677
-0.681938
-0.659853
-0.632669
-0.603666
-0.574838
-0.547343
-0.521799
-0.498485
-0.445633
-0.357473
-0.264098
-0.173997
-0.090962
-0.017553
0.000000
0.025050
0.173113
0.273353
0.362777
0.446806
0.524434
0.593551
0.652104
0.687657
0.692946
0.680336
0.657811
0.630456
0.601448
0.572713
0.545362
0.519987
0.496848
0.440672
0.351853
0.258511
0.168715
0.086157
0.013360
0.000000
-0.036826
-0.180571
-0.279818
-0.368779
-0.452304
-0.529287
-0.597618
-0.655268
-0.688370
-0.692198
-0.678766
-0.655828
-0.628317
-0.599309
-0.570664
-0.543454
-0.518243
-0.495274
-0.435892
-0.346434
-0.253121
-0.163615
-0.081514
-0.009305
0.000000
0.048124
0.187706
0.285989
0.374499
0.457534
0.533894
0.601467
0.658249
0.689018
0.691456
0.677244
0.653915
0.626258
0.597252
0.568696
0.541622
0.516568
0.493763
0.431312
0.341242
0.247954
0.158726
0.077062
0.005415
0.000000
-0.058960
-0.194550
-0.291910
-0.379986
-0.462553
-0.538315
-0.605162
-0.661111
-0.689643
-0.690748
-0.675788
-0.652084
-0.624285
-0.595282
-0.566811
-0.539867
-0.514964
-0.492316
-0.426921
-0.336264
-0.243002
-0.154041
-0.072796
-0.001689
0.000000
0.069350
0.201114
0.297588
0.385250
0.467368
0.542557
0.608708
0.663859
0.690244
0.690069
0.674390
0.650327
0.622393
0.593391
0.565003
0.538184
0.513425
0.490927
0.422165
0.330871
0.237671
0.149040
0.068287
0.000000
0.000000
-0.078950
-0.207407
-0.303169
-0.390513
-0.472260
-0.546944
-0.612458
-0.666861
-0.690999
-0.689480
-0.673042
-0.648592
-0.620507
-0.591497
-0.563184
-0.536487
-0.511873
-0.489525
-0.417146
-0.325117
-0.231928
-0.143597
-0.063327
0.000000
0.000000
0.087715
0.213255
0.308415
0.395501
0.476932
0.551170
0.616108
0.669825
0.691799
0.688982
0.671807
0.646979
0.618742
0.589719
0.561475
0.534890
0.510410
0.488202
0.412351
0.319608
0.226417
0.138363
0.058545
0.000000
0.000000
-0.096167
-0.218902
-0.313484
-0.400324
-0.481451
-0.555261
-0.619645
-0.672702
-0.692584
-0.688512
-0.670625
-0.645431
-0.617047
-0.588010
-0.559830
-0.533354
-0.509002
-0.486930
-0.407771
-0.314345
-0.221151
-0.133360
-0.053974
0.000000
0.000000
0.104266
0.224315
0.318347
0.404952
0.485790
0.559189
0.623044
0.675467
0.693344
0.688067
0.669495
0.643950
0.615424
0.586373
0.558255
0.531882
0.507654
0.485711
0.403382
0.309302
0.216106
0.128567
0.049595
0.000000
0.000000
-0.112020
-0.229498
-0.323000
-0.409380
-0.489941
-0.562948
-0.626294
-0.678112
-0.694068
-0.687639
-0.668412
-0.642531
-0.613869
-0.584805
-0.556746
-0.530473
-0.506362
-0.480135
-0.396814
-0.302778
-0.209992
-0.123073
-0.044879
0.000000
0.000000
0.120727
0.235188
0.328036
0.414122
0.494342
0.566887
0.629655
0.680026
0.694295
0.686871
0.667096
0.640951
0.612202
0.583159
0.555182
0.529023
0.505041
0.474007
0.389807
0.295882
0.203571
0.117343
0.040001
0.000000
0.000000
-0.130142
-0.241434
-0.333627
-0.419438
-0.499326
-0.571405
-0.633571
-0.681493
-0.694270
-0.685976
-0.665731
-0.639369
-0.610561
-0.581554
-0.553667
-0.527624
-0.503770
-0.468121
-0.383086
-0.289278
-0.197434
-0.111877
-0.035360
0.000000
0.000000
0.139205
0.247472
0.339049
0.424607
0.504187
0.575826
0.637420
0.682977
0.694309
0.685170
0.664465
0.637890
0.609020
0.580042
0.552237
0.526303
0.502569
0.462498
0.376673
0.282989
0.191600
0.106693
0.030972
0.000000
0.000000
-0.147834
-0.253229
-0.344223
-0.429544
-0.508831
-0.580052
-0.641103
-0.684400
-0.694351
-0.684404
-0.663260
-0.636479
-0.607550
-0.578599
-0.550872
-0.525042
-0.501422
-0.457106
-0.370523
-0.276957
-0.186005
-0.101722
-0.026763
0.000000
0.000000
0.156101
0.258742
0.349177
0.434269
0.513276
0.584096
0.644626
0.685759
0.694388
0.683667
0.662103
0.635126
0.606140
0.577217
0.549564
0.523834
0.500324
0.451943
0.364633
0.271179
0.180646
0.096959
0.022731
0.000000
-0.010246
-0.163695
-0.265160
-0.355149
-0.439795
-0.518222
-0.588320
-0.648004
-0.686673
-0.693824
-0.682264
-0.660269
-0.633120
-0.604118
-0.575272
-0.547747
-0.522169
-0.498819
-0.446638
-0.358612
-0.265232
-0.175071
-0.091941
-0.018409
0.000000
0.022616
0.171561
0.272001
0.361517
0.445646
0.523405
0.592683
0.651423
0.687490
0.693087
0.680651
0.658214
0.630893
0.601887
0.573133
0.545754
0.520345
0.497172
0.441651
0.352962
0.259613
0.169756
0.087104
0.014186
0.000000
-0.034517
-0.179113
-0.278556
-0.367609
-0.451234
-0.528344
-0.596830
-0.654658
-0.688237
-0.692350
-0.679078
-0.656220
-0.628738
-0.599730
-0.571067
-0.543829
-0.518586
-0.495584
-0.436833
-0.347502
-0.254183
-0.164621
-0.082429
-0.010105
0.000000
0.045899
0.186302
0.284775
0.373373
0.456505
0.532988
0.600710
0.657663
0.688891
0.691602
0.677544
0.654292
0.626663
0.597657
0.569084
0.541983
0.516898
0.494061
0.432213
0.342263
0.248970
0.159687
0.077937
0.006179
0.000000
-0.056830
-0.193204
-0.290745
-0.378906
-0.461565
-0.537445
-0.604435
-0.660548
-0.689520
-0.690887
-0.676074
-0.652444
-0.624673
-0.595669
-0.567182
-0.540212
-0.515280
-0.492601
-0.427789
-0.337247
-0.243980
-0.154966
-0.073638
-0.002424
0.000000
0.067296
0.199815
0.296464
0.384208
0.466414
0.541717
0.608005
0.663314
0.690125
0.690204
0.674667
0.650675
0.622768
0.593766
0.565361
0.538517
0.513730
0.491202
0.423108
0.331940
0.238729
0.150032
0.069183
0.000000
0.000000
-0.077327
-0.206319
-0.302189
-0.389579
-0.471383
-0.546149
-0.611769
-0.666299
-0.690843
-0.689568
-0.673268
-0.648890
-0.620833
-0.591826
-0.563501
-0.536784
-0.512144
-0.489770
-0.418060
-0.326169
-0.232979
-0.144593
-0.064236
0.000000
0.000000
0.086117
0.212190
0.307461
0.394594
0.476083
0.550403
0.615446
0.669288
0.691656
0.689075
0.672034
0.647275
0.619066
0.590044
0.561787
0.535182
0.510677
0.488444
0.413221
0.320608
0.227418
0.139314
0.059415
0.000000
0.000000
-0.094627
-0.217871
-0.312559
-0.399443
-0.480625
-0.554512
-0.618998
-0.672174
-0.692439
-0.688596
-0.670838
-0.645712
-0.617355
-0.588320
-0.560129
-0.533633
-0.509258
-0.487161
-0.408603
-0.315301
-0.222107
-0.134268
-0.054803
0.000000
0.000000
0.102796
0.223332
0.317464
0.404111
0.485002
0.558476
0.622427
0.674965
0.693206
0.688148
0.669700
0.644220
0.615719
0.586670
0.558541
0.532150
0.507899
0.485932
0.404180
0.310219
0.217024
0.129439
0.050391
0.000000
0.000000
-0.110610
-0.228555
-0.322155
-0.408575
-0.489187
-0.562265
-0.625704
-0.677632
-0.693936
-0.687717
-0.668609
-0.642789
-0.614151
-0.585090
-0.557021
-0.530729
-0.506597
-0.481202
-0.398036
-0.303985
-0.211119
-0.124083
-0.045743
0.000000
0.000000
0.119128
0.234145
0.327113
0.413254
0.493536
0.566167
0.629041
0.679819
0.694335
0.687054
0.667354
0.641242
0.612500
0.583448
0.555454
0.529273
0.505268
0.475041
0.390990
0.297049
0.204660
0.118317
0.040832
0.000000
0.000000
-0.128546
-0.240375
-0.332678
-0.418535
-0.498478
-0.570635
-0.632902
-0.681237
-0.694265
-0.686119
-0.665953
-0.639629
-0.610832
-0.581819
-0.553917
-0.527856
-0.503981
-0.469095
-0.384197
-0.290368
-0.198444
-0.112775
-0.036120
0.000000
0.000000
0.137706
0.246471
0.338148
0.423747
0.503377
0.575088
0.636777
0.682728
0.694300
0.685302
0.664674
0.638134
0.609275
0.580292
0.552473
0.526522
0.502768
0.463435
0.377742
0.284037
0.192572
0.107556
0.031702
0.000000
0.000000
-0.146399
-0.252272
-0.343364
-0.428724
-0.508060
-0.579351
-0.640492
-0.684165
-0.694345
-0.684532
-0.663461
-0.636715
-0.607795
-0.578840
-0.551099
-0.525252
-0.501613
-0.458004
-0.371547
-0.277961
-0.186937
-0.102550
-0.027465
0.000000
0.000000
0.154724
0.257823
0.348352
0.433482
0.512535
0.583422
0.644039
0.685532
0.694382
0.683790
0.662296
0.635352
0.606375
0.577447
0.549782
0.524035
0.500507
0.452803
0.365613
0.272141
0.181537
0.097752
0.023402
0.000000
-0.008283
-0.162439
-0.264063
-0.354124
-0.438850
-0.517382
-0.587608
-0.647441
-0.686530
-0.693933
-0.682515
-0.660593
-0.633472
-0.604471
-0.575611
-0.548064
-0.522459
-0.499081
-0.447419
-0.359498
-0.266114
-0.175907
-0.092703
-0.019076
0.000000
0.020710
0.170343
0.270938
0.360526
0.444733
0.522594
0.591998
0.650883
0.687355
0.693195
0.680895
0.658528
0.631234
0.602229
0.573462
0.546060
0.520626
0.497426
0.442417
0.353829
0.260474
0.170570
0.087844
0.014831
0.000000
-0.032714
-0.177973
-0.277570
-0.366696
-0.450399
-0.527609
-0.596215
-0.654181
-0.688134
-0.692469
-0.679322
-0.656526
-0.629068
-0.600059
-0.571382
-0.544123
-0.518854
-0.495826
-0.437570
-0.348337
-0.255014
-0.165407
-0.083146
-0.010731
0.000000
0.044158
0.185203
0.283824
0.372493
0.455701
0.532279
0.600118
0.657205
0.688792
0.691717
0.677778
0.654586
0.626980
0.597973
0.569387
0.542265
0.517156
0.494293
0.432917
0.343061
0.249764
0.160439
0.078621
0.006777
0.000000
-0.055163
-0.192151
-0.289834
-0.378062
-0.460793
-0.536764
-0.603866
-0.660107
-0.689423
-0.690995
-0.676298
-0.652725
-0.624976
-0.595972
-0.567472
-0.540482
-0.515526
-0.492823
-0.428463
-0.338012
-0.244741
-0.155686
-0.074293
-0.002996
0.000000
0.065701
0.198808
0.295593
0.383400
0.465675
0.541066
0.607461
0.662893
0.690033
0.690308
0.674882
0.650945
0.623059
0.594056
0.565639
0.538776
0.513967
0.491416
0.423838
0.332768
0.239547
0.150800
0.069875
0.000000
0.000000
-0.076071
-0.205476
-0.301431
-0.388856
-0.470704
-0.545534
-0.611236
-0.665863
-0.690722
-0.689635
-0.673443
-0.649120
-0.621086
-0.592081
-0.563747
-0.537013
-0.512355
-0.489960
-0.418769
-0.326983
-0.233793
-0.145365
-0.064940
0.000000
0.000000
0.084880
0.211366
0.306721
0.393891
0.475425
0.549808
0.614934
0.668873
0.691546
0.689148
0.672210
0.647504
0.619316
0.590297
0.562030
0.535409
0.510885
0.488632
0.413895
0.321382
0.228193
0.140051
0.060089
0.000000
0.000000
-0.093433
-0.217073
-0.311842
-0.398760
-0.479985
-0.553933
-0.618496
-0.671766
-0.692326
-0.688661
-0.671004
-0.645930
-0.617593
-0.588561
-0.560360
-0.533850
-0.509456
-0.487340
-0.409247
-0.316041
-0.222848
-0.134971
-0.055446
0.000000
0.000000
0.101656
0.222571
0.316780
0.403460
0.484392
0.557923
0.621948
0.674576
0.693099
0.688211
0.669860
0.644428
0.615947
0.586901
0.558763
0.532357
0.508088
0.486104
0.404798
0.310930
0.217735
0.130114
0.051008
0.000000
0.000000
-0.109518
-0.227826
-0.321499
-0.407952
-0.488602
-0.561735
-0.625246
-0.677259
-0.693834
-0.687777
-0.668762
-0.642989
-0.614370
-0.585311
-0.557233
-0.530927
-0.506779
-0.482029
-0.398984
-0.304919
-0.211992
-0.124865
-0.046412
0.000000
0.000000
0.117890
0.233336
0.326399
0.412581
0.492913
0.565609
0.628565
0.679660
0.694367
0.687196
0.667554
0.641468
0.612731
0.583672
0.555665
0.529467
0.505444
0.475842
0.391906
0.297952
0.205503
0.119071
0.041476
0.000000
0.000000
-0.127309
-0.239555
-0.331943
-0.417835
-0.497821
-0.570039
-0.632384
-0.681039
-0.694262
-0.686229
-0.666125
-0.639830
-0.611041
-0.582024
-0.554111
-0.528035
-0.504144
-0.469850
-0.385057
-0.291212
-0.199227
-0.113470
-0.036709
0.000000
0.000000
0.136544
0.245695
0.337450
0.423081
0.502750
0.574517
0.636279
0.682535
0.694293
0.685404
0.664835
0.638323
0.609472
0.580485
0.552657
0.526691
0.502922
0.464161
0.378570
0.284849
0.193325
0.108225
0.032268
0.000000
0.000000
-0.145288
-0.251531
-0.342698
-0.428089
-0.507463
-0.578807
-0.640019
-0.683982
-0.694341
-0.684631
-0.663617
-0.636897
-0.607985
-0.579026
-0.551276
-0.525415
-0.501761
-0.458699
-0.372340
-0.278740
-0.187659
-0.103192
-0.028008
0.000000
0.000000
0.153657
0.257112
0.347713
0.432872
0.511961
0.582900
0.643584
0.685357
0.694377
0.683885
0.662445
0.635526
0.606557
0.577625
0.549951
0.524191
0.500648
0.453468
0.366373
0.272886
0.182228
0.098366
0.023922
0.000000
-0.006761
-0.161467
-0.263213
-0.353330
-0.438118
-0.516730
-0.587056
-0.647006
-0.686420
-0.694017
-0.682709
-0.660843
-0.633744
-0.604745
-0.575874
-0.548309
-0.522684
-0.499284
-0.448024
-0.360184
-0.266797
-0.176554
-0.093294
-0.019593
0.000000
0.019233
0.169400
0.270115
0.359758
0.444026
0.521966
0.591467
0.650465
0.687251
0.693278
0.681085
0.658771
0.631499
0.602494
0.573716
0.546298
0.520843
0.497622
0.443010
0.354500
0.261141
0.171201
0.088417
0.015331
0.000000
-0.031317
-0.177091
-0.276807
-0.365988
-0.449752
-0.527039
-0.595739
-0.653813
-0.688055
-0.692562
-0.679511
-0.656764
-0.629324
-0.600315
-0.571627
-0.544350
-0.519061
-0.496013
-0.438140
-0.348984
-0.255658
-0.166017
-0.083701
-0.011216
0.000000
0.042809
0.184351
0.283088
0.371811
0.455077
0.531730
0.599660
0.656850
0.688715
0.691806
0.677960
0.654815
0.627226
0.598219
0.569621
0.542483
0.517355
0.494474
0.433462
0.343679
0.250379
0.161021
0.079151
0.007241
0.000000
-0.053872
-0.191336
-0.289129
-0.377408
-0.460195
-0.536237
-0.603425
-0.659765
-0.689348
-0.691079
-0.676471
-0.652943
-0.625211
-0.596206
-0.567696
-0.540691
-0.515718
-0.492996
-0.428986
-0.338605
-0.245330
-0.156244
-0.074801
-0.003440
0.000000
0.064465
0.198027
0.294917
0.382774
0.465103
0.540561
0.607040
0.662566
0.689961
0.690389
0.675048
0.651154
0.623284
0.594281
0.565854
0.538976
0.514150
0.491581
0.424403
0.333409
0.240181
0.151394
0.070410
0.000000
0.000000
-0.075099
-0.204824
-0.300844
-0.388296
-0.470179
-0.545057
-0.610822
-0.665526
-0.690628
-0.689688
-0.673579
-0.649298
-0.621282
-0.592279
-0.563937
-0.537191
-0.512518
-0.490108
-0.419318
-0.327614
-0.234423
-0.145963
-0.065485
0.000000
0.000000
0.083921
0.210727
0.306149
0.393347
0.474916
0.549348
0.614536
0.668551
0.691460
0.689204
0.672347
0.647682
0.619510
0.590492
0.562218
0.535584
0.511045
0.488777
0.414417
0.321982
0.228794
0.140622
0.060611
0.000000
0.000000
-0.092508
-0.216455
-0.311286
-0.398231
-0.479489
-0.553484
-0.618107
-0.671449
-0.692239
-0.688711
-0.671132
-0.646098
-0.617778
-0.588747
-0.560540
-0.534017
-0.509610
-0.487479
-0.409746
-0.316614
-0.223421
-0.135516
-0.055944
0.000000
0.000000
0.100774
0.221981
0.316250
0.402956
0.483919
0.557495
0.621578
0.674275
0.693017
0.688260
0.669983
0.644590
0.616124
0.587079
0.558935
0.532517
0.508235
0.486237
0.405277
0.311480
0.218285
0.130637
0.051486
0.000000
0.000000
-0.108672
-0.227260
-0.320992
-0.407469
-0.488150
-0.561326
-0.624892
-0.676971
-0.693756
-0.687824
-0.668880
-0.643144
-0.614540
-0.585482
-0.557398
-0.531081
-0.506919
-0.482670
-0.399718
-0.305644
-0.212669
-0.125471
-0.046930
0.000000
0.000000
0.116931
0.232710
0.325845
0.412060
0.492429
0.565176
0.628197
0.679536
0.694391
0.687306
0.667709
0.641643
0.612910
0.583846
0.555828
0.529617
0.505580
0.476462
0.392616
0.298652
0.206156
0.119655
0.041975
0.000000
0.000000
-0.126351
-0.238919
-0.331374
-0.417293
-0.497313
-0.569577
-0.631983
-0.680885
-0.694259
-0.686315
-0.666259
-0.639986
-0.611203
-0.582183
-0.554262
-0.528174
-0.504270
-0.470435
-0.385724
-0.291866
-0.199834
-0.114009
-0.037165
0.000000
0.000000
0.135644
0.245094
0.336909
0.422565
0.502264
0.574075
0.635893
0.682385
0.694288
0.685483
0.664960
0.638470
0.609625
0.580636
0.552799
0.526822
0.503041
0.464723
0.379211
0.285478
0.193908
0.108743
0.032706
0.000000
0.000000
-0.144427
-0.250957
-0.342182
-0.427597
-0.507000
-0.578387
-0.639652
-0.683841
-0.694337
-0.684708
-0.663738
-0.637038
-0.608132
-0.579170
-0.551412
-0.525541
-0.501876
-0.459238
-0.372955
-0.279342
-0.188218
-0.103689
-0.028428
0.000000
0.000000
0.152830
0.256560
0.347217
0.432399
0.511517
0.582496
0.643231
0.685221
0.694373
0.683958
0.662560
0.635661
0.606697
0.577763
0.550081
0.524312
0.500758
0.453984
0.366961
0.273463
0.182764
0.098842
0.024325
0.000000
-0.005583
-0.160713
-0.262555
-0.352715
-0.437551
-0.516226
-0.586629
-0.646668
-0.686335
-0.694083
-0.682860
-0.661037
-0.633955
-0.604957
-0.576078
-0.548499
-0.522858
-0.499441
-0.448492
-0.360715
-0.267326
-0.177056
-0.093751
-0.019993
0.000000
0.018089
0.168669
0.269478
0.359163
0.443478
0.521480
0.591056
0.650141
0.687170
0.693343
0.681231
0.658959
0.631703
0.602700
0.573913
0.546482
0.521012
0.497774
0.443470
0.355020
0.261658
0.171689
0.088861
0.015718
0.000000
-0.030235
-0.176407
-0.276215
-0.365440
-0.449250
-0.526597
-0.595370
-0.653527
-0.687993
-0.692633
-0.679658
-0.656948
-0.629522
-0.600512
-0.571816
-0.544526
-0.519222
-0.496158
-0.438582
-0.349485
-0.256156
-0.166489
-0.084131
-0.011592
0.000000
0.041764
0.183692
0.282518
0.371283
0.454594
0.531305
0.599305
0.656575
0.688655
0.691874
0.678101
0.654992
0.627416
0.598409
0.569803
0.542653
0.517510
0.494613
0.433885
0.344158
0.250856
0.161472
0.079562
0.007599
0.000000
-0.052872
-0.190704
-0.288582
-0.376901
-0.459731
-0.535829
-0.603084
-0.659501
-0.689290
-0.691145
-0.676605
-0.653112
-0.625393
-0.596388
-0.567870
-0.540853
-0.515866
-0.493129
-0.429391
-0.339063
-0.245787
-0.156675
-0.075194
-0.003783
0.000000
0.063507
0.197422
0.294394
0.382289
0.464659
0.540171
0.606713
0.662313
0.689906
0.690451
0.675177
0.651316
0.623458
0.594455
0.566020
0.539131
0.514291
0.491709
0.424842
0.333906
0.240671
0.151855
0.070825
0.000000
0.000000
-0.074346
-0.204319
-0.300389
-0.387862
-0.469771
-0.544688
-0.610502
-0.665264
-0.690555
-0.689728
-0.673684
-0.649436
-0.621433
-0.592432
-0.564084
-0.537329
-0.512644
-0.490222
-0.419743
-0.328103
-0.234912
-0.146427
-0.065908
0.000000
0.000000
0.083179
0.210232
0.305705
0.392926
0.474521
0.548992
0.614229
0.668301
0.691394
0.689247
0.672452
0.647819
0.619660
0.590643
0.562363
0.535720
0.511170
0.488889
0.414821
0.322447
0.229259
0.141064
0.061016
0.000000
0.000000
-0.091792
-0.215976
-0.310856
-0.397822
-0.479105
-0.553136
-0.617806
-0.671204
-0.692171
-0.688750
-0.671232
-0.646228
-0.617921
-0.588891
-0.560679
-0.534147
-0.509729
-0.487587
-0.410133
-0.317059
-0.223866
-0.135938
-0.056329
0.000000
0.000000
0.100090
0.221524
0.315839
0.402565
0.483553
0.557163
0.621291
0.674041
0.692953
0.688298
0.670078
0.644715
0.616262
0.587218
0.559068
0.532642
0.508349
0.486340
0.405648
0.311906
0.218712
0.131042
0.051856
0.000000
0.000000
-0.108017
-0.226823
-0.320598
-0.407095
-0.487799
-0.561008
-0.624617
-0.676748
-0.693694
-0.687860
-0.668971
-0.643264
-0.614672
-0.585614
-0.557525
-0.531200
-0.507029
-0.483166
-0.400286
-0.306204
-0.213193
-0.125941
-0.047331
0.000000
0.000000
0.116188
0.232225
0.325416
0.411657
0.492055
0.564842
0.627911
0.679404
0.694389
0.687380
0.667825
0.641778
0.613051
0.583984
0.555958
0.529738
0.505689
0.476965
0.393192
0.299219
0.206684
0.120127
0.042377
0.000000
0.000000
-0.125575
-0.238404
-0.330912
-0.416854
-0.496901
-0.569203
-0.631658
-0.680762
-0.694259
-0.686386
-0.666369
-0.640115
-0.611337
-0.582314
-0.554385
-0.528288
-0.504374
-0.470915
-0.386272
-0.292404
-0.200333
-0.114453
-0.037541
0.000000
0.000000
0.134905
0.244601
0.336467
0.422142
0.501866
0.573713
0.635578
0.682263
0.694284
0.685548
0.665063
0.638591
0.609751
0.580759
0.552915
0.526930
0.503139
0.465183
0.379736
0.285992
0.194385
0.109167
0.033065
0.000000
0.000000
-0.143722
-0.250487
-0.341760
-0.427194
-0.506621
-0.578042
-0.639352
-0.683725
-0.694334
-0.684771
-0.663836
-0.637153
-0.608252
-0.579288
-0.551524
-0.525644
-0.501970
-0.459679
-0.373458
-0.279836
-0.188675
-0.104095
-0.028773
0.000000
0.000000
0.152154
0.256110
0.346812
0.432013
0.511153
0.582165
0.642943
0.685110
0.694370
0.684018
0.662655
0.635772
0.606813
0.577876
0.550188
0.524410
0.500848
0.454406
0.367443
0.273935
0.183202
0.099231
0.024654
0.000000
-0.004618
-0.160096
-0.262016
-0.352212
-0.437087
-0.515813
-0.586280
-0.646392
-0.686265
-0.694136
-0.682984
-0.661196
-0.634128
-0.605131
-0.576244
-0.548655
-0.523000
-0.499569
-0.448943
-0.361226
-0.267831
-0.177528
-0.094176
-0.020360
0.000000
0.017045
0.168006
0.268902
0.358628
0.442987
0.521045
0.590691
0.649855
0.687103
0.693406
0.681369
0.659133
0.631892
0.602889
0.574094
0.546650
0.521166
0.497913
0.443892
0.355499
0.262134
0.172139
0.089271
0.016076
0.000000
-0.029228
-0.175768
-0.275661
-0.364925
-0.448778
-0.526179
-0.595020
-0.653254
-0.687930
-0.692696
-0.679791
-0.657116
-0.629704
-0.600695
-0.571990
-0.544689
-0.519371
-0.496293
-0.438989
-0.349947
-0.256616
-0.166923
-0.084526
-0.011937
0.000000
0.040801
0.183084
0.281992
0.370795
0.454148
0.530912
0.598976
0.656321
0.688600
0.691937
0.678231
0.655155
0.627592
0.598584
0.569971
0.542809
0.517653
0.494742
0.434276
0.344601
0.251296
0.161889
0.079942
0.007931
0.000000
-0.051947
-0.190120
-0.288077
-0.376433
-0.459303
-0.535452
-0.602769
-0.659257
-0.689237
-0.691205
-0.676729
-0.653269
-0.625561
-0.596556
-0.568031
-0.541003
-0.516002
-0.493253
-0.429765
-0.339488
-0.246209
-0.157075
-0.075558
-0.004101
0.000000
0.062622
0.196863
0.293911
0.381840
0.464249
0.539809
0.606411
0.662079
0.689855
0.690509
0.675296
0.651465
0.623619
0.594616
0.566174
0.539274
0.514422
0.491827
0.425246
0.334365
0.241125
0.152281
0.071209
0.000320
0.000000
-0.073380
-0.203699
-0.299847
-0.387356
-0.469306
-0.544274
-0.610154
-0.664991
-0.690495
-0.689794
-0.673820
-0.649609
-0.621619
-0.592617
-0.564262
-0.537494
-0.512795
-0.490358
-0.420213
-0.328640
-0.235447
-0.146933
-0.066369
0.000000
0.000000
0.082359
0.209684
0.305213
0.392458
0.474083
0.548595
0.613886
0.668022
0.691317
0.689292
0.672567
0.647969
0.619824
0.590809
0.562522
0.535869
0.511306
0.489012
0.415271
0.322964
0.229776
0.141555
0.061464
0.000000
0.000000
-0.091001
-0.215448
-0.310382
-0.397372
-0.478684
-0.552754
-0.617477
-0.670936
-0.692099
-0.688795
-0.671343
-0.646374
-0.618080
-0.589052
-0.560833
-0.534291
-0.509861
-0.487706
-0.410563
-0.317553
-0.224360
-0.136408
-0.056759
0.000000
0.000000
0.099330
0.221015
0.315383
0.402131
0.483145
0.556795
0.620972
0.673781
0.692881
0.688339
0.670184
0.644854
0.616414
0.587371
0.559216
0.532780
0.508476
0.486454
0.406060
0.312379
0.219185
0.131492
0.052267
0.000000
0.000000
-0.107290
-0.226336
-0.320162
-0.406679
-0.487409
-0.560655
-0.624312
-0.676499
-0.693626
-0.687901
-0.669073
-0.643397
-0.614818
-0.585761
-0.557667
-0.531333
-0.507150
-0.483717
-0.400917
-0.306827
-0.213774
-0.126462
-0.047777
0.000000
0.000000
0.115363
0.231687
0.324940
0.411209
0.491640
0.564470
0.627594
0.679151
0.694327
0.687432
0.667941
0.641927
0.613212
0.584146
0.556114
0.529882
0.505822
0.477593
0.393909
0.299923
0.207338
0.120709
0.042871
0.000000
0.000000
-0.124613
-0.237764
-0.330339
-0.416309
-0.496390
-0.568740
-0.631257
-0.680613
-0.694264
-0.686481
-0.666512
-0.640279
-0.611508
-0.582480
-0.554543
-0.528433
-0.504506
-0.471528
-0.386972
-0.293093
-0.200974
-0.115026
-0.038028
0.000000
0.000000
0.133961
0.243973
0.335904
0.421606
0.501363
0.573255
0.635180
0.682110
0.694281
0.685633
0.665196
0.638745
0.609911
0.580916
0.553064
0.527068
0.503264
0.465766
0.380400
0.286644
0.194990
0.109705
0.033520
0.000000
0.000000
-0.142826
-0.249889
-0.341222
-0.426681
-0.506138
-0.577602
-0.638969
-0.683577
-0.694329
-0.684850
-0.663961
-0.637299
-0.608404
-0.579438
-0.551665
-0.525775
-0.502088
-0.460238
-0.374095
-0.280461
-0.189256
-0.104610
-0.029209
0.000000
0.000000
0.151297
0.255538
0.346298
0.431523
0.510693
0.581746
0.642578
0.684969
0.694366
0.684095
0.662775
0.635912
0.606959
0.578020
0.550324
0.524536
0.500962
0.454942
0.368054
0.274534
0.183758
0.099725
0.025073
0.000000
-0.003394
-0.159314
-0.261333
-0.351573
-0.436498
-0.515289
-0.585836
-0.646042
-0.686176
-0.694204
-0.683140
-0.661398
-0.634348
-0.605351
-0.576456
-0.548852
-0.523181
-0.499733
-0.449566
-0.361932
-0.268525
-0.178176
-0.094755
-0.020854
0.000000
0.015637
0.167116
0.268130
0.357911
0.442331
0.520465
0.590205
0.649477
0.687018
0.693495
0.681555
0.659370
0.632147
0.603144
0.574338
0.546878
0.521374
0.498101
0.444463
0.356146
0.262778
0.172749
0.089825
0.016560
0.000000
-0.027858
-0.174898
-0.274904
-0.364221
-0.448131
-0.525607
-0.594538
-0.652877
-0.687840
-0.692778
-0.679970
-0.657344
-0.629951
-0.600942
-0.572227
-0.544909
-0.519573
-0.496475
-0.439541
-0.350572
-0.257237
-0.167511
-0.085061
-0.012403
0.000000
0.039498
0.182260
0.281279
0.370134
0.453543
0.530379
0.598531
0.655975
0.688525
0.692023
0.678406
0.655375
0.627829
0.598822
0.570198
0.543020
0.517846
0.494916
0.434806
0.345202
0.251895
0.162455
0.080457
0.008382
0.000000
-0.050694
-0.189329
-0.287392
-0.375799
-0.458723
-0.534941
-0.602342
-0.658926
-0.689165
-0.691287
-0.676898
-0.653481
-0.625790
-0.596784
-0.568249
-0.541206
-0.516188
-0.493420
-0.430272
-0.340063
-0.246781
-0.157616
-0.076051
-0.004532
0.000000
0.061421
0.196105
0.293254
0.381232
0.463693
0.539319
0.606001
0.661762
0.689786
0.690587
0.675457
0.651668
0.623838
0.594834
0.566383
0.539469
0.514600
0.491987
0.425796
0.334988
0.241741
0.152858
0.071729
0.000769
0.000000
-0.072058
-0.202851
-0.299106
-0.386665
-0.468670
-0.543711
-0.609680
-0.664620
-0.690412
-0.689884
-0.674007
-0.649844
-0.621873
-0.592871
-0.564505
-0.537720
-0.513002
-0.490545
-0.420853
-0.329372
-0.236176
-0.147624
-0.066998
0.000000
0.000000
0.081241
0.208937
0.304543
0.391820
0.473485
0.548054
0.613418
0.667641
0.691213
0.689354
0.672722
0.648174
0.620048
0.591034
0.562739
0.536072
0.511492
0.489180
0.415886
0.323670
0.230482
0.142225
0.062075
0.000000
0.000000
-0.089923
-0.214729
-0.309737
-0.396758
-0.478109
-0.552235
-0.617028
-0.670572
-0.692000
-0.688856
-0.671495
-0.646573
-0.618297
-0.589271
-0.561043
-0.534488
-0.510041
-0.487869
-0.411150
-0.318227
-0.225035
-0.137049
-0.057345
0.000000
0.000000
0.098293
0.220322
0.314760
0.401538
0.482590
0.556292
0.620537
0.673427
0.692784
0.688396
0.670329
0.645043
0.616621
0.587580
0.559417
0.532968
0.508648
0.486610
0.406621
0.313024
0.219829
0.132104
0.052827
0.000000
0.000000
-0.106298
-0.225674
-0.319567
-0.406113
-0.486878
-0.560175
-0.623896
-0.676161
-0.693534
-0.687955
-0.669211
-0.643579
-0.615016
-0.585962
-0.557860
-0.531513
-0.507315
-0.484469
-0.401778
-0.307676
-0.214567
-0.127172
-0.048385
0.000000
0.000000
0.114238
0.230953
0.324291
0.410598
0.491073
0.563963
0.627163
0.678807
0.694243
0.687503
0.668100
0.642130
0.613432
0.584366
0.556326
0.530080
0.506002
0.478449
0.394886
0.300883
0.208230
0.121503
0.043544
0.000000
0.000000
-0.123300
-0.236892
-0.329558
-0.415566
-0.495693
-0.568109
-0.630710
-0.680410
-0.694271
-0.686610
-0.666707
-0.640504
-0.611740
-0.582708
-0.554758
-0.528632
-0.504686
-0.472363
-0.387927
-0.294032
-0.201849
-0.115806
-0.038692
0.000000
0.000000
0.132674
0.243118
0.335136
0.420875
0.500676
0.572631
0.634637
0.681902
0.694277
0.685749
0.665376
0.638955
0.610131
0.581131
0.553267
0.527255
0.503435
0.466560
0.381306
0.287533
0.195815
0.110438
0.034141
0.000000
0.000000
-0.141605
-0.249074
-0.340489
-0.425982
-0.505480
-0.577003
-0.638446
-0.683375
-0.694323
-0.684958
-0.664131
-0.637499
-0.608612
-0.579641
-0.551858
-0.525953
-0.502251
-0.461000
-0.374965
-0.281314
-0.190046
-0.105313
-0.029803
0.000000
0.000000
0.150129
0.254759
0.345598
0.430855
0.510064
0.581174
0.642080
0.684777
0.694361
0.684199
0.662938
0.636103
0.607158
0.578215
0.550509
0.524707
0.501117
0.455672
0.368887
0.275352
0.184516
0.100399
0.025643
0.000000
-0.001725
-0.158247
-0.260401
-0.350702
-0.435695
-0.514575
-0.585232
-0.645564
-0.686055
-0.694297
-0.683354
-0.661673
-0.634647
-0.605652
-0.576744
-0.549121
-0.523427
-0.499955
-0.450415
-0.362895
-0.269472
-0.179058
-0.095544
-0.021527
0.000000
0.013718
0.165902
0.267078
0.356935
0.441436
0.519676
0.589543
0.648962
0.686901
0.693616
0.681810
0.659691
0.632494
0.603491
0.574671
0.547187
0.521657
0.498357
0.445241
0.357029
0.263656
0.173579
0.090582
0.017221
0.000000
-0.025990
-0.173711
-0.273872
-0.363260
-0.447249
-0.524826
-0.593881
-0.652363
-0.687718
-0.692890
-0.680214
-0.657655
-0.630287
-0.601279
-0.572550
-0.545210
-0.519848
-0.496723
-0.440293
-0.351424
-0.258084
-0.168312
-0.085790
-0.013039
0.000000
0.037720
0.181137
0.280307
0.369233
0.452719
0.529653
0.597923
0.655505
0.688422
0.692139
0.678645
0.655676
0.628153
0.599146
0.570508
0.543309
0.518110
0.495154
0.435529
0.346022
0.252710
0.163227
0.081160
0.008996
0.000000
-0.048984
-0.188249
-0.286459
-0.374934
-0.457932
-0.534244
-0.601760
-0.658476
-0.689067
-0.691399
-0.677128
-0.653770
-0.626101
-0.597095
-0.568547
-0.541483
-0.516441
-0.493649
-0.430964
-0.340847
-0.247561
-0.158355
-0.076723
-0.005119
0.000000
0.059784
0.195071
0.292360
0.380403
0.462934
0.538651
0.605443
0.661329
0.689691
0.690694
0.675677
0.651945
0.624136
0.595132
0.566668
0.539734
0.514843
0.492206
0.426544
0.335837
0.242579
0.153645
0.072439
0.001381
0.000000
-0.070257
-0.201695
-0.298096
-0.385724
-0.467804
-0.542943
-0.609033
-0.664114
-0.690300
-0.690007
-0.674262
-0.650165
-0.622219
-0.593217
-0.564836
-0.538028
-0.513284
-0.490799
-0.421726
-0.330369
-0.237171
-0.148566
-0.067856
0.000000
0.000000
0.079717
0.207919
0.303629
0.390950
0.472670
0.547316
0.612780
0.667122
0.691071
0.689438
0.672935
0.648452
0.620353
0.591342
0.563035
0.536348
0.511745
0.489409
0.416724
0.324633
0.231444
0.143138
0.062908
0.000000
0.000000
-0.088454
-0.213749
-0.308858
-0.395922
-0.477326
-0.551526
-0.616416
-0.670075
-0.691867
-0.688940
-0.671702
-0.646843
-0.618593
-0.589569
-0.561330
-0.534756
-0.510286
-0.488091
-0.411949
-0.319145
-0.225954
-0.137923
-0.058143
0.000000
0.000000
0.096879
0.219377
0.313911
0.400730
0.481832
0.555606
0.619944
0.672945
0.692651
0.688473
0.670525
0.645301
0.616904
0.587866
0.559692
0.533225
0.508884
0.486823
0.407386
0.313902
0.220709
0.132939
0.053590
0.000000
0.000000
-0.104946
-0.224770
-0.318755
-0.405340
-0.486154
-0.559519
-0.623329
-0.675699
-0.693407
-0.688030
-0.669400
-0.643826
-0.615287
-0.586235
-0.558123
-0.531759
-0.507540
-0.485493
-0.402951
-0.308834
-0.215649
-0.128141
-0.049213
0.000000
0.000000
0.112705
0.229952
0.323407
0.409766
0.490301
0.563272
0.626574
0.678338
0.694128
0.687599
0.668316
0.642406
0.613732
0.584667
0.556614
0.530349
0.506249
0.479615
0.396219
0.302192
0.209445
0.122585
0.044462
0.000000
0.000000
-0.121511
-0.235703
-0.328493
-0.414553
-0.494743
-0.567248
-0.629964
-0.680133
-0.694280
-0.686785
-0.666973
-0.640811
-0.612058
-0.583018
-0.555051
-0.528902
-0.504931
-0.473503
-0.389229
-0.295314
-0.203041
-0.116869
-0.039597
0.000000
0.000000
0.130920
0.241951
0.334090
0.419879
0.499740
0.571781
0.633898
0.681619
0.694272
0.685906
0.665622
0.639242
0.610429
0.581424
0.553544
0.527511
0.503667
0.467644
0.382542
0.288745
0.196939
0.111437
0.034987
0.000000
0.000000
-0.139939
-0.247962
-0.339490
-0.425028
-0.504583
-0.576186
-0.637734
-0.683099
-0.694314
-0.685105
-0.664363
-0.637770
-0.608895
-0.579919
-0.552121
-0.526196
-0.502472
-0.462039
-0.376150
-0.282476
-0.191125
-0.106271
-0.030614
0.000000
0.000000
0.148536
0.253697
0.344644
0.429945
0.509208
0.580395
0.641402
0.684515
0.694354
0.684341
0.663161
0.636364
0.607430
0.578482
0.550761
0.524940
0.501329
0.456667
0.370022
0.276466
0.185549
0.101317
0.026420
0.000000
0.000000
-0.156774
-0.259191
-0.349581
-0.434654
-0.513638
-0.584426
-0.644913
-0.685870
-0.694391
-0.683607
-0.662009
-0.635016
-0.606025
-0.577104
-0.549458
-0.523735
-0.500234
-0.451523
-0.364154
-0.270709
-0.180209
-0.096572
-0.022403
0.000000
0.011207
0.164310
0.265696
0.355650
0.440257
0.518633
0.588668
0.648279
0.686742
0.693770
0.682141
0.660111
0.632947
0.603945
0.575106
0.547593
0.522028
0.498691
0.446255
0.358179
0.264800
0.174662
0.091568
0.018083
0.000000
-0.023548
-0.172157
-0.272520
-0.362002
-0.446093
-0.523802
-0.593019
-0.651687
-0.687556
-0.693035
-0.680531
-0.658060
-0.630726
-0.601719
-0.572972
-0.545604
-0.520208
-0.497048
-0.441277
-0.352538
-0.259191
-0.169358
-0.086742
-0.013870
0.000000
0.035400
0.179670
0.279038
0.368056
0.451643
0.528704
0.597131
0.654890
0.688288
0.692291
0.678958
0.656070
0.628577
0.599569
0.570913
0.543686
0.518454
0.495465
0.436473
0.347093
0.253776
0.164236
0.082079
0.009798
0.000000
-0.046750
-0.186839
-0.285239
-0.373804
-0.456899
-0.533334
-0.601000
-0.657887
-0.688940
-0.691546
-0.677429
-0.654148
-0.626508
-0.597502
-0.568935
-0.541845
-0.516772
-0.493947
-0.431868
-0.341872
-0.248581
-0.159320
-0.077602
-0.005887
0.000000
0.057645
0.193719
0.291191
0.379319
0.461943
0.537778
0.604713
0.660763
0.689567
0.690834
0.675964
0.652306
0.624525
0.595521
0.567040
0.540080
0.515159
0.492492
0.427459
0.336873
0.243608
0.154614
0.073317
0.002144
0.000000
-0.068077
-0.200308
-0.296891
-0.384603
-0.466776
-0.542035
-0.608271
-0.663521
-0.690170
-0.690152
-0.674562
-0.650543
-0.622626
-0.593624
-0.565225
-0.538391
-0.513615
-0.491098
-0.422751
-0.331536
-0.238329
-0.149657
-0.068844
0.000000
0.000000
0.077941
0.206731
0.302560
0.389932
0.471715
0.546450
0.612030
0.666512
0.690902
0.689535
0.673182
0.648777
0.620710
0.591701
0.563381
0.536671
0.512042
0.489677
0.417714
0.325770
0.232581
0.144216
0.063892
0.000000
0.000000
-0.086722
-0.212594
-0.307822
-0.394938
-0.476404
-0.550693
-0.615697
-0.669492
-0.691710
-0.689040
-0.671948
-0.647163
-0.618943
-0.589921
-0.561669
-0.535072
-0.510576
-0.488353
-0.412891
-0.320229
-0.227039
-0.138953
-0.059086
0.000000
0.000000
0.095210
0.218262
0.312909
0.399777
0.480938
0.554796
0.619243
0.672374
0.692494
0.688564
0.670757
0.645606
0.617238
0.588202
0.560016
0.533527
0.509161
0.487073
0.408287
0.314938
0.221745
0.133924
0.054489
0.000000
0.000000
-0.103353
-0.223705
-0.317798
-0.404430
-0.485300
-0.558746
-0.622660
-0.675155
-0.693258
-0.688118
-0.669623
-0.644118
-0.615607
-0.586558
-0.558433
-0.532048
-0.507806
-0.485848
-0.403877
-0.309872
-0.216676
-0.129109
-0.050089
0.000000
0.000000
0.111144
0.228912
0.322475
0.408880
0.489473
0.562523
0.625927
0.677814
0.693986
0.687687
0.668534
0.642691
0.614044
0.584982
0.556917
0.530632
0.506508
0.480798
0.397573
0.303527
0.210692
0.123701
0.045415
0.000000
0.000000
-0.119734
-0.234540
-0.327463
-0.413583
-0.493841
-0.566440
-0.629273
-0.679898
-0.694320
-0.686985
-0.667256
-0.641132
-0.612387
-0.583338
-0.555351
-0.529179
-0.505182
-0.474649
-0.390542
-0.296607
-0.204247
-0.117948
-0.040517
0.000000
0.000000
0.129150
0.240777
0.333038
0.418877
0.498799
0.570927
0.633155
0.681334
0.694267
0.686064
0.665869
0.639531
0.610729
0.581718
0.553822
0.527768
0.503901
0.468726
0.383776
0.289955
0.198061
0.112434
0.035832
0.000000
0.000000
-0.138274
-0.246850
-0.338490
-0.424073
-0.503684
-0.575368
-0.637021
-0.682822
-0.694304
-0.685252
-0.664595
-0.638042
-0.609178
-0.580197
-0.552384
-0.526439
-0.502692
-0.463080
-0.377337
-0.283640
-0.192204
-0.107229
-0.031425
0.000000
0.000000
0.146943
0.252635
0.343689
0.429034
0.508352
0.579616
0.640723
0.684254
0.694347
0.684483
0.663385
0.636625
0.607702
0.578749
0.551013
0.525173
0.501541
0.457664
0.371159
0.277581
0.186584
0.102236
0.027199
0.000000
0.000000
-0.155245
-0.258171
-0.348665
-0.433780
-0.512816
-0.583678
-0.644261
-0.685618
-0.694384
-0.683743
-0.662223
-0.635266
-0.606286
-0.577360
-0.549699
-0.523959
-0.500437
-0.452477
-0.365242
-0.271777
-0.181199
-0.097452
-0.023148
0.000000
0.009027
0.162915
0.264479
0.354512
0.439208
0.517700
0.587878
0.647655
0.686584
0.693891
0.682420
0.660470
0.633338
0.604337
0.575483
0.547944
0.522349
0.498982
0.447123
0.359162
0.265780
0.175590
0.092414
0.018824
0.000000
-0.021432
-0.170805
-0.271341
-0.360901
-0.445079
-0.522902
-0.592258
-0.651087
-0.687406
-0.693154
-0.680803
-0.658409
-0.631105
-0.602099
-0.573337
-0.545944
-0.520520
-0.497330
-0.442127
-0.353500
-0.260148
-0.170262
-0.087563
-0.014587
0.000000
0.033397
0.178405
0.277944
0.367042
0.450715
0.527887
0.596448
0.654362
0.688173
0.692424
0.679229
0.656410
0.628943
0.599935
0.571263
0.544011
0.518752
0.495734
0.437291
0.348020
0.254699
0.165109
0.082874
0.010494
0.000000
-0.044817
-0.185619
-0.284184
-0.372826
-0.456005
-0.532548
-0.600343
-0.657378
-0.688829
-0.691673
-0.677690
-0.654475
-0.626860
-0.597853
-0.569272
-0.542158
-0.517058
-0.494205
-0.432650
-0.342758
-0.249463
-0.160154
-0.078362
-0.006551
0.000000
0.055794
0.192550
0.290179
0.378382
0.461086
0.537022
0.604081
0.660274
0.689460
0.690954
0.676213
0.652619
0.624861
0.595857
0.567362
0.540380
0.515433
0.492739
0.428208
0.337722
0.244452
0.155413
0.074045
0.002779
0.000000
-0.066305
-0.199189
-0.295923
-0.383706
-0.465955
-0.541312
-0.607667
-0.663053
-0.690068
-0.690268
-0.674801
-0.650843
-0.622949
-0.593946
-0.565534
-0.538678
-0.513877
-0.491335
-0.423561
-0.332455
-0.239237
-0.150509
-0.069612
0.000000
0.000000
0.076547
0.205796
0.301718
0.389130
0.470961
0.545767
0.611438
0.666028
0.690768
0.689610
0.673377
0.649033
0.620990
0.591984
0.563654
0.536926
0.512275
0.489888
0.418501
0.326675
0.233484
0.145073
0.064673
0.000000
0.000000
-0.085349
-0.211678
-0.307001
-0.394158
-0.475674
-0.550034
-0.615128
-0.669030
-0.691588
-0.689120
-0.672143
-0.647418
-0.619221
-0.590201
-0.561938
-0.535323
-0.510806
-0.488561
-0.413639
-0.321089
-0.227899
-0.139772
-0.059834
0.000000
0.000000
0.093885
0.217376
0.312113
0.399019
0.480228
0.554152
0.618686
0.671920
0.692369
0.688636
0.670941
0.645847
0.617503
0.588470
0.560273
0.533768
0.509381
0.487272
0.409003
0.315760
0.222567
0.134705
0.055202
0.000000
0.000000
-0.102088
-0.222859
-0.317039
-0.403707
-0.484623
-0.558133
-0.622130
-0.674723
-0.693140
-0.688187
-0.669799
-0.644349
-0.615861
-0.586813
-0.558679
-0.532278
-0.508016
-0.486039
-0.404564
-0.310661
-0.217465
-0.129858
-0.050774
0.000000
0.000000
0.109932
0.228102
0.321748
0.408188
0.488824
0.561936
0.625419
0.677400
0.693873
0.687754
0.668704
0.642913
0.614287
0.585227
0.557153
0.530852
0.506710
0.481716
0.398625
0.304565
0.211661
0.124569
0.046158
0.000000
0.000000
-0.118359
-0.233643
-0.326669
-0.412836
-0.493149
-0.565820
-0.628745
-0.679720
-0.694355
-0.687142
-0.667479
-0.641383
-0.612644
-0.583587
-0.555585
-0.529394
-0.505377
-0.475538
-0.391559
-0.297610
-0.205183
-0.118785
-0.041232
0.000000
0.000000
0.127778
0.239866
0.332222
0.418100
0.498070
0.570265
0.632580
0.681114
0.694263
0.686187
0.666060
0.639754
0.610962
0.581946
0.554038
0.527967
0.504082
0.469564
0.384731
0.290892
0.198931
0.113207
0.036486
0.000000
0.000000
-0.136984
-0.245989
-0.337715
-0.423333
-0.502987
-0.574733
-0.636467
-0.682608
-0.694296
-0.685365
-0.664774
-0.638252
-0.609397
-0.580412
-0.552587
-0.526627
-0.502863
-0.463886
-0.378256
-0.284541
-0.193039
-0.107972
-0.032053
0.000000
0.000000
0.145709
0.251812
0.342950
0.428330
0.507689
0.579013
0.640198
0.684051
0.694342
0.684594
0.663558
0.636828
0.607913
0.578955
0.551209
0.525353
0.501705
0.458436
0.372040
0.278445
0.187385
0.102949
0.027802
0.000000
0.000000
-0.154061
-0.257381
-0.347955
-0.433103
-0.512179
-0.583098
-0.643756
-0.685423
-0.694379
-0.683849
-0.662388
-0.635460
-0.606488
-0.577558
-0.549887
-0.524132
-0.500595
-0.453216
-0.366085
-0.272604
-0.181967
-0.098133
-0.023725
0.000000
0.007338
0.161835
0.263535
0.353631
0.438395
0.516977
0.587265
0.647171
0.686462
0.693985
0.682636
0.660748
0.633641
0.604641
0.575774
0.548216
0.522599
0.499207
0.447794
0.359924
0.266538
0.176309
0.093070
0.019397
0.000000
-0.019793
-0.169757
-0.270427
-0.360049
-0.444294
-0.522204
-0.591668
-0.650623
-0.687291
-0.693247
-0.681013
-0.658679
-0.631399
-0.602394
-0.573620
-0.546208
-0.520761
-0.497548
-0.442785
-0.354246
-0.260888
-0.170962
-0.088200
-0.015142
0.000000
0.031846
0.177425
0.277096
0.366256
0.449997
0.527255
0.595919
0.653952
0.688085
0.692527
0.679439
0.656674
0.629227
0.600218
0.571534
0.544264
0.518983
0.495942
0.437924
0.348739
0.255414
0.165786
0.083491
0.011032
0.000000
-0.043320
-0.184674
-0.283367
-0.372069
-0.455313
-0.531938
-0.599834
-0.656985
-0.688744
-0.691772
-0.677891
-0.654728
-0.627133
-0.598126
-0.569532
-0.542401
-0.517280
-0.494405
-0.433256
-0.343445
-0.250146
-0.160800
-0.078950
-0.007065
0.000000
0.054361
0.191645
0.289396
0.377656
0.460421
0.536437
0.603592
0.659895
0.689377
0.691048
0.676405
0.652861
0.625122
0.596118
0.567611
0.540612
0.515645
0.492930
0.428788
0.338380
0.245107
0.156032
0.074608
0.003272
0.000000
-0.064933
-0.198323
-0.295173
-0.383011
-0.465320
-0.540752
-0.607199
-0.662690
-0.689989
-0.690358
-0.674985
-0.651075
-0.623198
-0.594196
-0.565772
-0.538900
-0.514080
-0.491518
-0.424189
-0.333166
-0.239940
-0.151169
-0.070207
0.000000
0.000000
0.075467
0.205071
0.301066
0.388508
0.470378
0.545238
0.610979
0.665653
0.690664
0.689668
0.673527
0.649231
0.621207
0.592204
0.563865
0.537123
0.512456
0.490052
0.419110
0.327375
0.234184
0.145737
0.065278
0.000000
0.000000
-0.084285
-0.210969
-0.306366
-0.393553
-0.475109
-0.549523
-0.614687
-0.668673
-0.691493
-0.689182
-0.672295
-0.647615
-0.619436
-0.590418
-0.562146
-0.535518
-0.510984
-0.488722
-0.414219
-0.321755
-0.228566
-0.140405
-0.060414
0.000000
0.000000
0.092858
0.216689
0.311497
0.398432
0.479677
0.553654
0.618255
0.671569
0.692272
0.688692
0.671084
0.646034
0.617708
0.588676
0.560472
0.533954
0.509552
0.487427
0.409557
0.316397
0.223204
0.135310
0.055755
0.000000
0.000000
-0.101108
-0.222204
-0.316450
-0.403147
-0.484098
-0.557657
-0.621718
-0.674389
-0.693048
-0.688241
-0.669936
-0.644529
-0.616057
-0.587012
-0.558870
-0.532457
-0.508180
-0.486186
-0.405096
-0.311272
-0.218077
-0.130439
-0.051305
0.000000
0.000000
0.108993
0.227475
0.321184
0.407652
0.488321
0.561481
0.625026
0.677080
0.693785
0.687806
0.668835
0.643085
0.614476
0.585417
0.557336
0.531023
0.506866
0.482427
0.399440
0.305369
0.212412
0.125242
0.046734
0.000000
0.000000
-0.117294
-0.232948
-0.326055
-0.412258
-0.492613
-0.565340
-0.628336
-0.679583
-0.694382
-0.687264
-0.667651
-0.641577
-0.612842
-0.583780
-0.555766
-0.529561
-0.505528
-0.476227
-0.392347
-0.298387
-0.205908
-0.119434
-0.041786
0.000000
0.000000
0.126714
0.239160
0.331590
0.417499
0.497505
0.569752
0.632135
0.680943
0.694260
0.686282
0.666208
0.639927
0.611142
0.582123
0.554205
0.528121
0.504222
0.470213
0.385471
0.291618
0.199604
0.113805
0.036992
0.000000
0.000000
-0.135985
-0.245321
-0.337114
-0.422760
-0.502448
-0.574242
-0.636039
-0.682442
-0.694290
-0.685453
-0.664913
-0.638414
-0.609567
-0.580579
-0.552745
-0.526773
-0.502996
-0.464510
-0.378968
-0.285240
-0.193687
-0.108547
-0.032540
0.000000
0.000000
0.144753
0.251175
0.342378
0.427783
0.507175
0.578546
0.639791
0.683895
0.694338
0.684679
0.663692
0.636984
0.608076
0.579115
0.551360
0.525493
0.501832
0.459034
0.372722
0.279114
0.188006
0.103500
0.028269
0.000000
0.000000
-0.153143
-0.256769
-0.347405
-0.432578
-0.511685
-0.582649
-0.643365
-0.685272
-0.694374
-0.683930
-0.662516
-0.635610
-0.606644
-0.577711
-0.550032
-0.524266
-0.500716
-0.453789
-0.366738
-0.273244
-0.182561
-0.098661
-0.024172
0.000000
0.006029
0.160999
0.262804
0.352948
0.437766
0.516417
0.586791
0.646796
0.686367
0.694058
0.682803
0.660964
0.633875
0.604877
0.576001
0.548427
0.522792
0.499381
0.448315
0.360514
0.267126
0.176866
0.093578
0.019842
0.000000
-0.018523
-0.168946
-0.269719
-0.359388
-0.443686
-0.521664
-0.591212
-0.650263
-0.687201
-0.693318
-0.681176
-0.658888
-0.631626
-0.602622
-0.573839
-0.546412
-0.520948
-0.497717
-0.443295
-0.354823
-0.261462
-0.171504
-0.088693
-0.015572
0.000000
0.030645
0.176666
0.276439
0.365648
0.449440
0.526764
0.595510
0.653635
0.688016
0.692606
0.679602
0.656878
0.629447
0.600438
0.571744
0.544459
0.519161
0.496103
0.438414
0.349295
0.255967
0.166310
0.083968
0.011449
0.000000
-0.042160
-0.183942
-0.282734
-0.371483
-0.454777
-0.531466
-0.599439
-0.656679
-0.688678
-0.691848
-0.678048
-0.654925
-0.627344
-0.598337
-0.569734
-0.542588
-0.517452
-0.494560
-0.433725
-0.343977
-0.250675
-0.161301
-0.079406
-0.007463
0.000000
0.053251
0.190943
0.288789
0.377093
0.459907
0.535984
0.603213
0.659601
0.689312
0.691120
0.676554
0.653048
0.625324
0.596319
0.567804
0.540792
0.515809
0.493079
0.429237
0.338890
0.245614
0.156512
0.075045
0.003653
0.000000
-0.063870
-0.197651
-0.294593
-0.382473
-0.464827
-0.540319
-0.606837
-0.662409
-0.689927
-0.690427
-0.675128
-0.651254
-0.623392
-0.594389
-0.565957
-0.539072
-0.514238
-0.491660
-0.424676
-0.333718
-0.240485
-0.151680
-0.070668
0.000000
0.000000
0.074631
0.204510
0.300561
0.388027
0.469926
0.544827
0.610623
0.665363
0.690583
0.689713
0.673644
0.649384
0.621376
0.592374
0.564028
0.537276
0.512596
0.490179
0.419582
0.327918
0.234727
0.146251
0.065747
0.000000
0.000000
-0.083460
-0.210419
-0.305873
-0.393085
-0.474671
-0.549127
-0.614345
-0.668396
-0.691419
-0.689231
-0.672412
-0.647767
-0.619603
-0.590586
-0.562308
-0.535668
-0.511123
-0.488846
-0.414668
-0.322270
-0.229082
-0.140896
-0.060862
0.000000
0.000000
0.092063
0.216158
0.311019
0.397977
0.479251
0.553267
0.617920
0.671297
0.692196
0.688735
0.671194
0.646179
0.617867
0.588837
0.560626
0.534098
0.509684
0.487546
0.409987
0.316890
0.223697
0.135778
0.056183
0.000000
0.000000
-0.100349
-0.221697
-0.315995
-0.402713
-0.483691
-0.557289
-0.621400
-0.674130
-0.692977
-0.688283
-0.670042
-0.644667
-0.616210
-0.587165
-0.559018
-0.532595
-0.508306
-0.486301
-0.405507
-0.311745
-0.218550
-0.130889
-0.051716
0.000000
0.000000
0.108265
0.226989
0.320747
0.407237
0.487932
0.561128
0.624721
0.676832
0.693718
0.687847
0.668937
0.643219
0.614622
0.585564
0.557477
0.531155
0.506987
0.482978
0.400071
0.305992
0.212994
0.125763
0.047179
0.000000
0.000000
-0.116469
-0.232409
-0.325579
-0.411810
-0.492197
-0.564968
-0.628019
-0.679476
-0.694403
-0.687358
-0.667784
-0.641727
-0.612996
-0.583929
-0.555907
-0.529690
-0.505645
-0.476760
-0.392958
-0.298989
-0.206470
-0.119936
-0.042215
0.000000
0.000000
0.125891
0.238613
0.331100
0.417033
0.497068
0.569355
0.631790
0.680811
0.694258
0.686356
0.666323
0.640061
0.611281
0.582259
0.554334
0.528241
0.504331
0.470716
0.386045
0.292180
0.200125
0.114268
0.037384
0.000000
0.000000
-0.135211
-0.244804
-0.336649
-0.422317
-0.502030
-0.573862
-0.635707
-0.682313
-0.694285
-0.685521
-0.665020
-0.638541
-0.609699
-0.580708
-0.552867
-0.526885
-0.503099
-0.464994
-0.379520
-0.285781
-0.194189
-0.108992
-0.032917
0.000000
0.000000
0.144013
0.250681
0.341934
0.427360
0.506778
0.578184
0.639476
0.683773
0.694335
0.684745
0.663796
0.637106
0.608202
0.579239
0.551478
0.525602
0.501931
0.459497
0.373250
0.279632
0.188487
0.103928
0.028631
0.000000
0.000000
-0.152433
-0.256295
-0.346979
-0.432172
-0.511303
-0.582301
-0.643062
-0.685155
-0.694371
-0.683993
-0.662616
-0.635726
-0.606765
-0.577830
-0.550144
-0.524370
-0.500811
-0.454232
-0.367244
-0.273740
-0.183021
-0.099070
-0.024518
0.000000
0.005016
0.160350
0.262238
0.352419
0.437278
0.515983
0.586424
0.646506
0.686294
0.694114
0.682933
0.661131
0.634057
0.605059
0.576176
0.548591
0.522941
0.499516
0.448741
0.360997
0.267605
0.177318
0.093988
0.020199
0.000000
-0.017502
-0.168296
-0.269153
-0.358860
-0.443200
-0.521233
-0.590849
-0.649978
-0.687131
-0.693377
-0.681308
-0.659057
-0.631809
-0.602806
-0.574015
-0.546576
-0.521098
-0.497852
-0.443706
-0.355288
-0.261925
-0.171941
-0.089090
-0.015918
0.000000
0.029673
0.176051
0.275907
0.365154
0.448988
0.526366
0.595176
0.653376
0.687959
0.692669
0.679733
0.657042
0.629624
0.600615
0.571913
0.544617
0.519306
0.496233
0.438810
0.349743
0.256414
0.166732
0.084353
0.011785
0.000000
-0.041225
-0.183351
-0.282224
-0.371010
-0.454345
-0.531085
-0.599121
-0.656433
-0.688625
-0.691910
-0.678174
-0.655083
-0.627514
-0.598507
-0.569897
-0.542740
-0.517590
-0.494685
-0.434103
-0.344406
-0.251102
-0.161705
-0.079774
-0.007785
0.000000
0.052355
0.190377
0.288299
0.376639
0.459492
0.535618
0.602907
0.659364
0.689261
0.691178
0.676675
0.653200
0.625487
0.596482
0.567960
0.540937
0.515942
0.493198
0.429600
0.339301
0.246023
0.156899
0.075397
0.003961
0.000000
-0.063012
-0.197110
-0.294124
-0.382038
-0.464430
-0.539969
-0.606544
-0.662183
-0.689878
-0.690483
-0.675243
-0.651399
-0.623548
-0.594545
-0.566106
-0.539211
-0.514365
-0.491775
-0.425068
-0.334163
-0.240925
-0.152093
-0.071040
-0.000175
0.000000
0.073809
0.203974
0.300087
0.387581
0.469512
0.544458
0.610308
0.665112
0.690521
0.689765
0.673759
0.649532
0.621536
0.592535
0.564183
0.537421
0.512728
0.490298
0.420005
0.328402
0.235210
0.146709
0.066165
0.000000
0.000000
-0.082722
-0.209927
-0.305431
-0.392665
-0.474277
-0.548771
-0.614038
-0.668146
-0.691351
-0.689272
-0.672516
-0.647903
-0.619752
-0.590735
-0.562452
-0.535803
-0.511246
-0.488958
-0.415072
-0.322735
-0.229547
-0.141338
-0.061265
0.000000
0.000000
0.091351
0.215682
0.310592
0.397571
0.478870
0.552923
0.617623
0.671055
0.692131
0.688775
0.671294
0.646310
0.618010
0.588981
0.560765
0.534227
0.509802
0.487653
0.410373
0.317334
0.224141
0.136200
0.056569
0.000000
0.000000
-0.099667
-0.221241
-0.315585
-0.402323
-0.483326
-0.556958
-0.621114
-0.673897
-0.692913
-0.688321
-0.670137
-0.644792
-0.616346
-0.587303
-0.559150
-0.532719
-0.508420
-0.486403
-0.405877
-0.312170
-0.218975
-0.131293
-0.052085
0.000000
0.000000
0.107612
0.226552
0.320355
0.406863
0.487582
0.560812
0.624447
0.676609
0.693657
0.687883
0.669028
0.643338
0.614753
0.585696
0.557604
0.531274
0.507096
0.483473
0.400638
0.306551
0.213517
0.126231
0.047580
0.000000
0.000000
-0.115728
-0.231925
-0.325151
-0.411407
-0.491824
-0.564635
-0.627735
-0.679263
-0.694355
-0.687409
-0.667890
-0.641861
-0.613140
-0.584074
-0.556045
-0.529818
-0.505763
-0.477315
-0.393592
-0.299611
-0.207048
-0.120451
-0.042652
0.000000
0.000000
0.125039
0.238048
0.330593
0.416551
0.496616
0.568945
0.631435
0.680679
0.694262
0.686439
0.666449
0.640206
0.611432
0.582407
0.554473
0.528369
0.504447
0.471256
0.386662
0.292787
0.200690
0.114772
0.037813
0.000000
0.000000
-0.134379
-0.244251
-0.336153
-0.421844
-0.501586
-0.573458
-0.635356
-0.682178
-0.694283
-0.685596
-0.665137
-0.638677
-0.609840
-0.580847
-0.552998
-0.527007
-0.503209
-0.465508
-0.380106
-0.286356
-0.194722
-0.109467
-0.033319
0.000000
0.000000
0.143223
0.250154
0.341460
0.426908
0.506352
0.577797
0.639138
0.683643
0.694331
0.684815
0.663906
0.637235
0.608337
0.579371
0.551602
0.525717
0.502036
0.459990
0.373813
0.280184
0.188999
0.104382
0.029016
0.000000
0.000000
-0.151677
-0.255791
-0.346526
-0.431740
-0.510897
-0.581932
-0.642740
-0.685031
-0.694368
-0.684061
-0.662722
-0.635850
-0.606894
-0.577956
-0.550264
-0.524480
-0.500911
-0.454704
-0.367783
-0.274269
-0.183511
-0.099506
-0.024887
0.000000
0.003936
0.159660
0.261635
0.351856
0.436759
0.515521
0.586033
0.646197
0.686215
0.694174
0.683071
0.661309
0.634250
0.605254
0.576362
0.548765
0.523101
0.499660
0.449290
0.361619
0.268218
0.177889
0.094499
0.020635
0.000000
-0.016261
-0.167510
-0.268472
-0.358229
-0.442621
-0.520722
-0.590420
-0.649645
-0.687055
-0.693456
-0.681473
-0.659265
-0.632034
-0.603031
-0.574230
-0.546777
-0.521282
-0.498018
-0.444210
-0.355859
-0.262493
-0.172479
-0.089580
-0.016346
0.000000
0.028465
0.175284
0.275239
0.364533
0.448418
0.525861
0.594751
0.653044
0.687880
0.692742
0.679890
0.657243
0.629842
0.600833
0.572122
0.544812
0.519484
0.496394
0.439297
0.350295
0.256962
0.167250
0.084824
0.012197
0.000000
-0.040075
-0.182625
-0.281595
-0.370427
-0.453811
-0.530615
-0.598728
-0.656128
-0.688558
-0.691985
-0.678328
-0.655278
-0.627724
-0.598717
-0.570098
-0.542927
-0.517761
-0.494839
-0.434571
-0.344936
-0.251630
-0.162205
-0.080229
-0.008182
0.000000
0.051249
0.189679
0.287696
0.376080
0.458980
0.535167
0.602531
0.659073
0.689197
0.691251
0.676823
0.653387
0.625689
0.596683
0.568153
0.541116
0.516106
0.493346
0.430048
0.339808
0.246527
0.157376
0.075832
0.004341
0.000000
-0.061953
-0.196441
-0.293545
-0.381502
-0.463939
-0.539536
-0.606183
-0.661903
-0.689816
-0.690553
-0.675386
-0.651578
-0.623741
-0.594737
-0.566291
-0.539383
-0.514521
-0.491916
-0.425552
-0.334712
-0.241468
-0.152602
-0.071499
-0.000570
0.000000
0.072644
0.203227
0.299434
0.386972
0.468952
0.543961
0.609890
0.664785
0.690449
0.689844
0.673924
0.649740
0.621760
0.592759
0.564397
0.537620
0.512910
0.490462
0.420570
0.329047
0.235853
0.147318
0.066719
0.000000
0.000000
-0.081736
-0.209268
-0.304840
-0.392103
-0.473750
-0.548293
-0.613625
-0.667810
-0.691259
-0.689327
-0.672653
-0.648083
-0.619949
-0.590934
-0.562643
-0.535982
-0.511410
-0.489106
-0.415614
-0.323358
-0.230169
-0.141928
-0.061804
0.000000
0.000000
0.090401
0.215048
0.310023
0.397030
0.478364
0.552465
0.617227
0.670733
0.692044
0.688829
0.671428
0.646485
0.618201
0.589174
0.560950
0.534401
0.509961
0.487797
0.410890
0.317928
0.224736
0.136765
0.057085
0.000000
0.000000
-0.098752
-0.220629
-0.315036
-0.401801
-0.482836
-0.556514
-0.620730
-0.673584
-0.692827
-0.688371
-0.670265
-0.644959
-0.616529
-0.587488
-0.559328
-0.532885
-0.508572
-0.486541
-0.406372
-0.312738
-0.219544
-0.131833
-0.052579
0.000000
0.000000
0.106738
0.225967
0.319830
0.406364
0.487114
0.560388
0.624080
0.676311
0.693575
0.687931
0.669150
0.643498
0.614928
0.585873
0.557774
0.531433
0.507242
0.484136
0.401396
0.307300
0.214216
0.126857
0.048115
0.000000
0.000000
-0.114737
-0.231278
-0.324579
-0.410869
-0.491324
-0.564188
-0.627354
-0.678960
-0.694280
-0.687471
-0.668030
-0.642040
-0.613335
-0.584269
-0.556232
-0.529992
-0.505922
-0.478069
-0.394453
-0.300458
-0.207835
-0.121151
-0.043246
0.000000
0.000000
0.123882
0.237278
0.329904
0.415896
0.496002
0.568389
0.630952
0.680500
0.694268
0.686553
0.666621
0.640405
0.611637
0.582607
0.554662
0.528544
0.504606
0.471993
0.387504
0.293616
0.201461
0.115460
0.038398
0.000000
0.000000
-0.133244
-0.243497
-0.335476
-0.421199
-0.500980
-0.572908
-0.634878
-0.681995
-0.694279
-0.685697
-0.665296
-0.638862
-0.610033
-0.581036
-0.553177
-0.527172
-0.503359
-0.466208
-0.380905
-0.287139
-0.195449
-0.110113
-0.033866
0.000000
0.000000
0.142146
0.249435
0.340814
0.426291
0.505772
0.577268
0.638678
0.683464
0.694325
0.684910
0.664056
0.637410
0.608520
0.579551
0.551772
0.525874
0.502179
0.460662
0.374580
0.280936
0.189696
0.105002
0.029540
0.000000
0.000000
-0.150647
-0.255104
-0.345909
-0.431151
-0.510343
-0.581428
-0.642301
-0.684862
-0.694363
-0.684153
-0.662866
-0.636019
-0.607070
-0.578129
-0.550427
-0.524631
-0.501048
-0.455348
-0.368518
-0.274990
-0.184180
-0.100100
-0.025390
0.000000
0.002465
0.158719
0.260814
0.351088
0.436051
0.514891
0.585500
0.645776
0.686109
0.694256
0.683259
0.661551
0.634514
0.605519
0.576616
0.549002
0.523318
0.499857
0.450039
0.362469
0.269053
0.178667
0.095194
0.021229
0.000000
-0.014568
-0.166440
-0.267544
-0.357367
-0.441832
-0.520025
-0.589836
-0.649190
-0.686953
-0.693562
-0.681697
-0.659549
-0.632340
-0.603337
-0.574523
-0.547050
-0.521531
-0.498243
-0.444896
-0.356638
-0.263267
-0.173211
-0.090247
-0.016928
0.000000
0.026818
0.174237
0.274329
0.363686
0.447640
0.525172
0.594172
0.652591
0.687772
0.692840
0.680105
0.657517
0.630138
0.601130
0.572407
0.545077
0.519726
0.496613
0.439960
0.351046
0.257709
0.167957
0.085467
0.012758
0.000000
-0.038508
-0.181634
-0.280738
-0.369632
-0.453084
-0.529974
-0.598193
-0.655713
-0.688467
-0.692088
-0.678539
-0.655543
-0.628010
-0.599002
-0.570371
-0.543181
-0.517993
-0.495049
-0.435208
-0.345659
-0.252349
-0.162885
-0.080849
-0.008724
0.000000
0.049742
0.188728
0.286873
0.375317
0.458283
0.534553
0.602018
0.658675
0.689111
0.691350
0.677026
0.653642
0.625963
0.596958
0.568415
0.541360
0.516329
0.493547
0.430658
0.340500
0.247216
0.158028
0.076425
0.004859
0.000000
-0.060510
-0.195529
-0.292756
-0.380770
-0.463271
-0.538947
-0.605690
-0.661521
-0.689733
-0.690647
-0.675580
-0.651822
-0.624004
-0.595000
-0.566542
-0.539617
-0.514735
-0.492109
-0.426212
-0.335460
-0.242208
-0.153296
-0.072125
-0.001110
0.000000
0.071055
0.202207
0.298544
0.386141
0.468188
0.543284
0.609320
0.664338
0.690350
0.689953
0.674149
0.650023
0.622066
0.593064
0.564689
0.537892
0.513159
0.490686
0.421339
0.329927
0.236730
0.148149
0.067476
0.000000
0.000000
-0.080392
-0.208370
-0.304034
-0.391336
-0.473031
-0.547643
-0.613062
-0.667352
-0.691134
-0.689401
-0.672841
-0.648329
-0.620218
-0.591206
-0.562904
-0.536226
-0.511633
-0.489308
-0.416353
-0.324206
-0.231018
-0.142733
-0.062539
0.000000
0.000000
0.089105
0.214183
0.309247
0.396292
0.477673
0.551840
0.616687
0.670295
0.691926
0.688903
0.671611
0.646723
0.618462
0.589437
0.561203
0.534637
0.510178
0.487992
0.411595
0.318738
0.225547
0.137536
0.057790
0.000000
0.000000
-0.097505
-0.219796
-0.314287
-0.401088
-0.482168
-0.555910
-0.620207
-0.673158
-0.692710
-0.688439
-0.670438
-0.645187
-0.616779
-0.587739
-0.559570
-0.533111
-0.508779
-0.486728
-0.407047
-0.313513
-0.220319
-0.132569
-0.053252
0.000000
0.000000
0.105545
0.225170
0.319115
0.405683
0.486475
0.559810
0.623580
0.675904
0.693463
0.687997
0.669316
0.643716
0.615167
0.586114
0.558006
0.531650
0.507440
0.485039
0.402431
0.308321
0.215170
0.127712
0.048846
0.000000
0.000000
-0.113385
-0.230396
-0.323799
-0.410135
-0.490643
-0.563578
-0.626835
-0.678546
-0.694179
-0.687557
-0.668220
-0.642284
-0.613599
-0.584534
-0.556486
-0.530230
-0.506140
-0.479098
-0.395628
-0.301612
-0.208907
-0.122105
-0.044056
0.000000
0.000000
0.122304
0.236230
0.328965
0.415002
0.495164
0.567630
0.630295
0.680256
0.694276
0.686708
0.666855
0.640675
0.611917
0.582881
0.554921
0.528782
0.504822
0.472998
0.388653
0.294746
0.202513
0.116398
0.039196
0.000000
0.000000
-0.131697
-0.242468
-0.334554
-0.420320
-0.500155
-0.572158
-0.634225
-0.681744
-0.694275
-0.685836
-0.665513
-0.639115
-0.610297
-0.581294
-0.553422
-0.527398
-0.503564
-0.467164
-0.381994
-0.288208
-0.196441
-0.110994
-0.034612
0.000000
0.000000
0.140677
0.248455
0.339933
0.425451
0.504980
0.576548
0.638050
0.683221
0.694318
0.685040
0.664260
0.637650
0.608770
0.579796
0.552004
0.526088
0.502374
0.461579
0.375625
0.281961
0.190647
0.105846
0.030255
0.000000
0.000000
-0.149242
-0.254167
-0.345067
-0.430348
-0.509587
-0.580740
-0.641702
-0.684631
-0.694357
-0.684278
-0.663063
-0.636249
-0.607309
-0.578364
-0.550649
-0.524836
-0.501235
-0.456226
-0.369519
-0.275972
-0.185091
-0.100910
-0.026076
0.000000
0.000458
0.157437
0.259693
0.350041
0.435086
0.514033
0.584773
0.645202
0.685964
0.694368
0.683516
0.661882
0.634874
0.605880
0.576963
0.549325
0.523614
0.500124
0.451059
0.363626
0.270191
0.179728
0.096143
0.022038
0.000000
-0.012261
-0.164980
-0.266279
-0.356193
-0.440756
-0.519076
-0.589040
-0.648571
-0.686812
-0.693708
-0.682003
-0.659936
-0.632758
-0.603755
-0.574923
-0.547423
-0.521872
-0.498551
-0.445832
-0.357699
-0.264323
-0.174210
-0.091156
-0.017723
0.000000
0.024572
0.172809
0.273088
0.362531
0.446580
0.524234
0.593383
0.651973
0.687626
0.692975
0.680399
0.657891
0.630542
0.601535
0.572795
0.545439
0.520057
0.496912
0.440865
0.352071
0.258728
0.168920
0.086343
0.013522
0.000000
-0.036371
-0.180284
-0.279569
-0.368548
-0.452093
-0.529101
-0.597462
-0.655147
-0.688343
-0.692227
-0.678827
-0.655905
-0.628400
-0.599391
-0.570743
-0.543528
-0.518310
-0.495335
-0.436077
-0.346644
-0.253329
-0.163813
-0.081694
-0.009462
0.000000
0.047687
0.187430
0.285750
0.374277
0.457332
0.533716
0.601318
0.658134
0.688993
0.691485
0.677303
0.653989
0.626337
0.597331
0.568773
0.541693
0.516633
0.493822
0.431490
0.341443
0.248154
0.158916
0.077234
0.005565
0.000000
-0.058541
-0.194285
-0.291680
-0.379773
-0.462359
-0.538144
-0.605019
-0.661001
-0.689619
-0.690775
-0.675844
-0.652155
-0.624362
-0.595358
-0.566884
-0.539935
-0.515027
-0.492372
-0.427096
-0.336462
-0.243199
-0.154227
-0.072965
-0.001836
0.000000
0.068935
0.200850
0.297360
0.385037
0.467173
0.542385
0.608564
0.663747
0.690219
0.690096
0.674447
0.650398
0.622470
0.593468
0.565076
0.538252
0.513488
0.490984
0.422358
0.331090
0.237889
0.149244
0.068472
0.000000
0.000000
-0.078616
-0.207184
-0.302968
-0.390321
-0.472080
-0.546782
-0.612317
-0.666746
-0.690967
-0.689498
-0.673088
-0.648653
-0.620574
-0.591564
-0.563249
-0.536548
-0.511929
-0.489575
-0.417332
-0.325332
-0.232143
-0.143801
-0.063513
0.000000
0.000000
0.087388
0.213038
0.308220
0.395315
0.476758
0.551013
0.615973
0.669715
0.691770
0.689001
0.671853
0.647040
0.618808
0.589785
0.561539
0.534950
0.510465
0.488252
0.412529
0.319812
0.226622
0.138557
0.058723
0.000000
0.000000
-0.095852
-0.218691
-0.313295
-0.400144
-0.481282
-0.555108
-0.619513
-0.672594
-0.692555
-0.688530
-0.670668
-0.645489
-0.617110
-0.588073
-0.559891
-0.533411
-0.509054
-0.486977
-0.407941
-0.314540
-0.221347
-0.133545
-0.054143
0.000000
0.000000
0.103965
0.224114
0.318166
0.404780
0.485629
0.559043
0.622917
0.675365
0.693315
0.688084
0.669537
0.644006
0.615484
0.586434
0.558314
0.531937
0.507704
0.485756
0.403545
0.309490
0.216294
0.128746
0.049758
0.000000
0.000000
-0.111732
-0.229305
-0.322827
-0.409216
-0.489787
-0.562808
-0.626173
-0.678014
-0.694041
-0.687655
-0.668452
-0.642584
-0.613926
-0.584863
-0.556802
-0.530525
-0.506410
-0.480353
-0.397064
-0.303025
-0.210222
-0.123280
-0.045056
0.000000
0.000000
0.120400
0.234975
0.327847
0.413944
0.494177
0.566740
0.629529
0.679984
0.694303
0.686909
0.667149
0.641011
0.612263
0.583218
0.555238
0.529074
0.505088
0.474218
0.390049
0.296121
0.203794
0.117542
0.040171
0.000000
0.000000
-0.129815
-0.241218
-0.333433
-0.419253
-0.499153
-0.571247
-0.633434
-0.681441
-0.694269
-0.686005
-0.665776
-0.639422
-0.610617
-0.581608
-0.553718
-0.527672
-0.503813
-0.468320
-0.383313
-0.289501
-0.197640
-0.112060
-0.035515
0.000000
0.000000
0.138899
0.247268
0.338865
0.424432
0.504021
0.575675
0.637288
0.682926
0.694307
0.685197
0.664508
0.637940
0.609072
0.580093
0.552285
0.526348
0.502610
0.462689
0.376891
0.283203
0.191799
0.106870
0.031121
0.000000
0.000000
-0.147541
-0.253033
-0.344048
-0.429376
-0.508673
-0.579909
-0.640978
-0.684352
-0.694350
-0.684430
-0.663301
-0.636527
-0.607600
-0.578649
-0.550919
-0.525085
-0.501462
-0.457290
-0.370733
-0.277162
-0.186196
-0.101891
-0.026907
0.000000
0.000000
0.155819
0.258554
0.349009
0.434108
0.513124
0.583959
0.644506
0.685713
0.694387
0.683692
0.662142
0.635172
0.606188
0.577264
0.549609
0.523875
0.500361
0.452119
0.364834
0.271376
0.180828
0.097121
0.022868
0.000000
-0.009845
-0.163439
-0.264936
-0.354939
-0.439602
-0.518050
-0.588174
-0.647889
-0.686643
-0.693846
-0.682315
-0.660335
-0.633192
-0.604190
-0.575341
-0.547812
-0.522229
-0.498873
-0.446797
-0.358793
-0.265412
-0.175242
-0.092097
-0.018546
0.000000
0.022226
0.171312
0.271783
0.361314
0.445460
0.523239
0.592543
0.651312
0.687463
0.693109
0.680701
0.658278
0.630963
0.601957
0.573200
0.545816
0.520403
0.497224
0.441808
0.353139
0.259789
0.169923
0.087255
0.014318
0.000000
-0.034149
-0.178880
-0.278354
-0.367423
-0.451063
-0.528194
-0.596704
-0.654560
-0.688216
-0.692374
-0.679128
-0.656282
-0.628806
-0.599797
-0.571132
-0.543889
-0.518640
-0.495633
-0.436984
-0.347672
-0.254353
-0.164781
-0.082576
-0.010233
0.000000
0.045543
0.186077
0.284580
0.373193
0.456341
0.532843
0.600589
0.657569
0.688871
0.691626
0.677592
0.654352
0.626728
0.597721
0.569146
0.542040
0.516951
0.494108
0.432357
0.342426
0.249132
0.159841
0.078077
0.006302
0.000000
-0.056489
-0.192989
-0.290559
-0.378734
-0.461408
-0.537306
-0.604318
-0.660458
-0.689500
-0.690909
-0.676120
-0.652501
-0.624735
-0.595731
-0.567241
-0.540268
-0.515330
-0.492646
-0.427927
-0.337404
-0.244135
-0.155113
-0.073772
-0.002541
0.000000
0.066970
0.199609
0.296286
0.384042
0.466263
0.541584
0.607894
0.663228
0.690106
0.690225
0.674711
0.650730
0.622828
0.593825
0.565418
0.538570
0.513779
0.491246
0.423257
0.332110
0.238896
0.150189
0.069324
0.000000
0.000000
-0.077070
-0.206146
-0.302034
-0.389431
-0.471244
-0.546023
-0.611660
-0.666210
-0.690818
-0.689582
-0.673304
-0.648937
-0.620885
-0.591878
-0.563552
-0.536831
-0.512187
-0.489809
-0.418205
-0.326335
-0.233145
-0.144751
-0.064380
0.000000
0.000000
0.085864
0.212022
0.307309
0.394450
0.475948
0.550281
0.615341
0.669203
0.691634
0.689090
0.672070
0.647322
0.619117
0.590096
0.561837
0.535229
0.510720
0.488482
0.413359
0.320766
0.227576
0.139465
0.059553
0.000000
0.000000
-0.094382
-0.217708
-0.312412
-0.399303
-0.480494
-0.554394
-0.618895
-0.672091
-0.692416
-0.688609
-0.670872
-0.645757
-0.617403
-0.588369
-0.560176
-0.533677
-0.509298
-0.487198
-0.408734
-0.315452
-0.222259
-0.134412
-0.054935
0.000000
0.000000
0.102563
0.223177
0.317324
0.403978
0.484877
0.558363
0.622329
0.674886
0.693184
0.688161
0.669733
0.644262
0.615766
0.586717
0.558587
0.532192
0.507937
0.485967
0.404306
0.310365
0.217169
0.129577
0.050517
0.000000
0.000000
-0.110387
-0.228406
-0.322021
-0.408448
-0.489067
-0.562156
-0.625610
-0.677555
-0.693915
-0.687729
-0.668640
-0.642830
-0.614196
-0.585135
-0.557064
-0.530769
-0.506634
-0.481371
-0.398230
-0.304176
-0.211298
-0.124243
-0.045880
0.000000
0.000000
0.118875
0.233979
0.326967
0.413116
0.493409
0.566053
0.628944
0.679787
0.694342
0.687083
0.667395
0.641289
0.612547
0.583494
0.555497
0.529313
0.505304
0.475204
0.391177
0.297233
0.204832
0.118471
0.040964
0.000000
0.000000
-0.128293
-0.240207
-0.332528
-0.418392
-0.498344
-0.570513
-0.632796
-0.681197
-0.694265
-0.686141
-0.665988
-0.639670
-0.610875
-0.581861
-0.553957
-0.527892
-0.504014
-0.469250
-0.384373
-0.290541
-0.198604
-0.112917
-0.036240
0.000000
0.000000
0.137468
0.246312
0.338005
0.423611
0.503249
0.574971
0.636675
0.682688
0.694299
0.685323
0.664707
0.638173
0.609315
0.580331
0.552511
0.526556
0.502799
0.463583
0.377911
0.284203
0.192726
0.107693
0.031818
0.000000
0.000000
-0.146172
-0.252121
-0.343228
-0.428594
-0.507938
-0.579240
-0.640395
-0.684127
-0.694344
-0.684552
-0.663493
-0.636752
-0.607834
-0.578878
-0.551135
-0.525286
-0.501644
-0.458146
-0.371709
-0.278120
-0.187084
-0.102681
-0.027576
0.000000
0.000000
0.154505
0.257678
0.348221
0.433357
0.512418
0.583316
0.643946
0.685496
0.694381
0.683809
0.662326
0.635387
0.606412
0.577483
0.549816
0.524067
0.500536
0.452939
0.365769
0.272293
0.181679
0.097878
0.023508
0.000000
-0.007971
-0.162241
-0.263889
-0.353962
-0.438700
-0.517248
-0.587495
-0.647352
-0.686508
-0.693950
-0.682555
-0.660644
-0.633527
-0.604527
-0.575665
-0.548114
-0.522505
-0.499122
-0.447542
-0.359638
-0.266254
-0.176039
-0.092824
-0.019182
0.000000
0.020408
0.170150
0.270770
0.360369
0.444589
0.522466
0.591890
0.650797
0.687334
0.693212
0.680934
0.658577
0.631288
0.602283
0.573514
0.546109
0.520671
0.497466
0.442538
0.353966
0.260610
0.170699
0.087961
0.014933
0.000000
-0.032428
-0.177793
-0.277414
-0.366551
-0.450266
-0.527492
-0.596118
-0.654106
-0.688118
-0.692488
-0.679361
-0.656575
-0.629121
-0.600112
-0.571432
-0.544169
-0.518896
-0.495864
-0.437686
-0.348469
-0.255145
-0.165532
-0.083259
-0.010830
0.000000
0.043882
0.185029
0.283674
0.372353
0.455573
0.532167
0.600025
0.657132
0.688776
0.691735
0.677816
0.654633
0.627030
0.598024
0.569435
0.542310
0.517197
0.494330
0.433028
0.343187
0.249890
0.160558
0.078730
0.006872
0.000000
-0.054899
-0.191985
-0.289690
-0.377928
-0.460671
-0.536657
-0.603776
-0.660037
-0.689408
-0.691012
-0.676333
-0.652770
-0.625024
-0.596020
-0.567518
-0.540525
-0.515566
-0.492858
-0.428570
-0.338133
-0.244861
-0.155800
-0.074397
-0.003087
0.000000
0.065448
0.198648
0.295455
0.383272
0.465558
0.540963
0.607375
0.662826
0.690018
0.690324
0.674916
0.650988
0.623105
0.594102
0.565683
0.538817
0.514004
0.491449
0.423954
0.332899
0.239676
0.150921
0.069984
0.000000
0.000000
-0.075873
-0.205343
-0.301311
-0.388741
-0.470597
-0.545436
-0.611151
-0.665794
-0.690703
-0.689646
-0.673471
-0.649156
-0.621126
-0.592121
-0.563786
-0.537049
-0.512388
-0.489991
-0.418881
-0.327112
-0.233922
-0.145488
-0.065051
0.000000
0.000000
0.084684
0.211235
0.306604
0.393780
0.475321
0.549714
0.614852
0.668807
0.691528
0.689159
0.672238
0.647541
0.619356
0.590336
0.562068
0.535445
0.510918
0.488661
0.414001
0.321505
0.228316
0.140168
0.060196
0.000000
0.000000
-0.093244
-0.216947
-0.311728
-0.398652
-0.479884
-0.553841
-0.618416
-0.671701
-0.692308
-0.688671
-0.671030
-0.645964
-0.617631
-0.588599
-0.560397
-0.533884
-0.509488
-0.487369
-0.409349
-0.316158
-0.222965
-0.135083
-0.055548
0.000000
0.000000
0.101476
0.222450
0.316671
0.403357
0.484295
0.557836
0.621873
0.674514
0.693082
0.688221
0.669885
0.644461
0.615984
0.586937
0.558798
0.532390
0.508118
0.486131
0.404896
0.311042
0.217847
0.130221
0.051106
0.000000
0.000000
-0.109345
-0.227710
-0.321395
-0.407853
-0.488510
-0.561652
-0.625174
-0.677200
-0.693818
-0.687787
-0.668786
-0.643021
-0.614405
-0.585346
-0.557267
-0.530959
-0.506807
-0.482160
-0.399134
-0.305067
-0.212131
-0.124989
-0.046518
0.000000
0.000000
0.117694
0.233208
0.326285
0.412475
0.492814
0.565520
0.628490
0.679634
0.694372
0.687218
0.667586
0.641504
0.612768
0.583708
0.555698
0.529498
0.505472
0.475968
0.392051
0.298095
0.205636
0.119190
0.041578
0.000000
0.000000
-0.127113
-0.239425
-0.331827
-0.417725
-0.497717
-0.569945
-0.632302
-0.681007
-0.694261
-0.686247
-0.666153
-0.639862
-0.611074
-0.582056
-0.554142
-0.528064
-0.504170
-0.469970
-0.385194
-0.291346
-0.199351
-0.113580
-0.036802
0.000000
0.000000
0.136360
0.245572
0.337340
0.422975
0.502650
0.574427
0.636200
0.682504
0.694292
0.685420
0.664861
0.638353
0.609503
0.580516
0.552686
0.526718
0.502946
0.464276
0.378701
0.284978
0.193444
0.108331
0.032357
0.000000
0.000000
-0.145112
-0.251414
-0.342593
-0.427988
-0.507368
-0.578721
-0.639944
-0.683954
-0.694340
-0.684647
-0.663642
-0.636926
-0.608015
-0.579055
-0.551303
-0.525441
-0.501785
-0.458809
-0.372466
-0.278863
-0.187773
-0.103293
-0.028094
0.000000
0.000000
0.153488
0.256999
0.347611
0.432775
0.511870
0.582818
0.643512
0.685329
0.694376
0.683900
0.662468
0.635554
0.606585
0.577653
0.549977
0.524216
0.500671
0.453574
0.366493
0.273004
0.182338
0.098463
0.024004
0.000000
-0.006520
-0.161313
-0.263079
-0.353204
-0.438002
-0.516627
-0.586969
-0.646937
-0.686403
-0.694031
-0.682740
-0.660883
-0.633787
-0.604789
-0.575916
-0.548348
-0.522719
-0.499316
-0.448120
-0.360292
-0.266905
-0.176657
-0.093387
-0.019675
0.000000
0.018999
0.169251
0.269985
0.359636
0.443914
0.521867
0.591383
0.650398
0.687234
0.693291
0.681115
0.658809
0.631541
0.602537
0.573757
0.546335
0.520878
0.497653
0.443104
0.354606
0.261247
0.171301
0.088508
0.015410
0.000000
-0.031096
-0.176951
-0.276686
-0.365876
-0.449649
-0.526948
-0.595664
-0.653754
-0.688042
-0.692576
-0.679541
-0.656801
-0.629365
-0.600355
-0.571665
-0.544386
-0.519094
-0.496043
-0.438230
-0.349086
-0.255760
-0.166113
-0.083789
-0.011293
0.000000
0.042595
0.184217
0.282972
0.371703
0.454978
0.531643
0.599587
0.656794
0.688703
0.691820
0.677989
0.654851
0.627265
0.598258
0.569659
0.542518
0.517387
0.494502
0.433549
0.343777
0.250476
0.161113
0.079235
0.007314
0.000000
-0.053667
-0.191207
-0.289017
-0.377304
-0.460100
-0.536154
-0.603355
-0.659711
-0.689337
-0.691093
-0.676498
-0.652978
-0.625248
-0.596244
-0.567732
-0.540724
-0.515748
-0.493023
-0.429069
-0.338698
-0.245423
-0.156332
-0.074881
-0.003510
0.000000
0.064269
0.197903
0.294810
0.382675
0.465012
0.540482
0.606973
0.662515
0.689950
0.690401
0.675074
0.651187
0.623319
0.594316
0.565888
0.539008
0.514179
0.491607
0.424493
0.333511
0.240281
0.151489
0.070495
0.000000
0.000000
-0.074945
-0.204721
-0.300751
-0.388207
-0.470095
-0.544981
-0.610757
-0.665472
-0.690613
-0.689696
-0.673600
-0.649326
-0.621313
-0.592310
-0.563967
-0.537219
-0.512543
-0.490131
-0.419405
-0.327714
-0.234523
-0.146058
-0.065571
0.000000
0.000000
0.083770
0.210626
0.306058
0.393261
0.474835
0.549275
0.614474
0.668500
0.691447
0.689213
0.672368
0.647710
0.619541
0.590523
0.562247
0.535612
0.511071
0.488800
0.414499
0.322077
0.228889
0.140712
0.060694
0.000000
0.000000
-0.092362
-0.216357
-0.311198
-0.398148
-0.479411
-0.553412
-0.618046
-0.671399
-0.692225
-0.688719
-0.671152
-0.646125
-0.617807
-0.588777
-0.560568
-0.534044
-0.509634
-0.487501
-0.409826
-0.316705
-0.223512
-0.135602
-0.056023
0.000000
0.000000
0.100634
0.221887
0.316166
0.402876
0.483844
0.557427
0.621520
0.674227
0.693004
0.688268
0.670002
0.644615
0.616152
0.587108
0.558962
0.532543
0.508259
0.486258
0.405353
0.311567
0.218372
0.130720
0.051562
0.000000
0.000000
-0.108538
-0.227171
-0.320911
-0.407392
-0.488078
-0.561261
-0.624835
-0.676925
-0.693743
-0.687832
-0.668898
-0.643169
-0.614567
-0.585509
-0.557424
-0.531106
-0.506942
-0.482772
-0.399834
-0.305758
-0.212776
-0.125567
-0.047012
0.000000
0.000000
0.116779
0.232611
0.325757
0.411978
0.492353
0.565108
0.628138
0.679516
0.694395
0.687323
0.667734
0.641671
0.612938
0.583873
0.555854
0.529641
0.505601
0.476560
0.392729
0.298763
0.206259
0.119747
0.042054
0.000000
0.000000
-0.126200
-0.238818
-0.331284
-0.417208
-0.497232
-0.569504
-0.631919
-0.680860
-0.694259
-0.686328
-0.666280
-0.640011
-0.611229
-0.582208
-0.554286
-0.528196
-0.504290
-0.470528
-0.385830
-0.291969
-0.199930
-0.114094
-0.037237
0.000000
0.000000
0.135501
0.244998
0.336824
0.422483
0.502187
0.574004
0.635832
0.682361
0.694287
0.685495
0.664980
0.638493
0.609649
0.580659
0.552821
0.526843
0.503060
0.464812
0.379313
0.285578
0.194000
0.108825
0.032776
0.000000
0.000000
-0.144291
-0.250866
-0.342101
-0.427519
-0.506927
-0.578320
-0.639594
-0.683819
-0.694337
-0.684721
-0.663757
-0.637060
-0.608155
-0.579193
-0.551434
-0.525561
-0.501894
-0.459323
-0.373052
-0.279438
-0.188306
-0.103767
-0.028495
0.000000
0.000000
0.152699
0.256473
0.347139
0.432324
0.511447
0.582432
0.643176
0.685199
0.694372
0.683970
0.662578
0.635683
0.606720
0.577785
0.550102
0.524331
0.500775
0.454066
0.367054
0.273554
0.182848
0.098917
0.024388
0.000000
-0.005396
-0.160594
-0.262451
-0.352618
-0.437461
-0.516146
-0.586562
-0.646615
-0.686321
-0.694093
-0.682884
-0.661068
-0.633989
-0.604991
-0.576110
-0.548529
-0.522885
-0.499466
-0.448567
-0.360799
-0.267410
-0.177135
-0.093823
-0.020057
0.000000
0.017908
0.168554
0.269377
0.359069
0.443392
0.521403
0.590991
0.650089
0.687157
0.693353
0.681255
0.658989
0.631736
0.602733
0.573945
0.546511
0.521039
0.497798
0.443542
0.355103
0.261740
0.171766
0.088931
0.015780
0.000000
-0.030063
-0.176299
-0.276122
-0.365353
-0.449171
-0.526527
-0.595312
-0.653482
-0.687983
-0.692645
-0.679681
-0.656977
-0.629553
-0.600544
-0.571846
-0.544554
-0.519248
-0.496181
-0.438652
-0.349564
-0.256235
-0.166563
-0.084199
-0.011651
0.000000
0.041599
0.183587
0.282428
0.371199
0.454518
0.531238
0.599248
0.656532
0.688646
0.691885
0.678123
0.655020
0.627446
0.598439
0.569832
0.542679
0.517535
0.494635
0.433952
0.344234
0.250931
0.161543
0.079627
0.007656
0.000000
-0.052713
-0.190604
-0.288495
-0.376821
-0.459658
-0.535764
-0.603030
-0.659459
-0.689281
-0.691155
-0.676626
-0.653139
-0.625422
-0.596417
-0.567898
-0.540879
-0.515889
-0.493150
-0.429455
-0.339136
-0.245859
-0.156744
-0.075256
-0.003838
0.000000
0.063356
0.197327
0.294311
0.382212
0.464589
0.540109
0.606661
0.662273
0.689897
0.690461
0.675197
0.651341
0.623486
0.594482
0.566047
0.539156
0.514314
0.491729
0.424911
0.333985
0.240749
0.151928
0.070891
0.000046
0.000000
-0.074187
-0.204217
-0.300299
-0.387778
-0.469694
-0.544619
-0.610444
-0.665218
-0.690545
-0.689739
-0.673706
-0.649465
-0.621464
-0.592462
-0.564114
-0.537356
-0.512669
-0.490244
-0.419822
-0.328193
-0.235001
-0.146511
-0.065985
0.000000
0.000000
0.083042
0.210140
0.305623
0.392848
0.474448
0.548926
0.614172
0.668255
0.691381
0.689255
0.672471
0.647845
0.619688
0.590671
0.562390
0.535745
0.511192
0.488910
0.414896
0.322533
0.229345
0.141146
0.061090
0.000000
0.000000
-0.091660
-0.215888
-0.310777
-0.397747
-0.479035
-0.553072
-0.617751
-0.671159
-0.692159
-0.688757
-0.671250
-0.646253
-0.617947
-0.588918
-0.560704
-0.534171
-0.509751
-0.487607
-0.410205
-0.317141
-0.223948
-0.136016
-0.056401
0.000000
0.000000
0.099964
0.221439
0.315763
0.402493
0.483485
0.557102
0.621238
0.673998
0.692941
0.688304
0.670096
0.644738
0.616287
0.587243
0.559093
0.532665
0.508370
0.486359
0.405717
0.311985
0.218791
0.131117
0.051925
0.000000
0.000000
-0.107896
-0.226742
-0.320526
-0.407025
-0.487734
-0.560949
-0.624566
-0.676706
-0.693683
-0.687867
-0.668988
-0.643286
-0.614696
-0.585639
-0.557549
-0.531222
-0.507049
-0.483258
-0.400391
-0.306308
-0.213290
-0.126028
-0.047406
0.000000
0.000000
0.116050
0.232135
0.325337
0.411582
0.491986
0.564780
0.627858
0.679362
0.694379
0.687389
0.667845
0.641803
0.613077
0.584011
0.555984
0.529762
0.505711
0.477070
0.393312
0.299337
0.206793
0.120224
0.042459
0.000000
0.000000
-0.125415
-0.238297
-0.330817
-0.416763
-0.496815
-0.569126
-0.631591
-0.680737
-0.694260
-0.686402
-0.666393
-0.640142
-0.611365
-0.582341
-0.554412
-0.528312
-0.504396
-0.471017
-0.386389
-0.292519
-0.200440
-0.114549
-0.037623
0.000000
0.000000
0.134747
0.244496
0.336373
0.422053
0.501782
0.573637
0.635511
0.682238
0.694284
0.685562
0.665085
0.638616
0.609777
0.580785
0.552940
0.526953
0.503160
0.465280
0.379847
0.286101
0.194486
0.109257
0.033141
0.000000
0.000000
-0.143573
-0.250387
-0.341670
-0.427108
-0.506540
-0.577968
-0.639288
-0.683701
-0.694333
-0.684784
-0.663857
-0.637178
-0.608277
-0.579313
-0.551547
-0.525666
-0.501989
-0.459772
-0.373564
-0.279940
-0.188772
-0.104181
-0.028845
0.000000
0.000000
0.152011
0.256014
0.346726
0.431931
0.511076
0.582095
0.642882
0.685086
0.694369
0.684031
0.662675
0.635795
0.606837
0.577900
0.550211
0.524431
0.500867
0.454495
0.367545
0.274035
0.183295
0.099313
0.024724
0.000000
-0.004414
-0.159966
-0.261902
-0.352105
-0.436988
-0.515725
-0.586206
-0.646334
-0.686250
-0.694148
-0.683010
-0.661230
-0.634165
-0.605168
-0.576280
-0.548688
-0.523030
-0.499597
-0.449047
-0.361344
-0.267947
-0.177636
-0.094273
-0.020442
0.000000
0.016810
0.167858
0.268773
0.358508
0.442877
0.520948
0.590610
0.649792
0.687089
0.693421
0.681400
0.659173
0.631934
0.602931
0.574135
0.546688
0.521201
0.497945
0.443987
0.355607
0.262241
0.172241
0.089363
0.016157
0.000000
-0.028999
-0.175623
-0.275535
-0.364807
-0.448670
-0.526084
-0.594939
-0.653191
-0.687915
-0.692709
-0.679821
-0.657154
-0.629745
-0.600736
-0.572030
-0.544726
-0.519405
-0.496323
-0.439081
-0.350051
-0.256719
-0.167021
-0.084615
-0.012015
0.000000
0.040584
0.182946
0.281873
0.370685
0.454047
0.530823
0.598902
0.656263
0.688587
0.691952
0.678260
0.655191
0.627631
0.598624
0.570009
0.542844
0.517685
0.494771
0.434364
0.344702
0.251396
0.161984
0.080028
0.008006
0.000000
-0.051738
-0.189988
-0.287963
-0.376327
-0.459207
-0.535367
-0.602698
-0.659202
-0.689225
-0.691219
-0.676758
-0.653304
-0.625599
-0.596594
-0.568067
-0.541037
-0.516033
-0.493281
-0.429850
-0.339584
-0.246304
-0.157165
-0.075640
-0.004173
0.000000
0.062422
0.196737
0.293801
0.381739
0.464156
0.539728
0.606343
0.662026
0.689843
0.690522
0.675323
0.651499
0.623656
0.594652
0.566209
0.539307
0.514452
0.491854
0.425338
0.334469
0.241228
0.152377
0.071296
0.000395
0.000000
-0.073159
-0.203557
-0.299723
-0.387241
-0.469200
-0.544181
-0.610075
-0.664930
-0.690481
-0.689809
-0.673851
-0.649648
-0.621661
-0.592660
-0.564303
-0.537532
-0.512830
-0.490389
-0.420320
-0.328762
-0.235569
-0.147049
-0.066474
0.000000
0.000000
0.082172
0.209560
0.305101
0.392351
0.473983
0.548505
0.613808
0.667959
0.691300
0.689303
0.672593
0.648003
0.619862
0.590846
0.562558
0.535903
0.511337
0.489040
0.415374
0.323082
0.229894
0.141667
0.061566
0.000000
0.000000
-0.090821
-0.215328
-0.310275
-0.397269
-0.478588
-0.552668
-0.617402
-0.670876
-0.692082
-0.688805
-0.671368
-0.646407
-0.618116
-0.589088
-0.560868
-0.534324
-0.509891
-0.487733
-0.410661
-0.317665
-0.224473
-0.136515
-0.056857
0.000000
0.000000
0.099157
0.220900
0.315279
0.402032
0.483053
0.556711
0.620900
0.673722
0.692865
0.688349
0.670208
0.644885
0.616448
0.587406
0.559249
0.532811
0.508505
0.486480
0.406153
0.312487
0.219292
0.131594
0.052360
0.000000
0.000000
-0.107124
-0.226226
-0.320063
-0.406585
-0.487321
-0.560575
-0.624243
-0.676443
-0.693611
-0.687910
-0.669096
-0.643427
-0.614851
-0.585795
-0.557699
-0.531363
-0.507177
-0.483843
-0.401061
-0.306969
-0.213907
-0.126580
-0.047878
0.000000
0.000000
0.115175
0.231564
0.324832
0.411107
0.491545
0.564385
0.627522
0.679094
0.694313
0.687444
0.667968
0.641961
0.613249
0.584182
0.556149
0.529915
0.505852
0.477736
0.394072
0.300083
0.207487
0.120842
0.042983
0.000000
0.000000
-0.124394
-0.237619
-0.330209
-0.416185
-0.496273
-0.568635
-0.631166
-0.680579
-0.694265
-0.686502
-0.666545
-0.640317
-0.611546
-0.582518
-0.554579
-0.528466
-0.504536
-0.471667
-0.387132
-0.293250
-0.201120
-0.115156
-0.038139
0.000000
0.000000
0.133746
0.243831
0.335776
0.421484
0.501248
0.573151
0.635089
0.682076
0.694281
0.685652
0.665226
0.638780
0.609948
0.580952
0.553098
0.527099
0.503293
0.465899
0.380551
0.286793
0.195128
0.109827
0.033624
0.000000
0.000000
-0.142622
-0.249753
-0.341100
-0.426564
-0.506028
-0.577502
-0.638881
-0.683543
-0.694328
-0.684868
-0.663989
-0.637333
-0.608439
-0.579472
-0.551697
-0.525804
-0.502116
-0.460365
-0.374240
-0.280603
-0.189387
-0.104728
-0.029308
0.000000
0.000000
0.151102
0.255408
0.346182
0.431411
0.510588
0.581650
0.642495
0.684937
0.694365
0.684112
0.662802
0.635944
0.606992
0.578052
0.550355
0.524564
0.500988
0.455063
0.368193
0.274671
0.183884
0.099837
0.025168
0.000000
-0.003116
-0.159136
-0.261177
-0.351428
-0.436364
-0.515170
-0.585735
-0.645962
-0.686156
-0.694220
-0.683176
-0.661444
-0.634398
-0.605401
-0.576504
-0.548897
-0.523222
-0.499770
-0.449707
-0.362093
-0.268683
-0.178323
-0.094886
-0.020966
0.000000
0.015317
0.166913
0.267955
0.357748
0.442181
0.520334
0.590095
0.649391
0.686998
0.693515
0.681598
0.659423
0.632205
0.603201
0.574394
0.546929
0.521421
0.498143
0.444593
0.356293
0.262924
0.172887
0.089952
0.016671
0.000000
-0.027547
-0.174700
-0.274732
-0.364060
-0.447984
-0.525477
-0.594428
-0.652791
-0.687820
-0.692797
-0.680010
-0.657396
-0.630007
-0.600998
-0.572281
-0.544960
-0.519619
-0.496516
-0.439667
-0.350714
-0.257378
-0.167644
-0.085182
-0.012509
0.000000
0.039201
0.182073
0.281117
0.369984
0.453406
0.530258
0.598429
0.655897
0.688507
0.692042
0.678446
0.655426
0.627883
0.598876
0.570250
0.543068
0.517890
0.494956
0.434926
0.345339
0.252031
0.162584
0.080575
0.008484
0.000000
-0.050409
-0.189149
-0.287237
-0.375654
-0.458591
-0.534825
-0.602245
-0.658851
-0.689149
-0.691306
-0.676937
-0.653529
-0.625842
-0.596836
-0.568299
-0.541252
-0.516230
-0.493458
-0.430388
-0.340194
-0.246911
-0.157740
-0.076163
-0.004630
0.000000
0.061148
0.195932
0.293105
0.381094
0.463566
0.539208
0.605908
0.661690
0.689770
0.690605
0.675494
0.651714
0.623887
0.594884
0.566431
0.539513
0.514641
0.492024
0.425920
0.335129
0.241880
0.152989
0.071848
0.000871
0.000000
-0.071758
-0.202658
-0.298938
-0.386508
-0.468526
-0.543583
-0.609572
-0.664536
-0.690394
-0.689905
-0.674050
-0.649898
-0.621931
-0.592929
-0.564560
-0.537772
-0.513049
-0.490587
-0.420999
-0.329538
-0.236342
-0.147781
-0.067141
0.000000
0.000000
0.080987
0.208768
0.304390
0.391675
0.473349
0.547931
0.613311
0.667555
0.691189
0.689368
0.672758
0.648220
0.620099
0.591086
0.562789
0.536118
0.511534
0.489219
0.416026
0.323831
0.230642
0.142377
0.062214
0.000000
0.000000
-0.089678
-0.214566
-0.309591
-0.396619
-0.477978
-0.552117
-0.616926
-0.670489
-0.691978
-0.688870
-0.671530
-0.646618
-0.618347
-0.589320
-0.561091
-0.534532
-0.510082
-0.487906
-0.411283
-0.318380
-0.225188
-0.137195
-0.057478
0.000000
0.000000
0.098057
0.220165
0.314619
0.401403
0.482463
0.556177
0.620438
0.673347
0.692762
0.688409
0.670361
0.645086
0.616669
0.587628
0.559463
0.533011
0.508688
0.486646
0.406748
0.313170
0.219976
0.132244
0.052954
0.000000
0.000000
-0.106073
-0.225523
-0.319431
-0.405984
-0.486758
-0.560065
-0.623802
-0.676084
-0.693513
-0.687968
-0.669243
-0.643620
-0.615062
-0.586008
-0.557904
-0.531554
-0.507353
-0.484640
-0.401973
-0.307869
-0.214748
-0.127334
-0.048523
0.000000
0.000000
0.113983
0.230786
0.324144
0.410459
0.490945
0.563848
0.627064
0.678729
0.694224
0.687519
0.668136
0.642176
0.613482
0.584417
0.556374
0.530125
0.506044
0.478643
0.395109
0.301101
0.208433
0.121683
0.043697
0.000000
0.000000
-0.123002
-0.236694
-0.329380
-0.415397
-0.495535
-0.567965
-0.630586
-0.680364
-0.694272
-0.686639
-0.666751
-0.640555
-0.611793
-0.582760
-0.554807
-0.528677
-0.504727
-0.472553
-0.388144
-0.294246
-0.202048
-0.115983
-0.038843
0.000000
0.000000
0.132382
0.242923
0.334962
0.420709
0.500520
0.572490
0.634514
0.681855
0.694277
0.685775
0.665417
0.639003
0.610180
0.581180
0.553314
0.527298
0.503474
0.466741
0.381512
0.287735
0.196002
0.110604
0.034282
0.000000
0.000000
-0.141327
-0.248888
-0.340323
-0.425823
-0.505330
-0.576867
-0.638328
-0.683329
-0.694321
-0.684983
-0.664170
-0.637544
-0.608659
-0.579688
-0.551902
-0.525994
-0.502287
-0.461173
-0.375162
-0.281508
-0.190226
-0.105473
-0.029939
0.000000
0.000000
0.149863
0.254582
0.345439
0.430703
0.509922
0.581044
0.641967
0.684733
0.694360
0.684223
0.662976
0.636147
0.607203
0.578260
0.550551
0.524745
0.501153
0.455838
0.369076
0.275537
0.184688
0.100552
0.025773
0.000000
-0.001346
-0.158004
-0.260189
-0.350505
-0.435513
-0.514413
-0.585094
-0.645456
-0.686028
-0.694318
-0.683402
-0.661735
-0.634715
-0.605720
-0.576810
-0.549182
-0.523483
-0.500006
-0.450608
-0.363114
-0.269688
-0.179258
-0.095723
-0.021680
0.000000
0.013282
0.165625
0.266839
0.356712
0.441232
0.519496
0.589393
0.648845
0.686874
0.693644
0.681868
0.659765
0.632573
0.603570
0.574746
0.547258
0.521721
0.498415
0.445418
0.357230
0.263856
0.173768
0.090754
0.017371
0.000000
-0.025566
-0.173441
-0.273637
-0.363042
-0.447049
-0.524649
-0.593732
-0.652246
-0.687691
-0.692915
-0.680269
-0.657725
-0.630364
-0.601355
-0.572624
-0.545279
-0.519911
-0.496780
-0.440465
-0.351618
-0.258277
-0.168494
-0.085956
-0.013184
0.000000
0.037316
0.180881
0.280086
0.369028
0.452532
0.529487
0.597785
0.655398
0.688398
0.692165
0.678700
0.655745
0.628227
0.599219
0.570579
0.543374
0.518170
0.495208
0.435693
0.346208
0.252896
0.163402
0.081320
0.009135
0.000000
-0.048596
-0.188004
-0.286247
-0.374737
-0.457753
-0.534086
-0.601628
-0.658373
-0.689045
-0.691425
-0.677181
-0.653836
-0.626172
-0.597166
-0.568614
-0.541546
-0.516499
-0.493700
-0.431122
-0.341026
-0.247739
-0.158523
-0.076876
-0.005253
0.000000
0.059412
0.194835
0.292156
0.380214
0.462762
0.538499
0.605316
0.661231
0.689669
0.690718
0.675727
0.652008
0.624203
0.595199
0.566733
0.539794
0.514898
0.492256
0.426714
0.336030
0.242770
0.153824
0.072600
0.001520
0.000000
-0.069847
-0.201433
-0.297867
-0.385509
-0.467607
-0.542769
-0.608886
-0.663999
-0.690275
-0.690035
-0.674320
-0.650238
-0.622298
-0.593296
-0.564911
-0.538098
-0.513348
-0.490857
-0.421925
-0.330596
-0.237397
-0.148780
-0.068051
0.000000
0.000000
0.079370
0.207688
0.303421
0.390753
0.472485
0.547148
0.612635
0.667004
0.691039
0.689457
0.672983
0.648515
0.620423
0.591412
0.563103
0.536411
0.511803
0.489461
0.416914
0.324852
0.231663
0.143345
0.063097
0.000000
0.000000
-0.088120
-0.213526
-0.308658
-0.395732
-0.477148
-0.551365
-0.616277
-0.669962
-0.691836
-0.688959
-0.671750
-0.646905
-0.618661
-0.589637
-0.561396
-0.534816
-0.510342
-0.488141
-0.412131
-0.319354
-0.226163
-0.138121
-0.058325
0.000000
0.000000
0.096557
0.219162
0.313718
0.400547
0.481660
0.555450
0.619809
0.672835
0.692621
0.688491
0.670570
0.645360
0.616969
0.587931
0.559754
0.533283
0.508937
0.486871
0.407560
0.314102
0.220908
0.133129
0.053763
0.000000
0.000000
-0.104639
-0.224565
-0.318570
-0.405165
-0.485990
-0.559370
-0.623200
-0.675595
-0.693378
-0.688047
-0.669443
-0.643882
-0.615349
-0.586297
-0.558183
-0.531814
-0.507591
-0.485655
-0.403179
-0.309070
-0.215874
-0.128346
-0.049393
0.000000
0.000000
0.112377
0.229736
0.323215
0.409585
0.490133
0.563121
0.626444
0.678234
0.694101
0.687619
0.668362
0.642466
0.613797
0.584732
0.556677
0.530408
0.506302
0.479864
0.396504
0.302472
0.209706
0.122818
0.044660
0.000000
0.000000
-0.121132
-0.235453
-0.328270
-0.414342
-0.494546
-0.567070
-0.629810
-0.680078
-0.694284
-0.686825
-0.667030
-0.640877
-0.612126
-0.583085
-0.555113
-0.528960
-0.504984
-0.473745
-0.389507
-0.295587
-0.203296
-0.117097
-0.039790
0.000000
0.000000
0.130546
0.241703
0.333868
0.419667
0.499541
0.571600
0.633740
0.681558
0.694271
0.685940
0.665674
0.639304
0.610493
0.581486
0.553603
0.527566
0.503717
0.467874
0.382804
0.289002
0.197178
0.111649
0.035167
0.000000
0.000000
-0.139586
-0.247726
-0.339278
-0.424825
-0.504392
-0.576013
-0.637583
-0.683041
-0.694312
-0.685137
-0.664412
-0.637828
-0.608955
-0.579978
-0.552177
-0.526248
-0.502518
-0.462260
-0.376402
-0.282723
-0.191354
-0.106474
-0.030786
0.000000
0.000000
0.148198
0.253471
0.344441
0.429751
0.509026
0.580230
0.641257
0.684460
0.694353
0.684371
0.663209
0.636420
0.607488
0.578539
0.550815
0.524989
0.501374
0.456879
0.370264
0.276702
0.185769
0.101512
0.026586
0.000000
0.000000
-0.156450
-0.258975
-0.349387
-0.434469
-0.513464
-0.584267
-0.644775
-0.685816
-0.694390
-0.683636
-0.662054
-0.635069
-0.606081
-0.577158
-0.549509
-0.523783
-0.500277
-0.451725
-0.364385
-0.270936
-0.180419
-0.096759
-0.022561
0.000000
0.010744
0.164014
0.265438
0.355409
0.440035
0.518435
0.588500
0.648146
0.686709
0.693796
0.682200
0.660187
0.633030
0.604028
0.575186
0.547667
0.522096
0.498753
0.446440
0.358388
0.265008
0.174859
0.091748
0.018240
0.000000
-0.023099
-0.171870
-0.272270
-0.361768
-0.445878
-0.523611
-0.592857
-0.651560
-0.687524
-0.693060
-0.680589
-0.658134
-0.630807
-0.601800
-0.573050
-0.545676
-0.520274
-0.497108
-0.441457
-0.352742
-0.259394
-0.169550
-0.086916
-0.014022
0.000000
0.034975
0.179402
0.278806
0.367841
0.451446
0.528531
0.596986
0.654778
0.688263
0.692319
0.679016
0.656142
0.628655
0.599646
0.570987
0.543755
0.518518
0.495522
0.436647
0.347290
0.253972
0.164421
0.082248
0.009946
0.000000
-0.046340
-0.186580
-0.285015
-0.373596
-0.456709
-0.533167
-0.600860
-0.657779
-0.688916
-0.691573
-0.677484
-0.654217
-0.626583
-0.597576
-0.569007
-0.541911
-0.516833
-0.494002
-0.432034
-0.342060
-0.248768
-0.159497
-0.077763
-0.006028
0.000000
0.057252
0.193471
0.290976
0.379120
0.461761
0.537617
0.604579
0.660660
0.689544
0.690859
0.676017
0.652373
0.624596
0.595592
0.567108
0.540144
0.515217
0.492544
0.427618
0.337054
0.243787
0.154784
0.073472
0.002279
0.000000
-0.067701
-0.200071
-0.296685
-0.384412
-0.466602
-0.541882
-0.608143
-0.663421
-0.690148
-0.690177
-0.674613
-0.650607
-0.622695
-0.593692
-0.565291
-0.538452
-0.513671
-0.491148
-0.422923
-0.331731
-0.238521
-0.149838
-0.069007
0.000000
0.000000
0.077645
0.206532
0.302381
0.389762
0.471555
0.546305
0.611905
0.666409
0.690874
0.689551
0.673224
0.648831
0.620769
0.591761
0.563439
0.536726
0.512091
0.489722
0.417881
0.325962
0.232772
0.144398
0.064057
0.000000
0.000000
-0.086431
-0.212400
-0.307648
-0.394772
-0.476249
-0.550553
-0.615576
-0.669394
-0.691684
-0.689057
-0.671989
-0.647217
-0.619002
-0.589981
-0.561726
-0.535125
-0.510625
-0.488397
-0.413050
-0.320411
-0.227221
-0.139127
-0.059245
0.000000
0.000000
0.094929
0.218074
0.312740
0.399616
0.480787
0.554659
0.619125
0.672278
0.692467
0.688580
0.670796
0.645657
0.617294
0.588259
0.560070
0.533578
0.509208
0.487116
0.408439
0.315113
0.221919
0.134089
0.054640
0.000000
0.000000
-0.103084
-0.223525
-0.317637
-0.404276
-0.485157
-0.558616
-0.622548
-0.675064
-0.693233
-0.688132
-0.669660
-0.644167
-0.615661
-0.586612
-0.558485
-0.532097
-0.507850
-0.485889
-0.404023
-0.310039
-0.216844
-0.129268
-0.050235
0.000000
0.000000
0.110887
0.228740
0.322321
0.408734
0.489335
0.562399
0.625820
0.677726
0.693962
0.687702
0.668570
0.642738
0.614096
0.585034
0.556967
0.530678
0.506550
0.480993
0.397796
0.303748
0.210898
0.123885
0.045573
0.000000
0.000000
-0.119442
-0.234350
-0.327294
-0.413424
-0.493694
-0.566308
-0.629161
-0.679860
-0.694327
-0.687018
-0.667304
-0.641185
-0.612442
-0.583391
-0.555401
-0.529224
-0.505224
-0.474838
-0.390757
-0.296820
-0.204446
-0.118126
-0.040669
0.000000
0.000000
0.128859
0.240583
0.332864
0.418712
0.498645
0.570786
0.633033
0.681287
0.694266
0.686091
0.665909
0.639578
0.610779
0.581767
0.553868
0.527810
0.503939
0.468904
0.383978
0.290154
0.198246
0.112598
0.035971
0.000000
0.000000
-0.138000
-0.246667
-0.338325
-0.423916
-0.503536
-0.575233
-0.636903
-0.682777
-0.694302
-0.685276
-0.664633
-0.638086
-0.609225
-0.580243
-0.552427
-0.526479
-0.502729
-0.463251
-0.377532
-0.283831
-0.192381
-0.107387
-0.031559
0.000000
0.000000
0.146681
0.252460
0.343533
0.428885
0.508211
0.579488
0.640612
0.684211
0.694346
0.684507
0.663421
0.636668
0.607747
0.578793
0.551055
0.525211
0.501576
0.457828
0.371346
0.277764
0.186754
0.102388
0.027327
0.000000
0.000000
-0.154994
-0.258004
-0.348514
-0.433636
-0.512681
-0.583555
-0.644154
-0.685577
-0.694383
-0.683766
-0.662258
-0.635307
-0.606329
-0.577402
-0.549739
-0.523995
-0.500471
-0.452634
-0.365421
-0.271952
-0.181362
-0.097596
-0.023270
0.000000
0.008668
0.162686
0.264278
0.354325
0.439036
0.517547
0.587748
0.647552
0.686558
0.693911
0.682465
0.660529
0.633402
0.604402
0.575544
0.548002
0.522402
0.499030
0.447265
0.359324
0.265941
0.175743
0.092553
0.018945
0.000000
-0.021084
-0.170582
-0.271147
-0.360720
-0.444913
-0.522754
-0.592133
-0.650989
-0.687382
-0.693174
-0.680847
-0.658466
-0.631167
-0.602162
-0.573397
-0.546000
-0.520571
-0.497376
-0.442266
-0.353658
-0.260305
-0.170410
-0.087698
-0.014704
0.000000
0.033068
0.178197
0.277764
0.366875
0.450563
0.527753
0.596336
0.654275
0.688155
0.692446
0.679274
0.656466
0.629004
0.599995
0.571320
0.544065
0.518801
0.495778
0.437425
0.348173
0.254851
0.165253
0.083005
0.010608
0.000000
-0.044500
-0.185418
-0.284011
-0.372666
-0.455859
-0.532418
-0.600235
-0.657295
-0.688811
-0.691694
-0.677732
-0.654529
-0.626918
-0.597911
-0.569327
-0.542209
-0.517105
-0.494248
-0.432779
-0.342904
-0.249608
-0.160291
-0.078487
-0.006660
0.000000
0.055490
0.192358
0.290013
0.378228
0.460945
0.536898
0.603978
0.660193
0.689442
0.690974
0.676254
0.652670
0.624917
0.595912
0.567415
0.540429
0.515478
0.492779
0.428331
0.337862
0.244591
0.155545
0.074164
0.002884
0.000000
-0.066014
-0.199006
-0.295764
-0.383558
-0.465820
-0.541194
-0.607568
-0.662976
-0.690051
-0.690287
-0.674840
-0.650892
-0.623002
-0.593999
-0.565584
-0.538725
-0.513920
-0.491374
-0.423695
-0.332606
-0.239386
-0.150649
-0.069739
0.000000
0.000000
0.076318
0.205642
0.301580
0.388998
0.470838
0.545655
0.611340
0.665949
0.690746
0.689622
0.673409
0.649075
0.621036
0.592031
0.563699
0.536968
0.512313
0.489923
0.418630
0.326823
0.233633
0.145214
0.064802
0.000000
0.000000
-0.085123
-0.211528
-0.306866
-0.394029
-0.475554
-0.549925
-0.615034
-0.668954
-0.691567
-0.689133
-0.672176
-0.647459
-0.619267
-0.590247
-0.561982
-0.535364
-0.510844
-0.488595
-0.413762
-0.321230
-0.228041
-0.139906
-0.059957
0.000000
0.000000
0.093667
0.217230
0.311982
0.398894
0.480111
0.554046
0.618594
0.671846
0.692348
0.688648
0.670971
0.645887
0.617546
0.588513
0.560315
0.533807
0.509417
0.487305
0.409121
0.315895
0.222702
0.134833
0.055320
0.000000
0.000000
-0.101880
-0.222720
-0.316914
-0.403588
-0.484511
-0.558032
-0.622042
-0.674652
-0.693120
-0.688199
-0.669828
-0.644387
-0.615902
-0.586856
-0.558720
-0.532316
-0.508051
-0.486070
-0.404677
-0.310790
-0.217595
-0.129982
-0.050887
0.000000
0.000000
0.109733
0.227969
0.321628
0.408074
0.488717
0.561839
0.625336
0.677332
0.693854
0.687765
0.668732
0.642950
0.614327
0.585267
0.557192
0.530888
0.506743
0.481867
0.398798
0.304736
0.211821
0.124712
0.046280
0.000000
0.000000
-0.118133
-0.233495
-0.326539
-0.412713
-0.493035
-0.565718
-0.628659
-0.679691
-0.694360
-0.687168
-0.667515
-0.641424
-0.612686
-0.583628
-0.555624
-0.529429
-0.505409
-0.475684
-0.391726
-0.297775
-0.205337
-0.118923
-0.041350
0.000000
0.000000
0.127552
0.239716
0.332088
0.417973
0.497950
0.570156
0.632486
0.681078
0.694263
0.686207
0.666092
0.639791
0.611000
0.581984
0.554073
0.528000
0.504112
0.469702
0.384888
0.291046
0.199074
0.113334
0.036593
0.000000
0.000000
-0.136772
-0.245847
-0.337587
-0.423212
-0.502873
-0.574629
-0.636377
-0.682573
-0.694295
-0.685384
-0.664803
-0.638286
-0.609433
-0.580447
-0.552621
-0.526658
-0.502892
-0.464018
-0.378407
-0.284690
-0.193177
-0.108094
-0.032157
0.000000
0.000000
0.145506
0.251677
0.342829
0.428214
0.507580
0.578914
0.640112
0.684018
0.694342
0.684612
0.663586
0.636861
0.607947
0.578989
0.551241
0.525383
0.501732
0.458563
0.372185
0.278587
0.187517
0.103066
0.027901
0.000000
0.000000
-0.153866
-0.257251
-0.347838
-0.432991
-0.512074
-0.583003
-0.643673
-0.685391
-0.694378
-0.683866
-0.662415
-0.635492
-0.606521
-0.577590
-0.549918
-0.524160
-0.500620
-0.453338
-0.366224
-0.272739
-0.182093
-0.098245
-0.023820
0.000000
0.007060
0.161658
0.263380
0.353486
0.438262
0.516858
0.587165
0.647091
0.686442
0.694001
0.682671
0.660794
0.633691
0.604691
0.575822
0.548261
0.522640
0.499244
0.447905
0.360049
0.266663
0.176427
0.093178
0.019492
0.000000
-0.019523
-0.169585
-0.270277
-0.359909
-0.444165
-0.522090
-0.591572
-0.650547
-0.687271
-0.693262
-0.681048
-0.658723
-0.631447
-0.602442
-0.573666
-0.546251
-0.520801
-0.497584
-0.442894
-0.354368
-0.261010
-0.171077
-0.088304
-0.015233
0.000000
0.031591
0.177264
0.276957
0.366127
0.449879
0.527150
0.595833
0.653885
0.688070
0.692543
0.679474
0.656717
0.629274
0.600265
0.571579
0.544305
0.519021
0.495976
0.438028
0.348857
0.255531
0.165897
0.083592
0.011121
0.000000
-0.043074
-0.184519
-0.283233
-0.371945
-0.455200
-0.531838
-0.599750
-0.656920
-0.688730
-0.691788
-0.677924
-0.654770
-0.627177
-0.598171
-0.569575
-0.542440
-0.517316
-0.494438
-0.433355
-0.343558
-0.250258
-0.160907
-0.079047
-0.007150
0.000000
0.054125
0.191496
0.289267
0.377536
0.460312
0.536341
0.603512
0.659832
0.689363
0.691063
0.676437
0.652901
0.625165
0.596160
0.567652
0.540650
0.515680
0.492962
0.428883
0.338488
0.245214
0.156134
0.074701
0.003353
0.000000
-0.064707
-0.198180
-0.295050
-0.382897
-0.465215
-0.540660
-0.607122
-0.662630
-0.689975
-0.690373
-0.675015
-0.651113
-0.623240
-0.594237
-0.565812
-0.538937
-0.514114
-0.491548
-0.424292
-0.333283
-0.240056
-0.151278
-0.070305
0.000000
0.000000
0.075290
0.204952
0.300959
0.388406
0.470282
0.545151
0.610903
0.665592
0.690646
0.689677
0.673552
0.649263
0.621243
0.592240
0.563900
0.537156
0.512486
0.490079
0.419210
0.327490
0.234299
0.145846
0.065378
0.000000
0.000000
-0.084110
-0.210852
-0.306261
-0.393454
-0.475016
-0.549439
-0.614614
-0.668614
-0.691477
-0.689193
-0.672320
-0.647647
-0.619472
-0.590453
-0.562181
-0.535550
-0.511014
-0.488748
-0.414314
-0.321864
-0.228676
-0.140510
-0.060509
0.000000
0.000000
0.092690
0.216576
0.311395
0.398335
0.479587
0.553572
0.618184
0.671511
0.692256
0.688701
0.671107
0.646065
0.617742
0.588710
0.560505
0.533984
0.509580
0.487452
0.409648
0.316502
0.223309
0.135409
0.055846
0.000000
0.000000
-0.100947
-0.222097
-0.316354
-0.403055
-0.484012
-0.557579
-0.621651
-0.674334
-0.693033
-0.688250
-0.669959
-0.644558
-0.616090
-0.587044
-0.558901
-0.532486
-0.508207
-0.486211
-0.405183
-0.311372
-0.218177
-0.130535
-0.051392
0.000000
0.000000
0.108838
0.227371
0.321091
0.407564
0.488239
0.561406
0.624961
0.677028
0.693771
0.687815
0.668857
0.643114
0.614507
0.585448
0.557366
0.531051
0.506892
0.482544
0.399573
0.305501
0.212536
0.125352
0.046828
0.000000
0.000000
-0.117119
-0.232833
-0.325954
-0.412163
-0.492524
-0.565261
-0.628269
-0.679560
-0.694386
-0.687284
-0.667679
-0.641609
-0.612875
-0.583812
-0.555796
-0.529588
-0.505553
-0.476340
-0.392477
-0.298514
-0.206027
-0.119540
-0.041877
0.000000
0.000000
0.126540
0.239044
0.331486
0.417400
0.497413
0.569668
0.632061
0.680915
0.694260
0.686298
0.666233
0.639956
0.611172
0.582152
0.554232
0.528147
0.504245
0.470320
0.385593
0.291738
0.199715
0.113903
0.037075
0.000000
0.000000
-0.135820
-0.245212
-0.337016
-0.422666
-0.502359
-0.574161
-0.635969
-0.682414
-0.694289
-0.685467
-0.664936
-0.638441
-0.609595
-0.580606
-0.552771
-0.526797
-0.503018
-0.464613
-0.379085
-0.285354
-0.193793
-0.108641
-0.032620
0.000000
0.000000
0.144596
0.251070
0.342284
0.427694
0.507091
0.578469
0.639724
0.683869
0.694338
0.684693
0.663714
0.637010
0.608103
0.579142
0.551385
0.525516
0.501853
0.459132
0.372834
0.279224
0.188108
0.103591
0.028346
0.000000
0.000000
-0.152993
-0.256669
-0.347314
-0.432492
-0.511604
-0.582575
-0.643301
-0.685247
-0.694374
-0.683944
-0.662537
-0.635635
-0.606670
-0.577736
-0.550056
-0.524288
-0.500737
-0.453883
-0.366846
-0.273349
-0.182659
-0.098748
-0.024246
0.000000
0.005814
0.160861
0.262684
0.352836
0.437662
0.516325
0.586713
0.646735
0.686351
0.694070
0.682831
0.660999
0.633914
0.604916
0.576038
0.548462
0.522823
0.499410
0.448400
0.360611
0.267222
0.176957
0.093661
0.019915
0.000000
-0.018314
-0.168813
-0.269603
-0.359280
-0.443586
-0.521575
-0.591137
-0.650204
-0.687186
-0.693330
-0.681203
-0.658922
-0.631663
-0.602660
-0.573875
-0.546446
-0.520979
-0.497744
-0.443379
-0.354918
-0.261556
-0.171593
-0.088774
-0.015642
0.000000
0.030447
0.176542
0.276331
0.365548
0.449349
0.526684
0.595443
0.653583
0.688005
0.692619
0.679629
0.656912
0.629483
0.600474
0.571779
0.544491
0.519191
0.496130
0.438495
0.349386
0.256058
0.166396
0.084047
0.011518
0.000000
-0.041969
-0.183821
-0.282630
-0.371386
-0.454689
-0.531388
-0.599374
-0.656629
-0.688667
-0.691861
-0.678073
-0.654957
-0.627379
-0.598372
-0.569768
-0.542619
-0.517480
-0.494586
-0.433802
-0.344064
-0.250762
-0.161383
-0.079481
-0.007529
0.000000
0.053068
0.190828
0.288689
0.377001
0.459822
0.535909
0.603151
0.659553
0.689302
0.691132
0.676579
0.653079
0.625357
0.596353
0.567836
0.540821
0.515836
0.493103
0.429311
0.338973
0.245697
0.156591
0.075117
0.003716
0.000000
-0.063695
-0.197541
-0.294497
-0.382384
-0.464746
-0.540247
-0.606777
-0.662363
-0.689917
-0.690439
-0.675152
-0.651284
-0.623424
-0.594421
-0.565988
-0.539101
-0.514264
-0.491684
-0.424756
-0.333808
-0.240575
-0.151764
-0.070744
0.000000
0.000000
0.074493
0.204418
0.300478
0.387947
0.469851
0.544760
0.610565
0.665316
0.690570
0.689720
0.673663
0.649409
0.621403
0.592402
0.564055
0.537301
0.512619
0.490199
0.419660
0.328007
0.234816
0.146336
0.065825
0.000000
0.000000
-0.083325
-0.210329
-0.305792
-0.393008
-0.474599
-0.549062
-0.614289
-0.668350
-0.691407
-0.689239
-0.672432
-0.647792
-0.619631
-0.590613
-0.562334
-0.535693
-0.511145
-0.488867
-0.414741
-0.322355
-0.229167
-0.140977
-0.060936
0.000000
0.000000
0.091932
0.216070
0.310940
0.397902
0.479180
0.553204
0.617865
0.671252
0.692184
0.688742
0.671212
0.646203
0.617893
0.588863
0.560651
0.534121
0.509705
0.487566
0.410057
0.316971
0.223779
0.135855
0.056254
0.000000
0.000000
-0.100225
-0.221614
-0.315920
-0.402642
-0.483625
-0.557229
-0.621348
-0.674087
-0.692965
-0.688290
-0.670060
-0.644690
-0.616235
-0.587190
-0.559042
-0.532617
-0.508327
-0.486320
-0.405575
-0.311823
-0.218628
-0.130963
-0.051784
0.000000
0.000000
0.108146
0.226909
0.320676
0.407168
0.487868
0.561070
0.624671
0.676792
0.693706
0.687853
0.668953
0.643240
0.614646
0.585588
0.557500
0.531177
0.507007
0.483069
0.400174
0.306094
0.213090
0.125849
0.047253
0.000000
0.000000
-0.116334
-0.232320
-0.325500
-0.411736
-0.492129
-0.564907
-0.627967
-0.679448
-0.694400
-0.687371
-0.667805
-0.641752
-0.613022
-0.583955
-0.555931
-0.529712
-0.505666
-0.476854
-0.393066
-0.299095
-0.206568
-0.120024
-0.042290
0.000000
0.000000
0.125746
0.238517
0.331014
0.416951
0.496991
0.569285
0.631729
0.680788
0.694258
0.686369
0.666344
0.640085
0.611307
0.582284
0.554357
0.528262
0.504350
0.470807
0.386148
0.292282
0.200220
0.114352
0.037455
0.000000
0.000000
-0.135072
-0.244712
-0.336566
-0.422237
-0.501955
-0.573794
-0.635648
-0.682290
-0.694285
-0.685533
-0.665040
-0.638563
-0.609722
-0.580731
-0.552889
-0.526906
-0.503117
-0.465080
-0.379618
-0.285877
-0.194278
-0.109072
-0.032984
0.000000
0.000000
0.143880
0.250593
0.341855
0.427285
0.506706
0.578119
0.639419
0.683752
0.694335
0.684757
0.663814
0.637127
0.608225
0.579262
0.551499
0.525621
0.501949
0.459580
0.373345
0.279725
0.188573
0.104004
0.028696
0.000000
0.000000
-0.152306
-0.256211
-0.346903
-0.432099
-0.511235
-0.582239
-0.643008
-0.685134
-0.694371
-0.684005
-0.662634
-0.635747
-0.606787
-0.577851
-0.550164
-0.524388
-0.500828
-0.454311
-0.367335
-0.273829
-0.183103
-0.099144
-0.024580
0.000000
0.004834
0.160235
0.262137
0.352325
0.437191
0.515905
0.586358
0.646454
0.686280
0.694124
0.682956
0.661161
0.634089
0.605092
0.576207
0.548620
0.522968
0.499541
0.448833
0.361101
0.267708
0.177414
0.094074
0.020272
0.000000
-0.017294
-0.168164
-0.269038
-0.358754
-0.443103
-0.521147
-0.590777
-0.649922
-0.687118
-0.693390
-0.681335
-0.659092
-0.631847
-0.602844
-0.574051
-0.546610
-0.521129
-0.497880
-0.443791
-0.355384
-0.262020
-0.172031
-0.089172
-0.015990
0.000000
0.029470
0.175923
0.275795
0.365049
0.448892
0.526281
0.595105
0.653320
0.687946
0.692681
0.679759
0.657076
0.629661
0.600651
0.571949
0.544650
0.519336
0.496260
0.438892
0.349836
0.256506
0.166819
0.084432
0.011854
0.000000
-0.041032
-0.183229
-0.282118
-0.370912
-0.454255
-0.531006
-0.599055
-0.656382
-0.688613
-0.691922
-0.678200
-0.655116
-0.627550
-0.598542
-0.569931
-0.542771
-0.517619
-0.494711
-0.434182
-0.344495
-0.251191
-0.161789
-0.079851
-0.007852
0.000000
0.052169
0.190260
0.288198
0.376545
0.459406
0.535542
0.602844
0.659315
0.689250
0.691190
0.676700
0.653231
0.625521
0.596516
0.567992
0.540967
0.515970
0.493223
0.429675
0.339386
0.246107
0.156979
0.075470
0.004025
0.000000
-0.062834
-0.196997
-0.294027
-0.381948
-0.464348
-0.539896
-0.606484
-0.662135
-0.689867
-0.690495
-0.675267
-0.651429
-0.623580
-0.594577
-0.566137
-0.539240
-0.514391
-0.491799
-0.425149
-0.334255
-0.241016
-0.152179
-0.071117
-0.000241
0.000000
0.073614
0.203849
0.299978
0.387478
0.469418
0.544374
0.610238
0.665057
0.690509
0.689778
0.673787
0.649567
0.621574
0.592572
0.564219
0.537454
0.512759
0.490325
0.420100
0.328510
0.235318
0.146811
0.066258
0.000000
0.000000
-0.082556
-0.209816
-0.305332
-0.392571
-0.474189
-0.548691
-0.613968
-0.668089
-0.691336
-0.689282
-0.672539
-0.647933
-0.619785
-0.590769
-0.562484
-0.535833
-0.511273
-0.488983
-0.415163
-0.322839
-0.229651
-0.141437
-0.061356
0.000000
0.000000
0.091192
0.215576
0.310497
0.397480
0.478785
0.552846
0.617556
0.671001
0.692116
0.688784
0.671316
0.646339
0.618042
0.589013
0.560796
0.534256
0.509829
0.487677
0.410460
0.317434
0.224241
0.136295
0.056655
0.000000
0.000000
-0.099513
-0.221138
-0.315493
-0.402235
-0.483243
-0.556883
-0.621049
-0.673844
-0.692898
-0.688329
-0.670159
-0.644820
-0.616377
-0.587334
-0.559180
-0.532746
-0.508445
-0.486427
-0.405960
-0.312265
-0.219071
-0.131383
-0.052168
0.000000
0.000000
0.107465
0.226454
0.320267
0.406779
0.487503
0.560741
0.624386
0.676559
0.693643
0.687891
0.669048
0.643365
0.614782
0.585726
0.557633
0.531301
0.507121
0.483585
0.400765
0.306677
0.213634
0.126336
0.047670
0.000000
0.000000
-0.115562
-0.231817
-0.325055
-0.411317
-0.491740
-0.564559
-0.627671
-0.679212
-0.694342
-0.687420
-0.667913
-0.641891
-0.613173
-0.584106
-0.556076
-0.529848
-0.505790
-0.477442
-0.393736
-0.299753
-0.207180
-0.120569
-0.042752
0.000000
0.000000
0.124845
0.237918
0.330477
0.416441
0.496513
0.568852
0.631354
0.680649
0.694263
0.686458
0.666478
0.640240
0.611466
0.582440
0.554505
0.528398
0.504474
0.471380
0.386803
0.292927
0.200820
0.114888
0.037911
0.000000
0.000000
-0.134189
-0.244125
-0.336039
-0.421736
-0.501484
-0.573366
-0.635276
-0.682147
-0.694282
-0.685613
-0.665164
-0.638708
-0.609873
-0.580878
-0.553028
-0.527035
-0.503234
-0.465626
-0.380240
-0.286487
-0.194844
-0.109575
-0.033410
0.000000
0.000000
0.143042
0.250033
0.341352
0.426805
0.506254
0.577708
0.639061
0.683613
0.694330
0.684831
0.663931
0.637264
0.608367
0.579401
0.551631
0.525743
0.502060
0.460103
0.373942
0.280310
0.189116
0.104486
0.029104
0.000000
0.000000
-0.151504
-0.255676
-0.346422
-0.431641
-0.510804
-0.581847
-0.642666
-0.685003
-0.694367
-0.684076
-0.662746
-0.635878
-0.606924
-0.577985
-0.550291
-0.524506
-0.500934
-0.454813
-0.367906
-0.274390
-0.183624
-0.099606
-0.024972
0.000000
0.003689
0.159502
0.261497
0.351727
0.436640
0.515415
0.585943
0.646126
0.686197
0.694188
0.683102
0.661349
0.634295
0.605298
0.576405
0.548805
0.523137
0.499693
0.449416
0.361762
0.268358
0.178020
0.094615
0.020734
0.000000
-0.015976
-0.167330
-0.268316
-0.358084
-0.442489
-0.520605
-0.590322
-0.649568
-0.687038
-0.693474
-0.681510
-0.659313
-0.632085
-0.603082
-0.574279
-0.546823
-0.521324
-0.498056
-0.444325
-0.355990
-0.262623
-0.172602
-0.089692
-0.016444
0.000000
0.028188
0.175108
0.275086
0.364390
0.448287
0.525745
0.594654
0.652968
0.687862
0.692758
0.679926
0.657289
0.629891
0.600882
0.572170
0.544856
0.519524
0.496431
0.439408
0.350421
0.257087
0.167369
0.084932
0.012291
0.000000
-0.039812
-0.182458
-0.281451
-0.370293
-0.453689
-0.530508
-0.598638
-0.656059
-0.688543
-0.692002
-0.678364
-0.655322
-0.627772
-0.598764
-0.570143
-0.542969
-0.517800
-0.494874
-0.434678
-0.345058
-0.251750
-0.162319
-0.080333
-0.008273
0.000000
0.050996
0.189519
0.287557
0.375952
0.458863
0.535064
0.602445
0.659006
0.689183
0.691267
0.676858
0.653430
0.625735
0.596729
0.568197
0.541157
0.516143
0.493380
0.430150
0.339924
0.246643
0.157486
0.075932
0.004428
0.000000
-0.061711
-0.196288
-0.293413
-0.381379
-0.463827
-0.539437
-0.606100
-0.661838
-0.689802
-0.690568
-0.675418
-0.651619
-0.623785
-0.594782
-0.566333
-0.539422
-0.514557
-0.491949
-0.425663
-0.334838
-0.241592
-0.152719
-0.071604
-0.000661
0.000000
0.072377
0.203055
0.299285
0.386832
0.468823
0.543847
0.609794
0.664710
0.690432
0.689862
0.673962
0.649787
0.621812
0.592810
0.564446
0.537666
0.512952
0.490500
0.420699
0.329195
0.236000
0.147458
0.066846
0.000000
0.000000
-0.081510
-0.209117
-0.304704
-0.391974
-0.473629
-0.548184
-0.613530
-0.667733
-0.691238
-0.689339
-0.672685
-0.648124
-0.619994
-0.590980
-0.562687
-0.536023
-0.511447
-0.489140
-0.415738
-0.323500
-0.230312
-0.142063
-0.061928
0.000000
0.000000
0.090183
0.214903
0.309893
0.396906
0.478248
0.552360
0.617136
0.670660
0.692024
0.688841
0.671458
0.646525
0.618245
0.589218
0.560993
0.534440
0.509997
0.487830
0.411008
0.318064
0.224872
0.136895
0.057204
0.000000
0.000000
-0.098543
-0.220489
-0.314910
-0.401681
-0.482724
-0.556413
-0.620642
-0.673513
-0.692807
-0.688382
-0.670294
-0.644998
-0.616571
-0.587530
-0.559369
-0.532923
-0.508607
-0.486572
-0.406485
-0.312868
-0.219674
-0.131957
-0.052692
0.000000
0.000000
0.106537
0.225834
0.319710
0.406249
0.487006
0.560291
0.623996
0.676243
0.693556
0.687942
0.669178
0.643535
0.614968
0.585914
0.557813
0.531469
0.507275
0.484288
0.401570
0.307472
0.214376
0.127001
0.048238
0.000000
0.000000
-0.114510
-0.231130
-0.324448
-0.410745
-0.491210
-0.564085
-0.627267
-0.678890
-0.694263
-0.687486
-0.668062
-0.642081
-0.613379
-0.584313
-0.556275
-0.530032
-0.505959
-0.478242
-0.394651
-0.300652
-0.208015
-0.121311
-0.043382
0.000000
0.000000
0.123617
0.237102
0.329746
0.415746
0.495861
0.568261
0.630842
0.680459
0.694269
0.686579
0.666660
0.640450
0.611684
0.582653
0.554706
0.528584
0.504642
0.472162
0.387697
0.293806
0.201638
0.115618
0.038532
0.000000
0.000000
-0.132985
-0.243324
-0.335321
-0.421052
-0.500842
-0.572782
-0.634768
-0.681953
-0.694278
-0.685721
-0.665332
-0.638905
-0.610078
-0.581079
-0.553218
-0.527210
-0.503394
-0.466369
-0.381088
-0.287319
-0.195616
-0.110261
-0.033991
0.000000
0.000000
0.141899
0.249270
0.340666
0.426150
0.505639
0.577147
0.638572
0.683424
0.694324
0.684932
0.664090
0.637451
0.608562
0.579592
0.551811
0.525910
0.502211
0.460816
0.374755
0.281108
0.189856
0.105144
0.029660
0.000000
0.000000
-0.150411
-0.254947
-0.345767
-0.431016
-0.510216
-0.581312
-0.642200
-0.684823
-0.694362
-0.684174
-0.662899
-0.636057
-0.607110
-0.578168
-0.550464
-0.524665
-0.501080
-0.455496
-0.368686
-0.275155
-0.184333
-0.100236
-0.025505
0.000000
0.002128
0.158504
0.260625
0.350912
0.435889
0.514747
0.585377
0.645679
0.686084
0.694275
0.683302
0.661607
0.634575
0.605579
0.576675
0.549056
0.523367
0.499901
0.450210
0.362663
0.269244
0.178845
0.095353
0.021365
0.000000
-0.014181
-0.166194
-0.267332
-0.357170
-0.441652
-0.519866
-0.589703
-0.649086
-0.686929
-0.693587
-0.681749
-0.659614
-0.632410
-0.603407
-0.574591
-0.547113
-0.521589
-0.498295
-0.445054
-0.356816
-0.263444
-0.173379
-0.090399
-0.017062
0.000000
0.026441
0.173997
0.274121
0.363492
0.447462
0.525015
0.594040
0.652487
0.687748
0.692863
0.680155
0.657580
0.630206
0.601198
0.572472
0.545138
0.519782
0.496663
0.440112
0.351219
0.257880
0.168119
0.085614
0.012886
0.000000
-0.038149
-0.181408
-0.280541
-0.369450
-0.452918
-0.529828
-0.598070
-0.655618
-0.688446
-0.692111
-0.678588
-0.655604
-0.628075
-0.599068
-0.570433
-0.543239
-0.518046
-0.495097
-0.435354
-0.345824
-0.252513
-0.163041
-0.080991
-0.008848
0.000000
0.049397
0.188510
0.286684
0.375142
0.458123
0.534412
0.601900
0.658584
0.689091
0.691372
0.677073
0.653700
0.626026
0.597020
0.568475
0.541416
0.516380
0.493593
0.430797
0.340658
0.247373
0.158177
0.076561
0.004978
0.000000
-0.060179
-0.195320
-0.292575
-0.380603
-0.463117
-0.538812
-0.605578
-0.661433
-0.689714
-0.690668
-0.675624
-0.651878
-0.624064
-0.595060
-0.566599
-0.539670
-0.514784
-0.492153
-0.426364
-0.335632
-0.242377
-0.153455
-0.072268
-0.001234
0.000000
0.070691
0.201974
0.298340
0.385951
0.468013
0.543129
0.609189
0.664236
0.690327
0.689977
0.674201
0.650088
0.622136
0.593134
0.564756
0.537954
0.513216
0.490738
0.421516
0.330128
0.236931
0.148339
0.067649
0.000000
0.000000
-0.080084
-0.208165
-0.303849
-0.391160
-0.472866
-0.547494
-0.612933
-0.667247
-0.691105
-0.689418
-0.672884
-0.648385
-0.620280
-0.591268
-0.562964
-0.536281
-0.511684
-0.489354
-0.416522
-0.324401
-0.231212
-0.142918
-0.062707
0.000000
0.000000
0.088808
0.213985
0.309070
0.396124
0.477515
0.551697
0.616564
0.670195
0.691899
0.688920
0.671652
0.646778
0.618522
0.589497
0.561261
0.534691
0.510227
0.488037
0.411756
0.318924
0.225732
0.137712
0.057951
0.000000
0.000000
-0.097220
-0.219605
-0.314116
-0.400925
-0.482015
-0.555771
-0.620087
-0.673061
-0.692683
-0.688455
-0.670478
-0.645239
-0.616836
-0.587797
-0.559626
-0.533163
-0.508827
-0.486771
-0.407201
-0.313691
-0.220497
-0.132738
-0.053406
0.000000
0.000000
0.105272
0.224988
0.318951
0.405527
0.486329
0.559677
0.623466
0.675811
0.693438
0.688012
0.669355
0.643766
0.615222
0.586169
0.558059
0.531699
0.507486
0.485246
0.402668
0.308555
0.215388
0.127907
0.049013
0.000000
0.000000
-0.113075
-0.230193
-0.323620
-0.409966
-0.490487
-0.563439
-0.626716
-0.678451
-0.694155
-0.687576
-0.668264
-0.642339
-0.613660
-0.584595
-0.556545
-0.530284
-0.506189
-0.479334
-0.395897
-0.301876
-0.209152
-0.122324
-0.044241
0.000000
0.000000
0.121943
0.235990
0.328750
0.414798
0.494972
0.567456
0.630144
0.680200
0.694278
0.686743
0.666909
0.640737
0.611981
0.582944
0.554980
0.528837
0.504872
0.473228
0.388915
0.295005
0.202754
0.116613
0.039379
0.000000
0.000000
-0.131343
-0.242233
-0.334342
-0.420119
-0.499966
-0.571986
-0.634076
-0.681687
-0.694273
-0.685868
-0.665562
-0.639173
-0.610357
-0.581353
-0.553477
-0.527450
-0.503611
-0.467382
-0.382244
-0.288453
-0.196668
-0.111196
-0.034783
0.000000
0.000000
0.140341
0.248230
0.339731
0.425258
0.504799
0.576383
0.637906
0.683166
0.694316
0.685070
0.664307
0.637705
0.608827
0.579852
0.552057
0.526137
0.502418
0.461789
0.375864
0.282196
0.190865
0.106040
0.030419
0.000000
0.000000
-0.148920
-0.253953
-0.344874
-0.430164
-0.509415
-0.580583
-0.641565
-0.684578
-0.694356
-0.684307
-0.663108
-0.636301
-0.607364
-0.578418
-0.550700
-0.524883
-0.501278
-0.456427
-0.369748
-0.276197
-0.185300
-0.101096
-0.026233
0.000000
0.000000
0.157143
0.259437
0.349802
0.434865
0.513836
0.584606
0.645070
0.685930
0.694393
0.683575
0.661957
0.634956
0.605962
0.577042
0.549399
0.523681
0.500185
0.451293
0.363891
0.270452
0.179971
0.096360
0.022223
0.000000
-0.011733
-0.164646
-0.265990
-0.355924
-0.440510
-0.518858
-0.588858
-0.648429
-0.686780
-0.693741
-0.682073
-0.660024
-0.632853
-0.603850
-0.575015
-0.547508
-0.521950
-0.498621
-0.446046
-0.357942
-0.264564
-0.174439
-0.091364
-0.017904
0.000000
0.024058
0.172483
0.272804
0.362267
0.446337
0.524019
0.593202
0.651831
0.687592
0.693006
0.680466
0.657976
0.630635
0.601627
0.572884
0.545522
0.520133
0.496980
0.441072
0.352306
0.258961
0.169141
0.086544
0.013697
0.000000
-0.035882
-0.179975
-0.279302
-0.368301
-0.451866
-0.528901
-0.597295
-0.655018
-0.688315
-0.692259
-0.678893
-0.655988
-0.628489
-0.599481
-0.570829
-0.543607
-0.518383
-0.495401
-0.436276
-0.346870
-0.253554
-0.164025
-0.081887
-0.009631
0.000000
0.047216
0.187133
0.285494
0.374039
0.457114
0.533524
0.601158
0.658010
0.688966
0.691515
0.677366
0.654069
0.626423
0.597417
0.568854
0.541769
0.516703
0.493885
0.431680
0.341659
0.248369
0.159119
0.077419
0.005727
0.000000
-0.058091
-0.194001
-0.291434
-0.379545
-0.462150
-0.537960
-0.604865
-0.660881
-0.689593
-0.690805
-0.675904
-0.652231
-0.624444
-0.595440
-0.566963
-0.540008
-0.515093
-0.492432
-0.427278
-0.336669
-0.243404
-0.154421
-0.073142
-0.001991
0.000000
0.068503
0.200578
0.297124
0.384819
0.466973
0.542209
0.608417
0.663633
0.690195
0.690125
0.674505
0.650471
0.622548
0.593546
0.565151
0.538322
0.513552
0.491041
0.422556
0.331314
0.238110
0.149452
0.068659
0.000000
0.000000
-0.078277
-0.206956
-0.302763
-0.390126
-0.471896
-0.546615
-0.612173
-0.666628
-0.690935
-0.689517
-0.673136
-0.648715
-0.620642
-0.591633
-0.563316
-0.536610
-0.511985
-0.489626
-0.417524
-0.325552
-0.232363
-0.144009
-0.063703
0.000000
0.000000
0.087054
0.212815
0.308020
0.395125
0.476580
0.550852
0.615834
0.669603
0.691740
0.689020
0.671901
0.647102
0.618876
0.589854
0.561604
0.535011
0.510521
0.488302
0.412711
0.320022
0.226831
0.138756
0.058905
0.000000
0.000000
-0.095530
-0.218475
-0.313101
-0.399959
-0.481109
-0.554951
-0.619377
-0.672483
-0.692524
-0.688547
-0.670713
-0.645548
-0.617174
-0.588138
-0.559954
-0.533469
-0.509108
-0.487025
-0.408115
-0.314740
-0.221547
-0.133735
-0.054317
0.000000
0.000000
0.103657
0.223908
0.317981
0.404604
0.485464
0.558894
0.622788
0.675259
0.693287
0.688101
0.669580
0.644062
0.615546
0.586496
0.558374
0.531993
0.507755
0.485802
0.403712
0.309682
0.216486
0.128928
0.049924
0.000000
0.000000
-0.111437
-0.229108
-0.322650
-0.409047
-0.489629
-0.562665
-0.626050
-0.677913
-0.694013
-0.687671
-0.668493
-0.642638
-0.613986
-0.584923
-0.556860
-0.530579
-0.506459
-0.480576
-0.397320
-0.303277
-0.210458
-0.123491
-0.045237
0.000000
0.000000
0.120065
0.234756
0.327654
0.413763
0.494008
0.566589
0.629401
0.679940
0.694311
0.686947
0.667203
0.641072
0.612325
0.583278
0.555295
0.529127
0.505135
0.474435
0.390296
0.296365
0.204022
0.117746
0.040345
0.000000
0.000000
-0.129481
-0.240996
-0.333234
-0.419064
-0.498975
-0.571086
-0.633294
-0.681387
-0.694268
-0.686035
-0.665823
-0.639477
-0.610673
-0.581663
-0.553770
-0.527720
-0.503857
-0.468524
-0.383545
-0.289729
-0.197852
-0.112248
-0.035674
0.000000
0.000000
0.138585
0.247058
0.338676
0.424251
0.503852
0.575520
0.637154
0.682874
0.694306
0.685224
0.664552
0.637991
0.609125
0.580145
0.552335
0.526394
0.502651
0.462886
0.377115
0.283423
0.192002
0.107050
0.031274
0.000000
0.000000
-0.147240
-0.252833
-0.343868
-0.429204
-0.508512
-0.579762
-0.640850
-0.684303
-0.694349
-0.684457
-0.663343
-0.636577
-0.607651
-0.578699
-0.550966
-0.525129
-0.501501
-0.457478
-0.370947
-0.277373
-0.186391
-0.102065
-0.027054
0.000000
0.000000
0.155531
0.258362
0.348836
0.433943
0.512969
0.583817
0.644383
0.685665
0.694386
0.683718
0.662183
0.635220
0.606237
0.577312
0.549654
0.523917
0.500399
0.452299
0.365039
0.271577
0.181015
0.097287
0.023009
0.000000
-0.009434
-0.163176
-0.264706
-0.354725
-0.439404
-0.517874
-0.588025
-0.647771
-0.686614
-0.693869
-0.682368
-0.660403
-0.633265
-0.604264
-0.575412
-0.547878
-0.522289
-0.498927
-0.446961
-0.358979
-0.265597
-0.175417
-0.092256
-0.018685
0.000000
0.021827
0.171057
0.271561
0.361107
0.445268
0.523070
0.592400
0.651199
0.687434
0.693132
0.680752
0.658344
0.631034
0.602028
0.573269
0.545881
0.520462
0.497277
0.441968
0.353320
0.259969
0.170093
0.087410
0.014453
0.000000
-0.033771
-0.178641
-0.278148
-0.367231
-0.450888
-0.528040
-0.596576
-0.654461
-0.688195
-0.692399
-0.679179
-0.656347
-0.628875
-0.599866
-0.571198
-0.543951
-0.518697
-0.495684
-0.437138
-0.347847
-0.254527
-0.164946
-0.082726
-0.010364
0.000000
0.045178
0.185847
0.284381
0.373009
0.456172
0.532694
0.600465
0.657473
0.688850
0.691650
0.677641
0.654414
0.626794
0.597788
0.569209
0.542100
0.517005
0.494157
0.432504
0.342593
0.249298
0.159998
0.078220
0.006427
0.000000
-0.056140
-0.192768
-0.290368
-0.378557
-0.461246
-0.537163
-0.604199
-0.660365
-0.689480
-0.690932
-0.676166
-0.652560
-0.624799
-0.595794
-0.567302
-0.540324
-0.515382
-0.492693
-0.428068
-0.337564
-0.244295
-0.155264
-0.073909
-0.002661
0.000000
0.066636
0.199398
0.296104
0.383873
0.466108
0.541447
0.607780
0.663140
0.690087
0.690247
0.674756
0.650787
0.622888
0.593886
0.565476
0.538624
0.513828
0.491291
0.423410
0.332283
0.239067
0.150350
0.069469
0.000000
0.000000
-0.076807
-0.205970
-0.301875
-0.389280
-0.471102
-0.545895
-0.611548
-0.666118
-0.690793
-0.689596
-0.673340
-0.648985
-0.620938
-0.591932
-0.563603
-0.536879
-0.512231
-0.489849
-0.418354
-0.326506
-0.233316
-0.144913
-0.064527
0.000000
0.000000
0.085605
0.211849
0.307155
0.394303
0.475810
0.550157
0.615234
0.669116
0.691611
0.689105
0.672107
0.647370
0.619169
0.590149
0.561888
0.535276
0.510763
0.488522
0.413500
0.320928
0.227739
0.139619
0.059694
0.000000
0.000000
-0.094132
-0.217541
-0.312262
-0.399160
-0.480360
-0.554272
-0.618790
-0.672005
-0.692392
-0.688623
-0.670907
-0.645802
-0.617453
-0.588420
-0.560225
-0.533723
-0.509340
-0.487235
-0.408869
-0.315607
-0.222414
-0.134559
-0.055069
0.000000
0.000000
0.102324
0.223017
0.317180
0.403842
0.484749
0.558247
0.622229
0.674804
0.693162
0.688174
0.669766
0.644306
0.615813
0.586766
0.558633
0.532235
0.507977
0.486003
0.404436
0.310513
0.217318
0.129718
0.050647
0.000000
0.000000
-0.110158
-0.228253
-0.321883
-0.408317
-0.488945
-0.562046
-0.625514
-0.677477
-0.693894
-0.687742
-0.668672
-0.642872
-0.614242
-0.585181
-0.557109
-0.530811
-0.506672
-0.481545
-0.398428
-0.304371
-0.211480
-0.124407
-0.046020
0.000000
0.000000
0.118616
0.233810
0.326818
0.412975
0.493278
0.565936
0.628844
0.679753
0.694348
0.687113
0.667437
0.641336
0.612596
0.583541
0.555542
0.529354
0.505341
0.475372
0.391369
0.297422
0.205009
0.118629
0.041099
0.000000
0.000000
-0.128034
-0.240036
-0.332374
-0.418245
-0.498206
-0.570388
-0.632688
-0.681155
-0.694264
-0.686164
-0.666024
-0.639712
-0.610918
-0.581904
-0.553998
-0.527930
-0.504048
-0.469408
-0.384553
-0.290717
-0.198768
-0.113063
-0.036364
0.000000
0.000000
0.137225
0.246150
0.337859
0.423472
0.503117
0.574852
0.636571
0.682648
0.694297
0.685344
0.664741
0.638213
0.609356
0.580372
0.552549
0.526592
0.502832
0.463735
0.378084
0.284373
0.192883
0.107833
0.031936
0.000000
0.000000
-0.145940
-0.251966
-0.343088
-0.428461
-0.507813
-0.579126
-0.640296
-0.684089
-0.694343
-0.684573
-0.663525
-0.636790
-0.607873
-0.578917
-0.551172
-0.525320
-0.501675
-0.458292
-0.371875
-0.278283
-0.187236
-0.102816
-0.027689
0.000000
0.000000
0.154282
0.257529
0.348087
0.433229
0.512298
0.583206
0.643850
0.685460
0.694380
0.683829
0.662357
0.635424
0.606450
0.577521
0.549852
0.524099
0.500565
0.453078
0.365928
0.272449
0.181823
0.098006
0.023617
0.000000
-0.007653
-0.162037
-0.263711
-0.353795
-0.438547
-0.517112
-0.587380
-0.647261
-0.686485
-0.693968
-0.682595
-0.660696
-0.633584
-0.604585
-0.575720
-0.548166
-0.522552
-0.499165
-0.447669
-0.359782
-0.266397
-0.176175
-0.092947
-0.019290
0.000000
0.020099
0.169953
0.270598
0.360208
0.444441
0.522334
0.591778
0.650710
0.687312
0.693229
0.680974
0.658628
0.631344
0.602339
0.573567
0.546159
0.520716
0.497507
0.442662
0.354106
0.260750
0.170831
0.088081
0.015038
0.000000
-0.032136
-0.177608
-0.277254
-0.366403
-0.450131
-0.527373
-0.596018
-0.654029
-0.688101
-0.692507
-0.679400
-0.656625
-0.629174
-0.600165
-0.571483
-0.544217
-0.518940
-0.495903
-0.437806
-0.348605
-0.255280
-0.165659
-0.083376
-0.010932
0.000000
0.043599
0.184850
0.283520
0.372211
0.455443
0.532052
0.599929
0.657058
0.688760
0.691754
0.677854
0.654681
0.627082
0.598075
0.569484
0.542355
0.517238
0.494368
0.433143
0.343317
0.250018
0.160680
0.078841
0.006969
0.000000
-0.054629
-0.191814
-0.289542
-0.377791
-0.460545
-0.536546
-0.603683
-0.659966
-0.689392
-0.691030
-0.676369
-0.652816
-0.625073
-0.596069
-0.567565
-0.540569
-0.515606
-0.492895
-0.428680
-0.338257
-0.244985
-0.155917
-0.074503
-0.003180
0.000000
0.065189
0.198485
0.295313
0.383140
0.465438
0.540857
0.607287
0.662758
0.690003
0.690341
0.674951
0.651031
0.623152
0.594149
0.565728
0.538859
0.514042
0.491484
0.424072
0.333034
0.239809
0.151046
0.070096
0.000000
0.000000
-0.075669
-0.205207
-0.301188
-0.388624
-0.470487
-0.545336
-0.611065
-0.665723
-0.690683
-0.689657
-0.673499
-0.649194
-0.621167
-0.592163
-0.563826
-0.537087
-0.512422
-0.490021
-0.418996
-0.327244
-0.234054
-0.145613
-0.065165
0.000000
0.000000
0.084483
0.211101
0.306484
0.393666
0.475214
0.549618
0.614769
0.668739
0.691510
0.689171
0.672267
0.647578
0.619396
0.590377
0.562108
0.535481
0.510951
0.488692
0.414111
0.321630
0.228442
0.140287
0.060305
0.000000
0.000000
-0.093050
-0.216817
-0.311612
-0.398541
-0.479780
-0.553747
-0.618335
-0.671635
-0.692290
-0.688681
-0.671057
-0.645999
-0.617670
-0.588638
-0.560435
-0.533919
-0.509520
-0.487398
-0.409454
-0.316278
-0.223085
-0.135197
-0.055652
0.000000
0.000000
0.101291
0.222327
0.316560
0.403251
0.484196
0.557746
0.621795
0.674451
0.693065
0.688231
0.669911
0.644495
0.616021
0.586975
0.558834
0.532423
0.508149
0.486159
0.404996
0.311157
0.217962
0.130331
0.051206
0.000000
0.000000
-0.109168
-0.227592
-0.321289
-0.407752
-0.488415
-0.561566
-0.625099
-0.677140
-0.693802
-0.687797
-0.668810
-0.643053
-0.614441
-0.585382
-0.557301
-0.530991
-0.506837
-0.482295
-0.399287
-0.305219
-0.212272
-0.125116
-0.046626
0.000000
0.000000
0.117493
0.233077
0.326170
0.412366
0.492713
0.565430
0.628413
0.679608
0.694377
0.687241
0.667619
0.641541
0.612805
0.583744
0.555733
0.529529
0.505500
0.476098
0.392200
0.298242
0.205773
0.119313
0.041682
0.000000
0.000000
-0.126913
-0.239292
-0.331708
-0.417611
-0.497611
-0.569848
-0.632218
-0.680975
-0.694261
-0.686264
-0.666181
-0.639895
-0.611108
-0.582090
-0.554174
-0.528093
-0.504196
-0.470092
-0.385333
-0.291483
-0.199478
-0.113693
-0.036897
0.000000
0.000000
0.136171
0.245446
0.337226
0.422867
0.502549
0.574334
0.636119
0.682473
0.694291
0.685437
0.664887
0.638384
0.609535
0.580548
0.552715
0.526745
0.502971
0.464394
0.378835
0.285109
0.193566
0.108440
0.032449
0.000000
0.000000
-0.144932
-0.251294
-0.342485
-0.427885
-0.507271
-0.578633
-0.639867
-0.683924
-0.694339
-0.684663
-0.663667
-0.636955
-0.608045
-0.579086
-0.551332
-0.525467
-0.501809
-0.458922
-0.372595
-0.278989
-0.187890
-0.103397
-0.028182
0.000000
0.000000
0.153315
0.256884
0.347508
0.432676
0.511777
0.582733
0.643438
0.685300
0.694375
0.683915
0.662492
0.635582
0.606615
0.577682
0.550005
0.524241
0.500694
0.453682
0.366616
0.273125
0.182450
0.098563
0.024089
0.000000
-0.006273
-0.161155
-0.262941
-0.353075
-0.437883
-0.516521
-0.586880
-0.646866
-0.686385
-0.694044
-0.682772
-0.660924
-0.633832
-0.604833
-0.575958
-0.548388
-0.522756
-0.499349
-0.448218
-0.360404
-0.267016
-0.176762
-0.093483
-0.019759
0.000000
0.018760
0.169098
0.269851
0.359512
0.443799
0.521765
0.591297
0.650331
0.687217
0.693305
0.681145
0.658849
0.631583
0.602580
0.573798
0.546374
0.520913
0.497685
0.443200
0.354715
0.261355
0.171403
0.088601
0.015491
0.000000
-0.030869
-0.176808
-0.276562
-0.365761
-0.449544
-0.526856
-0.595586
-0.653695
-0.688029
-0.692591
-0.679572
-0.656840
-0.629406
-0.600397
-0.571705
-0.544423
-0.519128
-0.496073
-0.438323
-0.349191
-0.255864
-0.166212
-0.083879
-0.011371
0.000000
0.042376
0.184078
0.282852
0.371592
0.454877
0.531554
0.599513
0.656736
0.688690
0.691834
0.678018
0.654888
0.627304
0.598297
0.569697
0.542553
0.517419
0.494531
0.433637
0.343877
0.250576
0.161208
0.079321
0.007389
0.000000
-0.053458
-0.191074
-0.288902
-0.377198
-0.460003
-0.536068
-0.603284
-0.659656
-0.689324
-0.691106
-0.676526
-0.653013
-0.625286
-0.596282
-0.567768
-0.540758
-0.515779
-0.493051
-0.429153
-0.338794
-0.245519
-0.156422
-0.074964
-0.003582
0.000000
0.064069
0.197777
0.294701
0.382573
0.464919
0.540400
0.606905
0.662462
0.689939
0.690414
0.675101
0.651221
0.623356
0.594353
0.565923
0.539040
0.514208
0.491634
0.424585
0.333615
0.240384
0.151585
0.070582
0.000000
0.000000
-0.074787
-0.204615
-0.300655
-0.388117
-0.470010
-0.544904
-0.610690
-0.665417
-0.690598
-0.689704
-0.673622
-0.649355
-0.621344
-0.592342
-0.563998
-0.537248
-0.512570
-0.490155
-0.419494
-0.327817
-0.234625
-0.146155
-0.065660
0.000000
0.000000
0.083614
0.210522
0.305965
0.393173
0.474753
0.549201
0.614409
0.668447
0.691433
0.689222
0.672390
0.647739
0.619572
0.590554
0.562278
0.535640
0.511097
0.488823
0.414584
0.322174
0.228986
0.140805
0.060779
0.000000
0.000000
-0.092212
-0.216257
-0.311108
-0.398062
-0.479330
-0.553340
-0.617983
-0.671348
-0.692210
-0.688727
-0.671173
-0.646152
-0.617837
-0.588807
-0.560597
-0.534071
-0.509659
-0.487524
-0.409907
-0.316798
-0.223605
-0.135691
-0.056103
0.000000
0.000000
0.100491
0.221792
0.316080
0.402794
0.483767
0.557358
0.621459
0.674178
0.692990
0.688275
0.670022
0.644642
0.616181
0.587137
0.558990
0.532569
0.508283
0.486279
0.405431
0.311656
0.218462
0.130805
0.051639
0.000000
0.000000
-0.108401
-0.227079
-0.320829
-0.407314
-0.488004
-0.561194
-0.624778
-0.676879
-0.693730
-0.687839
-0.668918
-0.643194
-0.614595
-0.585537
-0.557451
-0.531131
-0.506965
-0.482876
-0.399953
-0.305876
-0.212886
-0.125666
-0.047096
0.000000
0.000000
0.116623
0.232510
0.325668
0.411893
0.492275
0.565038
0.628079
0.679496
0.694399
0.687341
0.667759
0.641699
0.612967
0.583902
0.555881
0.529666
0.505624
0.476661
0.392844
0.298876
0.206365
0.119842
0.042135
0.000000
0.000000
-0.126044
-0.238715
-0.331191
-0.417120
-0.497150
-0.569429
-0.631854
-0.680835
-0.694258
-0.686342
-0.666302
-0.640036
-0.611255
-0.582234
-0.554310
-0.528219
-0.504311
-0.470623
-0.385938
-0.292076
-0.200028
-0.114182
-0.037311
0.000000
0.000000
0.135355
0.244901
0.336736
0.422399
0.502108
0.573933
0.635769
0.682337
0.694286
0.685508
0.665000
0.638517
0.609674
0.580684
0.552844
0.526864
0.503079
0.464904
0.379417
0.285680
0.194095
0.108909
0.032847
0.000000
0.000000
-0.144151
-0.250773
-0.342017
-0.427439
-0.506852
-0.578252
-0.639535
-0.683796
-0.694336
-0.684733
-0.663776
-0.637083
-0.608179
-0.579216
-0.551456
-0.525581
-0.501913
-0.459411
-0.373152
-0.279535
-0.188397
-0.103848
-0.028563
0.000000
0.000000
0.152565
0.256384
0.347058
0.432248
0.511374
0.582366
0.643119
0.685177
0.694372
0.683982
0.662597
0.635705
0.606743
0.577808
0.550123
0.524350
0.500793
0.454149
0.367150
0.273648
0.182935
0.098994
0.024454
0.000000
-0.005205
-0.160471
-0.262344
-0.352518
-0.437369
-0.516064
-0.586492
-0.646560
-0.686307
-0.694104
-0.682908
-0.661100
-0.634023
-0.605025
-0.576143
-0.548560
-0.522913
-0.499491
-0.448644
-0.360887
-0.267498
-0.177218
-0.093899
-0.020123
0.000000
0.017720
0.168433
0.269272
0.358971
0.443302
0.521323
0.590924
0.650036
0.687144
0.693364
0.681279
0.659020
0.631770
0.602766
0.573977
0.546541
0.521066
0.497823
0.443618
0.355188
0.261825
0.171847
0.089005
0.015843
0.000000
-0.029885
-0.176186
-0.276024
-0.365263
-0.449088
-0.526454
-0.595251
-0.653435
-0.687973
-0.692656
-0.679705
-0.657007
-0.629586
-0.600576
-0.571877
-0.544583
-0.519274
-0.496205
-0.438725
-0.349647
-0.256317
-0.166641
-0.084270
-0.011713
0.000000
0.041426
0.183479
0.282334
0.371112
0.454438
0.531167
0.599190
0.656486
0.688636
0.691897
0.678146
0.655049
0.627478
0.598470
0.569862
0.542707
0.517560
0.494658
0.434021
0.344313
0.251010
0.161618
0.079695
0.007715
0.000000
-0.052548
-0.190500
-0.288405
-0.376737
-0.459581
-0.535697
-0.602973
-0.659415
-0.689272
-0.691166
-0.676649
-0.653167
-0.625452
-0.596447
-0.567926
-0.540906
-0.515913
-0.493172
-0.429522
-0.339212
-0.245934
-0.156815
-0.075321
-0.003894
0.000000
0.063198
0.197227
0.294225
0.382132
0.464516
0.540044
0.606608
0.662232
0.689888
0.690471
0.675218
0.651368
0.623514
0.594511
0.566074
0.539181
0.514337
0.491750
0.424983
0.334067
0.240830
0.152004
0.070960
0.000105
0.000000
-0.074014
-0.204105
-0.300202
-0.387688
-0.469610
-0.544545
-0.610381
-0.665170
-0.690534
-0.689751
-0.673730
-0.649496
-0.621497
-0.592496
-0.564146
-0.537386
-0.512696
-0.490269
-0.419906
-0.328289
-0.235097
-0.146602
-0.066067
0.000000
0.000000
0.082895
0.210042
0.305535
0.392764
0.474370
0.548854
0.614110
0.668205
0.691367
0.689263
0.672492
0.647871
0.619717
0.590700
0.562418
0.535771
0.511217
0.488932
0.414977
0.322626
0.229438
0.141234
0.061171
0.000000
0.000000
-0.091518
-0.215793
-0.310692
-0.397666
-0.478959
-0.553004
-0.617692
-0.671111
-0.692146
-0.688765
-0.671270
-0.646279
-0.617976
-0.588947
-0.560732
-0.534197
-0.509774
-0.487628
-0.410282
-0.317230
-0.224037
-0.136101
-0.056478
0.000000
0.000000
0.099827
0.221348
0.315681
0.402415
0.483412
0.557036
0.621181
0.673951
0.692928
0.688312
0.670115
0.644763
0.616314
0.587271
0.559119
0.532689
0.508393
0.486379
0.405791
0.312070
0.218875
0.131198
0.051999
0.000000
0.000000
-0.107765
-0.226654
-0.320447
-0.406951
-0.487664
-0.560886
-0.624511
-0.676662
-0.693671
-0.687874
-0.669007
-0.643310
-0.614722
-0.585665
-0.557574
-0.531246
-0.507071
-0.483357
-0.400504
-0.306420
-0.213394
-0.126121
-0.047486
0.000000
0.000000
0.115902
0.232039
0.325252
0.411502
0.491911
0.564713
0.627802
0.679316
0.694368
0.687398
0.667865
0.641830
0.613106
0.584040
0.556012
0.529788
0.505735
0.477183
0.393440
0.299463
0.206911
0.120329
0.042548
0.000000
0.000000
-0.125242
-0.238182
-0.330714
-0.416666
-0.496724
-0.569043
-0.631519
-0.680710
-0.694261
-0.686419
-0.666419
-0.640172
-0.611396
-0.582371
-0.554440
-0.528338
-0.504419
-0.471127
-0.386514
-0.292642
-0.200555
-0.114651
-0.037710
0.000000
0.000000
0.134578
0.244384
0.336272
0.421957
0.501692
0.573554
0.635440
0.682210
0.694283
0.685578
0.665109
0.638644
0.609806
0.580813
0.552967
0.526978
0.503182
0.465385
0.379966
0.286218
0.194595
0.109353
0.033223
0.000000
0.000000
-0.143412
-0.250280
-0.341574
-0.427016
-0.506454
-0.577889
-0.639219
-0.683674
-0.694332
-0.684799
-0.663879
-0.637204
-0.608305
-0.579340
-0.551572
-0.525689
-0.502011
-0.459872
-0.373678
-0.280052
-0.188876
-0.104274
-0.028924
0.000000
0.000000
0.151857
0.255912
0.346634
0.431843
0.510994
0.582020
0.642817
0.685061
0.694369
0.684045
0.662696
0.635820
0.606863
0.577926
0.550235
0.524454
0.500887
0.454591
0.367654
0.274143
0.183394
0.099402
0.024799
0.000000
-0.004194
-0.159825
-0.261779
-0.351991
-0.436883
-0.515632
-0.586126
-0.646271
-0.686234
-0.694160
-0.683038
-0.661266
-0.634204
-0.605207
-0.576318
-0.548723
-0.523062
-0.499626
-0.449159
-0.361471
-0.268071
-0.177752
-0.094377
-0.020531
0.000000
0.016557
0.167698
0.268635
0.358380
0.442760
0.520844
0.590523
0.649724
0.687074
0.693437
0.681433
0.659215
0.631980
0.602977
0.574179
0.546729
0.521238
0.497978
0.444089
0.355723
0.262357
0.172350
0.089463
0.016244
0.000000
-0.028754
-0.175467
-0.275399
-0.364681
-0.448554
-0.525981
-0.594853
-0.653123
-0.687899
-0.692724
-0.679853
-0.657195
-0.629790
-0.600780
-0.572072
-0.544765
-0.519441
-0.496356
-0.439180
-0.350163
-0.256831
-0.167126
-0.084711
-0.012098
0.000000
0.040350
0.182798
0.281745
0.370566
0.453939
0.530727
0.598822
0.656201
0.688574
0.691967
0.678291
0.655231
0.627674
0.598666
0.570050
0.542882
0.517720
0.494802
0.434459
0.344809
0.251504
0.162085
0.080120
0.008087
0.000000
-0.051513
-0.189846
-0.287840
-0.376213
-0.459102
-0.535275
-0.602621
-0.659142
-0.689212
-0.691234
-0.676788
-0.653342
-0.625640
-0.596635
-0.568107
-0.541073
-0.516067
-0.493311
-0.429941
-0.339687
-0.246407
-0.157262
-0.075728
-0.004250
0.000000
0.062206
0.196601
0.293683
0.381630
0.464057
0.539640
0.606269
0.661969
0.689831
0.690536
0.675352
0.651536
0.623695
0.594691
0.566247
0.539342
0.514484
0.491882
0.425437
0.334581
0.241338
0.152480
0.071389
0.000476
0.000000
-0.072922
-0.203405
-0.299590
-0.387117
-0.469086
-0.544080
-0.609990
-0.664863
-0.690466
-0.689825
-0.673885
-0.649690
-0.621707
-0.592705
-0.564346
-0.537572
-0.512867
-0.490423
-0.420435
-0.328893
-0.235699
-0.147172
-0.066587
0.000000
0.000000
0.081972
0.209426
0.304981
0.392237
0.473876
0.548407
0.613724
0.667890
0.691281
0.689314
0.672621
0.648040
0.619902
0.590887
0.562597
0.535939
0.511370
0.489070
0.415484
0.323209
0.230021
0.141787
0.061675
0.000000
0.000000
-0.090628
-0.215199
-0.310159
-0.397159
-0.478485
-0.552574
-0.617321
-0.670810
-0.692065
-0.688816
-0.671396
-0.646443
-0.618155
-0.589128
-0.560906
-0.534359
-0.509923
-0.487762
-0.410766
-0.317786
-0.224594
-0.136630
-0.056962
0.000000
0.000000
0.098971
0.220776
0.315167
0.401926
0.482953
0.556620
0.620822
0.673659
0.692848
0.688359
0.670234
0.644919
0.616486
0.587444
0.559285
0.532845
0.508536
0.486508
0.406254
0.312602
0.219408
0.131704
0.052461
0.000000
0.000000
-0.106947
-0.226107
-0.319956
-0.406483
-0.487226
-0.560489
-0.624168
-0.676382
-0.693594
-0.687920
-0.669121
-0.643460
-0.614886
-0.585831
-0.557734
-0.531395
-0.507207
-0.483978
-0.401215
-0.307121
-0.214049
-0.126708
-0.047987
0.000000
0.000000
0.114974
0.231433
0.324716
0.410997
0.491444
0.564294
0.627445
0.679032
0.694298
0.687457
0.667996
0.641997
0.613288
0.584222
0.556187
0.529951
0.505884
0.477889
0.394247
0.300256
0.207647
0.120984
0.043104
0.000000
0.000000
-0.124158
-0.237462
-0.330069
-0.416052
-0.496148
-0.568522
-0.631068
-0.680543
-0.694266
-0.686525
-0.666580
-0.640357
-0.611588
-0.582559
-0.554617
-0.528502
-0.504568
-0.471817
-0.387303
-0.293418
-0.201277
-0.115296
-0.038258
0.000000
0.000000
0.133516
0.243677
0.335638
0.421353
0.501125
0.573039
0.634992
0.682038
0.694280
0.685673
0.665258
0.638818
0.609987
0.580991
0.553134
0.527133
0.503323
0.466041
0.380714
0.286952
0.195276
0.109959
0.033735
0.000000
0.000000
-0.142403
-0.249607
-0.340968
-0.426439
-0.505910
-0.577395
-0.638788
-0.683507
-0.694327
-0.684888
-0.664020
-0.637368
-0.608476
-0.579508
-0.551732
-0.525836
-0.502145
-0.460502
-0.374396
-0.280756
-0.189529
-0.104854
-0.029415
0.000000
0.000000
0.150893
0.255268
0.346056
0.431292
0.510475
0.581548
0.642406
0.684902
0.694364
0.684131
0.662831
0.635978
0.607028
0.578088
0.550388
0.524595
0.501016
0.455194
0.368342
0.274817
0.184020
0.099958
0.025270
0.000000
-0.002816
-0.158944
-0.261010
-0.351272
-0.436220
-0.515042
-0.585627
-0.645876
-0.686134
-0.694237
-0.683214
-0.661493
-0.634451
-0.605455
-0.576556
-0.548945
-0.523266
-0.499810
-0.449860
-0.362266
-0.268853
-0.178481
-0.095028
-0.021087
0.000000
0.014973
0.166695
0.267766
0.357573
0.442021
0.520192
0.589976
0.649299
0.686977
0.693537
0.681643
0.659481
0.632267
0.603264
0.574453
0.546985
0.521472
0.498189
0.444732
0.356452
0.263082
0.173036
0.090087
0.016789
0.000000
-0.027211
-0.174487
-0.274547
-0.363888
-0.447826
-0.525337
-0.594311
-0.652699
-0.687798
-0.692817
-0.680054
-0.657452
-0.630067
-0.601059
-0.572339
-0.545014
-0.519668
-0.496561
-0.439802
-0.350867
-0.257530
-0.167788
-0.085313
-0.012624
0.000000
0.038882
0.181871
0.280943
0.369822
0.453258
0.530128
0.598321
0.655812
0.688489
0.692063
0.678489
0.655480
0.627942
0.598934
0.570306
0.543120
0.517938
0.494999
0.435056
0.345486
0.252177
0.162722
0.080701
0.008594
0.000000
-0.050102
-0.188955
-0.287069
-0.375499
-0.458449
-0.534700
-0.602140
-0.658770
-0.689131
-0.691326
-0.676978
-0.653581
-0.625897
-0.596892
-0.568352
-0.541302
-0.516276
-0.493499
-0.430512
-0.340335
-0.247051
-0.157872
-0.076284
-0.004735
0.000000
0.060855
0.195747
0.292945
0.380945
0.463430
0.539088
0.605808
0.661612
0.689753
0.690624
0.675533
0.651764
0.623941
0.594937
0.566482
0.539561
0.514684
0.492063
0.426055
0.335282
0.242031
0.153130
0.071975
0.000981
0.000000
-0.071435
-0.202451
-0.298757
-0.386339
-0.468370
-0.543445
-0.609456
-0.664445
-0.690374
-0.689927
-0.674095
-0.649955
-0.621993
-0.592991
-0.564619
-0.537827
-0.513099
-0.490633
-0.421155
-0.329717
-0.236521
-0.147950
-0.067295
0.000000
0.000000
0.080713
0.208585
0.304226
0.391519
0.473203
0.547798
0.613197
0.667462
0.691164
0.689383
0.672796
0.648270
0.620154
0.591141
0.562842
0.536167
0.511580
0.489260
0.416176
0.324004
0.230815
0.142541
0.062363
0.000000
0.000000
-0.089415
-0.214390
-0.309433
-0.396469
-0.477838
-0.551990
-0.616816
-0.670400
-0.691954
-0.688885
-0.671567
-0.646666
-0.618400
-0.589374
-0.561143
-0.534580
-0.510126
-0.487946
-0.411426
-0.318545
-0.225353
-0.137351
-0.057621
0.000000
0.000000
0.097803
0.219995
0.314466
0.401259
0.482328
0.556054
0.620332
0.673260
0.692738
0.688423
0.670397
0.645133
0.616719
0.587679
0.559512
0.533057
0.508730
0.486684
0.406885
0.313328
0.220134
0.132393
0.053091
0.000000
0.000000
-0.105830
-0.225361
-0.319286
-0.405845
-0.486628
-0.559948
-0.623700
-0.676001
-0.693490
-0.687981
-0.669277
-0.643664
-0.615110
-0.586057
-0.557951
-0.531598
-0.507393
-0.484823
-0.402184
-0.308077
-0.214942
-0.127507
-0.048671
0.000000
0.000000
0.113708
0.230606
0.323985
0.410310
0.490806
0.563724
0.626959
0.678645
0.694203
0.687536
0.668175
0.642225
0.613536
0.584471
0.556426
0.530173
0.506088
0.478852
0.395348
0.301336
0.208651
0.121877
0.043862
0.000000
0.000000
-0.122681
-0.236480
-0.329189
-0.415216
-0.495364
-0.567811
-0.630452
-0.680314
-0.694274
-0.686671
-0.666799
-0.640610
-0.611850
-0.582816
-0.554859
-0.528725
-0.504771
-0.472758
-0.388378
-0.294476
-0.202262
-0.116174
-0.039005
0.000000
0.000000
0.132067
0.242714
0.334774
0.420530
0.500352
0.572337
0.634381
0.681804
0.694276
0.685803
0.665461
0.639055
0.610234
0.581233
0.553363
0.527344
0.503515
0.466935
0.381734
0.287953
0.196204
0.110784
0.034434
0.000000
0.000000
-0.141028
-0.248689
-0.340143
-0.425652
-0.505169
-0.576720
-0.638200
-0.683280
-0.694319
-0.685009
-0.664212
-0.637593
-0.608710
-0.579738
-0.551949
-0.526037
-0.502327
-0.461360
-0.375375
-0.281716
-0.190420
-0.105645
-0.030084
0.000000
0.000000
0.149578
0.254391
0.345268
0.430540
0.509768
0.580905
0.641845
0.684686
0.694359
0.684248
0.663016
0.636194
0.607252
0.578308
0.550596
0.524787
0.501191
0.456017
0.369280
0.275737
0.184874
0.100717
0.025912
0.000000
-0.000938
-0.157743
-0.259961
-0.350292
-0.435316
-0.514238
-0.584946
-0.645339
-0.685998
-0.694341
-0.683454
-0.661803
-0.634788
-0.605794
-0.576880
-0.549248
-0.523543
-0.500060
-0.450815
-0.363350
-0.269919
-0.179474
-0.095916
-0.021845
0.000000
0.012812
0.165329
0.266582
0.356474
0.441014
0.519303
0.589231
0.648719
0.686846
0.693673
0.681930
0.659843
0.632658
0.603655
0.574828
0.547334
0.521791
0.498477
0.445609
0.357445
0.264070
0.173971
0.090939
0.017533
0.000000
-0.025109
-0.173150
-0.273385
-0.362807
-0.446833
-0.524458
-0.593571
-0.652120
-0.687661
-0.692943
-0.680329
-0.657801
-0.630446
-0.601438
-0.572702
-0.545352
-0.519978
-0.496841
-0.440649
-0.351826
-0.258484
-0.168690
-0.086134
-0.013340
0.000000
0.036882
0.180607
0.279848
0.368807
0.452330
0.529310
0.597637
0.655283
0.688373
0.692194
0.678758
0.655818
0.628306
0.599298
0.570654
0.543445
0.518234
0.495267
0.435870
0.346409
0.253095
0.163591
0.081492
0.009285
0.000000
-0.048178
-0.187740
-0.286019
-0.374526
-0.457559
-0.533916
-0.601485
-0.658263
-0.689021
-0.691452
-0.677237
-0.653906
-0.626248
-0.597242
-0.568687
-0.541614
-0.516561
-0.493756
-0.431291
-0.341217
-0.247930
-0.158703
-0.077041
-0.005397
0.000000
0.059012
0.194583
0.291938
0.380012
0.462577
0.538336
0.605179
0.661125
0.689646
0.690744
0.675781
0.652075
0.624276
0.595272
0.566802
0.539859
0.514957
0.492309
0.426897
0.336237
0.242975
0.154016
0.072774
0.001670
0.000000
-0.069407
-0.201150
-0.297620
-0.385279
-0.467395
-0.542581
-0.608728
-0.663875
-0.690247
-0.690065
-0.674382
-0.650317
-0.622382
-0.593380
-0.564992
-0.538174
-0.513417
-0.490919
-0.422138
-0.330840
-0.237640
-0.149010
-0.068261
0.000000
0.000000
0.078998
0.207439
0.303197
0.390540
0.472285
0.546968
0.612478
0.666877
0.691004
0.689478
0.673035
0.648583
0.620497
0.591487
0.563175
0.536479
0.511865
0.489518
0.417119
0.325087
0.231898
0.143569
0.063301
0.000000
0.000000
-0.087761
-0.213286
-0.308443
-0.395527
-0.476956
-0.551192
-0.616127
-0.669841
-0.691803
-0.688979
-0.671800
-0.646971
-0.618733
-0.589710
-0.561466
-0.534882
-0.510402
-0.488195
-0.412326
-0.319579
-0.226388
-0.138335
-0.058520
0.000000
0.000000
0.096212
0.218931
0.313511
0.400349
0.481475
0.555282
0.619664
0.672717
0.692589
0.688510
0.670618
0.645423
0.617038
0.588001
0.559821
0.533346
0.508995
0.486923
0.407747
0.314317
0.221123
0.133333
0.053950
0.000000
0.000000
-0.104308
-0.224344
-0.318372
-0.404976
-0.485813
-0.559210
-0.623061
-0.675482
-0.693348
-0.688065
-0.669489
-0.643943
-0.615415
-0.586364
-0.558247
-0.531875
-0.507646
-0.485704
-0.403359
-0.309276
-0.216080
-0.128542
-0.049572
0.000000
0.000000
0.112061
0.229525
0.323025
0.409404
0.489963
0.562967
0.626311
0.678126
0.694071
0.687637
0.668406
0.642524
0.613860
0.584797
0.556739
0.530465
0.506355
0.480104
0.396778
0.302743
0.209959
0.123044
0.044854
0.000000
0.000000
-0.120773
-0.235218
-0.328062
-0.414147
-0.494365
-0.566908
-0.629673
-0.680032
-0.694294
-0.686866
-0.667089
-0.640943
-0.612193
-0.583150
-0.555175
-0.529016
-0.505035
-0.473977
-0.389773
-0.295849
-0.203540
-0.117315
-0.039977
0.000000
0.000000
0.130188
0.241465
0.333654
0.419464
0.499350
0.571427
0.633590
0.681501
0.694270
0.685972
0.665724
0.639362
0.610554
0.581546
0.553659
0.527618
0.503764
0.468093
0.383054
0.289247
0.197405
0.111851
0.035338
0.000000
0.000000
-0.139249
-0.247501
-0.339075
-0.424632
-0.504210
-0.575847
-0.637438
-0.682985
-0.694310
-0.685166
-0.664459
-0.637883
-0.609013
-0.580034
-0.552230
-0.526297
-0.502563
-0.462471
-0.376642
-0.282959
-0.191572
-0.106668
-0.030951
0.000000
0.000000
0.147875
0.253256
0.344248
0.429567
0.508853
0.580072
0.641120
0.684407
0.694351
0.684400
0.663254
0.636473
0.607543
0.578593
0.550866
0.525036
0.501417
0.457081
0.370494
0.276928
0.185978
0.101698
0.026743
0.000000
0.000000
-0.156140
-0.258768
-0.349201
-0.434292
-0.513297
-0.584116
-0.644643
-0.685765
-0.694388
-0.683664
-0.662097
-0.635120
-0.606133
-0.577210
-0.549558
-0.523828
-0.500318
-0.451918
-0.364605
-0.271152
-0.180620
-0.096937
-0.022712
0.000000
0.010303
0.163731
0.265191
0.355178
0.439822
0.518246
0.588340
0.648020
0.686677
0.693821
0.682256
0.660260
0.633109
0.604108
0.575262
0.547738
0.522161
0.498812
0.446615
0.358587
0.265206
0.175047
0.091919
0.018390
0.000000
-0.022671
-0.171596
-0.272031
-0.361546
-0.445673
-0.523429
-0.592703
-0.651438
-0.687494
-0.693084
-0.680644
-0.658205
-0.630883
-0.601877
-0.573123
-0.545745
-0.520337
-0.497165
-0.441629
-0.352937
-0.259588
-0.169733
-0.087082
-0.014167
0.000000
0.034569
0.179146
0.278584
0.367636
0.451258
0.528365
0.596848
0.654671
0.688240
0.692346
0.679071
0.656211
0.628729
0.599720
0.571058
0.543821
0.518578
0.495577
0.436812
0.347478
0.254159
0.164598
0.082409
0.010087
0.000000
-0.045949
-0.186333
-0.284802
-0.373398
-0.456528
-0.533008
-0.600727
-0.657676
-0.688894
-0.691599
-0.677537
-0.654283
-0.626654
-0.597648
-0.569075
-0.541975
-0.516891
-0.494054
-0.432192
-0.342240
-0.248947
-0.159666
-0.077917
-0.006162
0.000000
0.056878
0.193234
0.290771
0.378931
0.461588
0.537464
0.604451
0.660561
0.689523
0.690884
0.676067
0.652436
0.624664
0.595660
0.567174
0.540205
0.515273
0.492594
0.427769
0.337225
0.243958
0.154945
0.073619
0.002407
0.000000
-0.067342
-0.199844
-0.296490
-0.384231
-0.466436
-0.541735
-0.608021
-0.663327
-0.690128
-0.690201
-0.674661
-0.650667
-0.622760
-0.593757
-0.565353
-0.538510
-0.513724
-0.491196
-0.423087
-0.331917
-0.238705
-0.150010
-0.069163
0.000000
0.000000
0.077363
0.206343
0.302211
0.389600
0.471402
0.546167
0.611785
0.666311
0.690847
0.689566
0.673263
0.648883
0.620826
0.591819
0.563494
0.536777
0.512138
0.489765
0.418040
0.326145
0.232955
0.144571
0.064216
0.000000
0.000000
-0.086153
-0.212214
-0.307482
-0.394614
-0.476102
-0.550420
-0.615461
-0.669300
-0.691659
-0.689073
-0.672029
-0.647269
-0.619058
-0.590037
-0.561781
-0.535176
-0.510671
-0.488439
-0.413202
-0.320585
-0.227395
-0.139293
-0.059396
0.000000
0.000000
0.094661
0.217894
0.312579
0.399462
0.480644
0.554529
0.619012
0.672186
0.692442
0.688594
0.670834
0.645706
0.617348
0.588313
0.560122
0.533627
0.509252
0.487156
0.408584
0.315279
0.222086
0.134247
0.054785
0.000000
0.000000
-0.102828
-0.223354
-0.317483
-0.404130
-0.485020
-0.558492
-0.622440
-0.674976
-0.693209
-0.688147
-0.669696
-0.644214
-0.615712
-0.586664
-0.558535
-0.532144
-0.507893
-0.485927
-0.404162
-0.310199
-0.217003
-0.129420
-0.050374
0.000000
0.000000
0.110642
0.228576
0.322173
0.408593
0.489204
0.562280
0.625717
0.677642
0.693939
0.687715
